symbol,date,close,endDate,operatingCapitalPerShare,netAssetValuePerShare,schloss
603912.SS,20260924,9.39,20260630,inf,0.0,inf
600535.SS,20260924,13.68,20260630,94.63663534942125,210.5101668464349,6.917882700981086
002135.SZ,20260924,6.0,20260630,7.641497485620329,16.354796641630333,1.2735829142700548
002932.SZ,20260924,15.26,20260630,18.54374004983842,24.480354701717253,1.2151861107364625
603359.SS,20260924,2.15,20260630,2.5506397048150693,3.2250586978345144,1.1863440487511951
600339.SS,20260924,3.23,20260630,3.3939485027799297,4.845585243900859,1.050758050396263
688075.SS,20260924,29.82,20260630,31.22618763643309,39.73341399306607,1.0471558563525516
600512.SS,20260924,2.05,20260630,2.1266424287442494,4.339730657466721,1.037386550606951
601163.SS,20260924,12.21,20260630,12.4654922075,17.46057318875,1.0209248327190827
002462.SZ,20260924,12.24,20260630,12.463366662168315,15.54920608183936,1.018248910307869
000965.SZ,20260924,3.31,20260630,3.170623586774542,4.954147142928531,0.9578923222883812
000718.SZ,20260924,2.04,20260630,1.8921088018248968,3.0997623782244186,0.9275043146200475
000897.SZ,20260924,1.88,20260630,1.6433335339699533,1.8789663851758216,0.8741135818989114
600861.SS,20260924,12.71,20260630,10.883572758738127,12.599588289058715,0.8562999810179486
000028.SZ,20260924,19.5,20260630,16.646721164930376,30.82760146528908,0.853678008457968
600439.SS,20260924,1.86,20260630,1.5784126444200584,2.2231934652506453,0.8486089486129346
603900.SS,20260924,6.36,20260630,5.222044945922144,5.737929699430628,0.8210762493588276
603368.SS,20260924,15.17,20260630,12.417425002867805,19.839150917526013,0.818551417459974
000910.SZ,20260924,7.6,20260630,6.160774211163663,11.145362308964463,0.8106281856794294
600373.SS,20260924,7.48,20260630,6.056146280076137,13.19894144018227,0.8096452246091093
603018.SS,20260924,5.15,20260630,4.138111840234649,6.59693203299336,0.8035168621814852
600051.SS,20260924,6.22,20260630,4.976646869741361,9.702948801870017,0.8001039983507012
603357.SS,20260924,5.95,20260630,4.732247211159862,6.958049332273976,0.7953356657411533
600496.SS,20260924,3.36,20260630,2.6701345275243606,4.639349445401511,0.7946828950965359
002566.SZ,20260924,6.96,20260630,5.413248048959425,6.74378296101303,0.7777655242757795
002500.SZ,20260924,5.14,20260630,3.9580603893510107,5.207765478453162,0.7700506594068115
002441.SZ,20260924,8.16,20260630,6.283088141063832,8.148382804727767,0.7699862917970383
601801.SS,20260924,5.53,20260630,4.214818936462986,6.087633881495706,0.7621734062320048
002375.SZ,20260924,3.85,20260630,2.9071250280694376,6.432905325438552,0.7550974098881656
600528.SS,20260924,6.74,20260630,5.0697197674078955,11.4961566222247,0.7521839417519133
688560.SS,20260924,12.8,20260630,9.622180512577414,13.576858251068291,0.7517328525451104
600551.SS,20260924,7.77,20260630,5.712288683569496,8.841017437815234,0.7351722887476829
600612.SS,20260924,31.37,20260630,22.958667744570548,25.311198084856468,0.7318669985518185
600511.SS,20260924,25.73,20260630,18.723606521260482,24.9284905540704,0.7276955507679939
688317.SS,20260924,18.75,20260630,13.57071772154367,17.82889390243445,0.7237716118156624
300800.SZ,20260924,10.55,20260630,7.508232221766253,8.844806057500131,0.7116807793143367
300826.SZ,20260924,15.37,20260630,10.91557549831386,15.93748667852696,0.7101870851212662
600987.SS,20260924,6.31,20260630,4.471216409416835,6.605131004469586,0.7085921409535396
002394.SZ,20260924,10.23,20260630,7.197110695088044,12.86178578004325,0.7035298822177951
688232.SS,20260924,17.45,20260630,12.146771558451993,16.524314324890096,0.6960900606562748
603599.SS,20260924,10.35,20260630,7.137783728177729,11.225886372126483,0.6896409399205536
002081.SZ,20260924,4.97,20260630,3.3886810524364663,5.15700852808533,0.6818271735284641
002233.SZ,20260924,6.73,20260630,4.545615140803476,10.030591554239972,0.6754257267167126
603367.SS,20260924,14.28,20260630,9.572039624623722,14.095518572288936,0.6703108980828937
600713.SS,20260924,4.92,20260630,3.2381953368315815,5.621985604292179,0.658169783908858
600335.SS,20260924,5.12,20260630,3.3225332339034637,7.813242191132182,0.6489322722467702
600278.SS,20260924,6.55,20260630,4.242019182773451,9.76363096363087,0.6476365164539619
000797.SZ,20260924,2.78,20260630,1.7777328946683961,2.7241953315729983,0.6394722642692073
002546.SZ,20260924,7.37,20260630,4.7121650989715835,4.973115517890328,0.6393711124791837
000726.SZ,20260924,6.07,20260630,3.841898478905995,12.083137490028491,0.6329322041031292
002398.SZ,20260924,4.27,20260630,2.6432008181486126,5.151400208195146,0.6190165850465136
603187.SS,20260924,10.65,20260630,6.590296627266405,11.284479711612455,0.6188071950484888
688606.SS,20260924,46.82,20260630,28.846039189418825,46.53803265278363,0.616105065985024
605336.SS,20260924,11.63,20260630,7.088114105667309,9.82266159685452,0.6094681088277994
600218.SS,20260924,7.87,20260630,4.776344979072413,7.507600225242466,0.6069053340625684
603218.SS,20260924,9.31,20260630,5.634733089349467,10.885933503219622,0.6052344886519299
601098.SS,20260924,10.18,20260630,6.143477232182628,9.072402961581291,0.6034849933381756
002722.SZ,20260924,13.28,20260630,7.912852153129238,13.470605760340815,0.5958473006874426
603111.SS,20260924,6.09,20260630,3.5528809603842664,4.410747776990186,0.5833958884046414
600720.SS,20260924,5.1,20260630,2.9691665838289025,6.943456884960901,0.5821895262409613
600854.SS,20260924,4.73,20260630,2.7484500505023943,4.738232418849953,0.5810676639539946
300771.SZ,20260924,11.43,20260630,6.586062858375008,8.018494951155041,0.5762084740485571
603202.SS,20260924,51.78,20260630,29.8069113,42.51498571875,0.5756452549246813
605377.SS,20260924,8.06,20260630,4.635203473809383,7.043049355026807,0.5750872796289557
300294.SZ,20260924,14.45,20260630,8.297686734121285,14.75827209110437,0.5742343760637568
600517.SS,20260924,4.84,20260630,2.7791612446944023,4.18224162527199,0.5742068687385129
603878.SS,20260924,4.86,20260630,2.7887600579428566,5.030733511958847,0.5738189419635508
600037.SS,20260924,7.07,20260630,4.04082059911528,8.93417937307645,0.5715446391959378
688063.SS,20260924,40.51,20260630,23.100167629949865,38.69808325052162,0.570233710934334
002390.SZ,20260924,2.91,20260630,1.6407787048577394,3.552339867342825,0.5638414793325565
002304.SZ,20260924,37.47,20260630,21.106332276406647,31.31961577511853,0.5632861562958806
002521.SZ,20260924,6.28,20260630,3.534904283190049,6.979847811566605,0.5628828476417275
002658.SZ,20260924,7.32,20260630,4.101401632645181,4.917770513743787,0.5603007694870465
300732.SZ,20260924,5.74,20260630,3.211867699550749,7.453658312652746,0.5595588326743465
000779.SZ,20260924,8.58,20260630,4.7828596024504915,8.637485294283806,0.5574428441084489
002393.SZ,20260924,13.82,20260630,7.695683861380433,14.947410763870906,0.556851220070943
000639.SZ,20260924,1.53,20260630,0.8516337116461657,1.646487780179559,0.5566233409452064
603613.SS,20260924,19.66,20260630,10.942654525475252,13.615220823933877,0.5565948385287514
601921.SS,20260924,7.54,20260630,4.194276772832003,6.543476316409783,0.5562701290228121
002282.SZ,20260924,6.05,20260630,3.364846818250216,6.816421759412244,0.556173027809953
300360.SZ,20260924,11.12,20260630,6.147345137925527,8.126078524183042,0.5528188073674035
600382.SS,20260924,5.64,20260630,3.0961419237857695,4.832329756680087,0.548961334004569
000631.SZ,20260924,3.0,20260630,1.646313275047265,2.881994467345554,0.5487710916824217
600503.SS,20260924,2.65,20260630,1.453282608641382,2.147034164851556,0.5484085315627857
002454.SZ,20260924,5.14,20260630,2.817521577528519,6.395510443284275,0.5481559489355096
300160.SZ,20260924,4.46,20260630,2.4339479268761406,3.418476820896632,0.5457282347255921
603385.SS,20260924,5.69,20260630,3.1022923911052667,9.115473301123492,0.5452183464156883
603365.SS,20260924,16.08,20260630,8.76008147624393,12.112766354857586,0.5447811863335777
688569.SS,20260924,18.75,20260630,10.199860495275239,14.15218713731216,0.5439925597480127
002116.SZ,20260924,7.11,20260630,3.8642888229048418,5.037082188558722,0.5435005376800058
603856.SS,20260924,11.72,20260630,6.354031230055345,9.946495967043449,0.5421528353289543
300724.SZ,20260924,54.35,20260630,29.25899262155724,38.259376991300776,0.5383439304794341
000863.SZ,20260924,4.52,20260630,2.4128244656921867,3.673553831086377,0.5338107224982714
605050.SS,20260924,10.06,20260630,5.34709640702059,9.0789883462684,0.5315205175964801
603586.SS,20260924,13.65,20260630,7.191084625272848,11.46584888008219,0.5268193864668753
000733.SZ,20260924,40.9,20260630,21.47949768633124,28.476487578038206,0.5251710925753359
601002.SS,20260924,5.22,20260630,2.7295428070168675,4.656132992733168,0.5229009208844574
000411.SZ,20260924,10.42,20260630,5.446482059777723,9.882759687703627,0.5226950153337546
603511.SS,20260924,12.77,20260630,6.67179079733209,10.94837160625599,0.5224581673713461
600901.SS,20260924,6.79,20260630,3.545246635668286,4.449675100007743,0.5221276341190406
002649.SZ,20260924,9.14,20260630,4.745126169556496,7.053064257547383,0.5191604124241243
603096.SS,20260924,15.96,20260630,8.264756316973289,11.744477316584891,0.5178418744970732
605136.SS,20260924,8.46,20260630,4.367304357380353,6.056165352964165,0.516229829477583
001338.SZ,20260924,9.1,20260630,4.6897175308942645,7.247776145246836,0.5153535748235456
688633.SS,20260924,22.37,20260630,11.526026628723063,15.4780915064412,0.5152448202379554
600420.SS,20260924,8.22,20260630,4.228095450962254,10.279170567096516,0.5143668431827559
600916.SS,20260924,7.24,20260630,3.716774100595238,4.263768911309524,0.5133665884800053
000650.SZ,20260924,5.13,20260630,2.6334557075793663,4.739226527023266,0.5133441925105977
300923.SZ,20260924,24.14,20260630,12.390775682506376,15.920423408399152,0.5132881392918963
603589.SS,20260924,17.58,20260630,9.010740496442674,17.543608052821313,0.512556342232234
300150.SZ,20260924,4.17,20260630,2.1363916038653596,2.690942669157449,0.5123241256271845
688298.SS,20260924,19.18,20260630,9.809687166004784,30.04843348035802,0.511453971115995
603776.SS,20260924,21.15,20260630,10.746745649997653,13.300576279141172,0.5081203617020167
002666.SZ,20260924,4.24,20260630,2.149259465321588,4.55065532006005,0.5069008172928273
600864.SS,20260924,5.7,20260630,2.8848270252334443,6.367139331571419,0.50611000442692
002507.SZ,20260924,11.04,20260630,5.571777688026824,7.717457440176643,0.5046900079734442
601999.SS,20260924,6.76,20260630,3.406040981680023,6.532741940469968,0.5038522162248555
600057.SS,20260924,6.1,20260630,3.068269124345166,8.101281699960444,0.5029949384172404
603680.SS,20260924,9.99,20260630,5.019687445939017,7.767337683677856,0.5024712158097113
301006.SZ,20260924,13.91,20260630,6.941588930059669,9.471932937643622,0.49903586844426084
002029.SZ,20260924,9.26,20260630,4.569805184281819,9.892668617065215,0.4934994799440409
300755.SZ,20260924,11.38,20260630,5.610962123691171,6.56945604575759,0.49305466816266874
600082.SS,20260924,3.31,20260630,1.6288395309345072,2.596369071322296,0.49209653502553086
600757.SS,20260924,7.38,20260630,3.6168123665061787,8.230032732831594,0.49008297649135213
002406.SZ,20260924,6.45,20260630,3.148165098223783,5.415238112842583,0.4880876121277183
600249.SS,20260924,5.36,20260630,2.59638965180173,3.9403575289380215,0.48440105444062126
603948.SS,20260924,19.34,20260630,9.311634997817391,12.547643839286437,0.48147026875994786
300213.SZ,20260924,6.45,20260630,3.102446810345994,5.455451029567514,0.48099950547999903
002337.SZ,20260924,4.79,20260630,2.300553262530539,2.779334361597769,0.4802825182735989
300443.SZ,20260924,19.95,20260630,9.542522613122944,20.022471560314045,0.47832193549488444
002478.SZ,20260924,6.72,20260630,3.212901243336268,6.691631544052309,0.47811030406789706
002712.SZ,20260924,4.96,20260630,2.3415208333178006,2.5488895976986874,0.47208081316891143
688105.SS,20260924,26.57,20260630,12.537999138579963,19.22591886361877,0.4718855528257419
301199.SZ,20260924,18.11,20260630,8.520169962930424,10.36281550922454,0.47046769535783683
002756.SZ,20260924,39.08,20260630,18.28576231755125,25.40175227002235,0.46790589348902895
600829.SS,20260924,9.62,20260630,4.486187664837257,5.340624664122413,0.46633967409950705
002236.SZ,20260924,15.54,20260630,7.24518728044927,11.959105403306983,0.4662282677251782
000014.SZ,20260924,10.64,20260630,4.9383452677773425,6.035576420278972,0.46413019433997577
603587.SS,20260924,12.29,20260630,5.6899097231193485,7.870183319299559,0.4629706853636574
002091.SZ,20260924,7.51,20260630,3.4516079141129854,9.924803200019968,0.45960158643315385
002869.SZ,20260924,16.81,20260630,7.724282272849484,11.579877462324813,0.45950519172215853
603020.SS,20260924,12.88,20260630,5.912536683697314,8.59627109765696,0.4590478791690461
300217.SZ,20260924,4.01,20260630,1.828463596326476,2.864750053542784,0.45597595918365985
600187.SS,20260924,1.27,20260630,0.5789323194587104,1.838057153152868,0.45585222004622866
600038.SS,20260924,26.83,20260630,12.20103924924184,21.434251022395035,0.4547536060097592
300860.SZ,20260924,29.3,20260630,13.319326410874961,14.304023414836996,0.45458451914249015
603869.SS,20260924,8.52,20260630,3.872518059820256,8.016579477973801,0.4545208990399362
001332.SZ,20260924,27.19,20260630,12.35796717867163,16.911585631537438,0.45450412573268223
600566.SS,20260924,24.41,20260630,11.061956688202919,14.86427630430143,0.4531731539616108
600764.SS,20260924,18.36,20260630,8.311502446086573,11.628700871089505,0.45269621166048873
603980.SS,20260924,8.09,20260630,3.659020849594904,5.384962360811388,0.4522893510006062
600271.SS,20260924,6.61,20260630,2.986244097728873,6.942656866044998,0.4517767167517206
600965.SS,20260924,2.69,20260630,1.2119215901290739,2.6750142753468475,0.450528472166942
688526.SS,20260924,12.18,20260630,5.4854221939771,8.690605696801681,0.4503630701130624
002026.SZ,20260924,11.38,20260630,5.11041958167441,8.936686190728198,0.44907026201005357
603192.SS,20260924,21.08,20260630,9.450520289428557,12.690971543490758,0.4483169017755483
600055.SS,20260924,10.52,20260630,4.688014140125623,6.2140065476462105,0.4456287205442608
603836.SS,20260924,9.5,20260630,4.232348426065793,6.186581760921733,0.4455103606385046
002255.SZ,20260924,7.52,20260630,3.3034757953411273,5.415261476866866,0.43929199406132013
001333.SZ,20260924,20.23,20260630,8.867612296875,13.6448117265625,0.4383397081994563
688236.SS,20260924,14.12,20260630,6.1859086144480315,7.851384272088788,0.4380955109382459
603036.SS,20260924,13.68,20260630,5.980143265227316,6.772779699040356,0.43714497552831255
601607.SS,20260924,16.02,20260630,6.9822317778037855,21.12737537489598,0.4358446802624086
300933.SZ,20260924,6.52,20260630,2.8413313248059144,4.4520056375869,0.43578701300704215
600223.SS,20260924,5.6,20260630,2.4359775874485226,4.187279086946183,0.43499599775866477
600449.SS,20260924,12.71,20260630,5.523311802478359,15.396250322278563,0.4345642645537654
002302.SZ,20260924,4.69,20260630,2.0361145645525522,6.148284448674087,0.43413956600267634
300230.SZ,20260924,4.35,20260630,1.8884056628141141,3.9115176524693696,0.4341162443250837
688057.SS,20260924,19.79,20260630,8.588202766738103,11.413405618472655,0.43396678962799917
600261.SS,20260924,3.35,20260630,1.4530822479742724,2.542481526534431,0.43375589491769323
002646.SZ,20260924,7.08,20260630,3.0679288450242175,5.95705448353018,0.43332328319551094
688425.SS,20260924,3.92,20260630,1.6947599141801335,3.49623550533543,0.43233671280105446
000517.SZ,20260924,2.0,20260630,0.8637156168078005,1.4183266116794295,0.43185780840390026
002133.SZ,20260924,2.83,20260630,1.216824783760285,3.755864488579675,0.42997342182342224
603909.SS,20260924,9.88,20260630,4.242841687058074,6.3284103507322005,0.42943741771842847
001237.SZ,20260924,50.56,20260630,21.70445917824877,27.245488378931285,0.42928123374700883
000573.SZ,20260924,3.78,20260630,1.6165155721812139,2.517912829466382,0.4276496222701624
001225.SZ,20260924,34.6,20260630,14.768129318066487,21.72376929853452,0.42682454676492737
002791.SZ,20260924,15.48,20260630,6.596093233606591,15.236917280480212,0.4261042140572733
688101.SS,20260924,14.54,20260630,6.187219768091199,13.546086222661556,0.42553093315620355
000928.SZ,20260924,5.29,20260630,2.249719821766246,5.913966507323954,0.4252778491051505
002065.SZ,20260924,6.56,20260630,2.785622757323693,3.912491785265237,0.42463761544568496
300407.SZ,20260924,10.58,20260630,4.491601471949591,6.574369905744109,0.4245370011294509
605305.SS,20260924,30.73,20260630,13.043402446828534,14.645340584415584,0.42445175551020287
601677.SS,20260924,16.14,20260630,6.8456184886850275,16.35601909110186,0.4241399311452929
600694.SS,20260924,14.34,20260630,6.064289054231171,23.526235800212586,0.42289323948613466
600459.SS,20260924,18.53,20260630,7.791238270507957,11.01078720586063,0.42046617757733173
003027.SZ,20260924,16.54,20260630,6.933570831464261,13.233149842687991,0.41920017118889125
002864.SZ,20260924,20.95,20260630,8.775224222232557,12.515686360576767,0.4188651180063273
300026.SZ,20260924,3.18,20260630,1.3306852042926174,2.8490816244169506,0.4184544667586847
600216.SS,20260924,12.33,20260630,5.126995095606428,12.125345436990177,0.41581468739711497
300965.SZ,20260924,43.09,20260630,17.91437475,19.978043566666667,0.415743206080297
002611.SZ,20260924,14.44,20260630,6.002658716122819,7.876377750863639,0.41569658698911494
002508.SZ,20260924,16.58,20260630,6.889349899792369,12.286637393942692,0.415521706863231
300462.SZ,20260924,11.49,20260630,4.765797841760196,7.490220118935048,0.41477788004875504
300326.SZ,20260924,6.24,20260630,2.5858529765865423,4.052924790526927,0.41439951547861253
603128.SS,20260924,5.3,20260630,2.189389739753497,4.984439966772577,0.4130924037270749
002073.SZ,20260924,5.67,20260630,2.3409952035798067,6.303830675389744,0.41287393361195884
605300.SS,20260924,10.19,20260630,4.199684682785324,6.368499623112075,0.4121378491447816
301129.SZ,20260924,24.16,20260630,9.90555061361085,13.800385855298698,0.4099979558613763
600495.SS,20260924,4.08,20260630,1.6725404225570362,2.7144658662819943,0.40993637807770494
002576.SZ,20260924,14.49,20260630,5.931672824570197,8.192704458907844,0.40936320390408537
002051.SZ,20260924,8.87,20260630,3.6281353856827403,11.005564326574529,0.40903442905104176
601222.SS,20260924,5.88,20260630,2.4046138441985003,7.540225587499291,0.4089479326868198
000715.SZ,20260924,5.3,20260630,2.166282694227536,3.7469815303579854,0.4087325838165163
688338.SS,20260924,31.8,20260630,12.991284673578356,16.402113412699347,0.4085309645779357
603970.SS,20260924,12.17,20260630,4.963190710937059,5.95168118451155,0.40782175110411334
600159.SS,20260924,2.73,20260630,1.1122583532301233,1.7339238770578669,0.4074206422088364
003023.SZ,20260924,25.73,20260630,10.477192619060276,14.756969962483955,0.40719753669103287
301491.SZ,20260924,37.05,20260630,15.054488224806201,16.850759906976744,0.4063289669313415
600094.SS,20260924,4.04,20260630,1.639554716540157,4.424142533780763,0.40583037538122696
000731.SZ,20260924,7.94,20260630,3.2092284365588433,6.924225923011287,0.4041849416320961
000570.SZ,20260924,5.28,20260630,2.1339644052646856,5.017963906197462,0.40415992523952377
002867.SZ,20260924,10.07,20260630,4.062751100177773,5.731700861828098,0.40345095334436676
603339.SS,20260924,12.3,20260630,4.9553679693725305,9.012524987988428,0.40287544466443337
600894.SS,20260924,7.77,20260630,3.116973124851753,10.249385417349192,0.401154842323263
002373.SZ,20260924,7.29,20260630,2.915933170657142,7.232186738590504,0.3999908327376052
001218.SZ,20260924,23.8,20260630,9.51473809949488,18.91164016946977,0.3997789117434823
000011.SZ,20260924,9.2,20260630,3.676221859809807,5.557485808579338,0.39958933258802254
002563.SZ,20260924,5.44,20260630,2.1712135469141094,4.254767939540672,0.3991201373003877
600583.SS,20260924,6.52,20260630,2.5909872693320155,6.526601981817881,0.3973906854803705
603062.SS,20260924,38.06,20260630,15.105131548957415,19.126781661418,0.3968768142132794
002809.SZ,20260924,8.49,20260630,3.3685900886026827,6.976657098213663,0.39677150631362573
688408.SS,20260924,22.7,20260630,9.002036125604324,18.012534754405877,0.39656546808829624
600053.SS,20260924,7.26,20260630,2.8742616277067263,5.000672179600478,0.3959038054692461
600616.SS,20260924,5.11,20260630,2.021602595018168,2.831023937864735,0.3956169461875084
301019.SZ,20260924,15.65,20260630,6.170070482995143,8.016488609786427,0.3942537049837152
300861.SZ,20260924,15.85,20260630,6.207964890949024,9.858117073224038,0.39166970920814037
600835.SS,20260924,18.77,20260630,7.347037100182937,14.346463472070813,0.3914244592532199
601949.SS,20260924,5.71,20260630,2.2324841753883753,5.286285479871817,0.39097796416609026
688613.SS,20260924,21.09,20260630,8.244115319263267,10.693579895639282,0.3909016272765892
301158.SZ,20260924,14.27,20260630,5.57783466099542,7.285022211405114,0.390878392501431
002746.SZ,20260924,6.19,20260630,2.4192319586332807,5.361959031275533,0.3908290724771051
605122.SS,20260924,12.39,20260630,4.8060931280968235,10.083515781473016,0.3879009788617291
002127.SZ,20260924,2.92,20260630,1.1323575003233024,1.5769789746521223,0.38779366449428165
002469.SZ,20260924,6.03,20260630,2.3365540499689432,3.944454064183046,0.38748823382569536
300259.SZ,20260924,4.33,20260630,1.6756139969490214,2.655844798249164,0.38697782839469314
002363.SZ,20260924,6.9,20260630,2.6688902910640384,5.309289140012715,0.386795694357107
002035.SZ,20260924,4.83,20260630,1.8669400213126373,4.61826916124758,0.38653002511648804
301058.SZ,20260924,8.5,20260630,3.2844674267871254,4.520469348445322,0.3864079325631912
603700.SS,20260924,11.87,20260630,4.558836403969603,8.0737638223748,0.38406372400754873
002443.SZ,20260924,12.93,20260630,4.964067950054373,6.901953945307333,0.38391863496166845
688009.SS,20260924,4.64,20260630,1.7777244351390709,4.437817964594107,0.3831302661937653
605080.SS,20260924,23.33,20260630,8.93609619457054,16.371907220255764,0.3830302698058526
600742.SS,20260924,7.79,20260630,2.9762580570078545,11.523639294680503,0.3820613680369518
605599.SS,20260924,13.49,20260630,5.152926941344944,5.686802886377061,0.38198124101889874
002154.SZ,20260924,3.84,20260630,1.4667036293535116,3.268336807235432,0.3819540701441437
300662.SZ,20260924,20.6,20260630,7.852704093773718,12.200316967400427,0.38119922785309307
600510.SS,20260924,6.67,20260630,2.538221979150268,10.04453109725955,0.3805430253598603
600262.SS,20260924,14.71,20260630,5.573805983551994,7.8514467089869076,0.3789127113223653
001233.SZ,20260924,45.35,20260630,17.173414130436573,26.0848342537108,0.37868608887401484
688080.SS,20260924,38.04,20260630,14.357595997574242,16.18404346837002,0.37743417448933336
605001.SS,20260924,5.84,20260630,2.2036730363764576,6.5974364214512855,0.3773412733521332
600529.SS,20260924,18.2,20260630,6.845578258520249,12.877389852918936,0.3761306735450687
600229.SS,20260924,5.82,20260630,2.1871210692441303,4.107963939168605,0.3757939981519124
601616.SS,20260924,3.77,20260630,1.4156965805403587,2.7289193351975074,0.37551633436083787
002449.SZ,20260924,6.59,20260630,2.4701798135413466,6.05252827691688,0.37483760448275366
001396.SZ,20260924,32.17,20260630,12.054105026026727,13.354001410033614,0.37470018731820726
300906.SZ,20260924,28.8,20260630,10.7616247375,11.6153423875,0.3736675256076389
002392.SZ,20260924,7.6,20260630,2.8311783294083117,5.06885326419112,0.3725234643958305
002301.SZ,20260924,8.91,20260630,3.3146568376224046,4.578141136112885,0.3720153577578456
000919.SZ,20260924,6.42,20260630,2.384251916817791,6.055238348792058,0.37137880324264655
603556.SS,20260924,22.68,20260630,8.414528594019046,14.145128155886049,0.37101096093558406
300171.SZ,20260924,15.93,20260630,5.896552070892569,10.477480489372727,0.3701539278651958
002440.SZ,20260924,12.79,20260630,4.7256541726914865,9.3752215456693,0.36948038879526873
300981.SZ,20260924,17.61,20260630,6.492360614201193,12.304965647108304,0.36867465157303764
300092.SZ,20260924,11.15,20260630,4.105197111931392,6.017152814300323,0.3681791131777033
688358.SS,20260924,29.0,20260630,10.669074070210195,12.415906054502624,0.36789910586931707
300079.SZ,20260924,4.79,20260630,1.755134575837662,2.8940617573208374,0.3664164041414743
300286.SZ,20260924,19.57,20260630,7.164738881174615,9.383217535446908,0.36610827190468137
300121.SZ,20260924,9.81,20260630,3.5878591911421625,8.293577472022541,0.3657348818697413
000400.SZ,20260924,20.19,20260630,7.381357467375946,12.219666558456431,0.3655947234955892
600416.SS,20260924,8.27,20260630,3.021885617656214,6.569856075067501,0.3654033394989376
600846.SS,20260924,10.83,20260630,3.940740533704704,6.926354844493975,0.36387262545749804
603458.SS,20260924,10.81,20260630,3.929042699925691,8.048985149225913,0.3634637095213405
601311.SS,20260924,7.3,20260630,2.650493567929106,8.463366474695183,0.36308131067522
002191.SZ,20260924,3.58,20260630,1.2976757352224977,4.407896651018752,0.36247925564874234
001220.SZ,20260924,31.78,20260630,11.502107964026438,16.738417379997834,0.36192913669057386
600197.SS,20260924,9.27,20260630,3.3481419739508187,8.369186211189724,0.3611803639644896
000548.SZ,20260924,4.58,20260630,1.652386280289508,4.129147045384746,0.36078303063089695
002933.SZ,20260924,27.73,20260630,9.998719778440563,13.29779833830422,0.36057409947495717
688285.SS,20260924,7.62,20260630,2.7472515055167053,4.564569866638971,0.36053169363736287
002960.SZ,20260924,8.78,20260630,3.1649207065022935,5.95227366581756,0.3604693287588034
000581.SZ,20260924,18.1,20260630,6.520767698203826,20.70918097874665,0.3602634087405428
000810.SZ,20260924,9.35,20260630,3.36554773464302,5.739355013989971,0.35995162937358505
001318.SZ,20260924,11.63,20260630,4.1854474633835705,5.09589423689238,0.35988370278448584
603711.SS,20260924,11.74,20260630,4.224327198048994,8.402238825346515,0.35982344106039127
000948.SZ,20260924,13.11,20260630,4.707646278628171,7.012953399371278,0.3590881982172518
603155.SS,20260924,15.25,20260630,5.472440101992864,7.10912692994134,0.3588485312782206
000006.SZ,20260924,7.21,20260630,2.5840779213962817,3.8825295340277006,0.35840193084553146
002984.SZ,20260924,12.93,20260630,4.621904299325177,13.055410154317787,0.35745586228346304
605259.SS,20260924,17.43,20260630,6.229708391963483,10.789953481939746,0.35741298863818033
002884.SZ,20260924,15.4,20260630,5.4870542411678285,6.3484570781737615,0.3563022234524564
688303.SS,20260924,15.83,20260630,5.625684267294815,17.52670803791445,0.3553811918695398
601718.SS,20260924,1.92,20260630,0.681834694437797,2.735644738015082,0.3551222366863526
000906.SZ,20260924,6.18,20260630,2.193248920133138,6.905632091417836,0.35489464727073433
600287.SS,20260924,4.97,20260630,1.763748549626387,5.027952783293561,0.3548789838282469
600125.SS,20260924,5.24,20260630,1.858647459169267,6.0622801024014095,0.35470371358192115
300792.SZ,20260924,24.33,20260630,8.621742498704222,12.548601486950032,0.3543667282656894
688330.SS,20260924,37.88,20260630,13.387852319026463,33.21111044209162,0.35342799152656973
600731.SS,20260924,5.89,20260630,2.0793491229292824,6.130550245057624,0.35303041136320584
000788.SZ,20260924,5.38,20260630,1.8972503992009564,2.5460666741416564,0.35264877308567966
300485.SZ,20260924,8.51,20260630,3.0007587388283676,6.668648518974958,0.3526155979821819
600573.SS,20260924,10.0,20260630,3.524867712,5.525450052,0.3524867712
000869.SZ,20260924,16.94,20260630,5.946750958159752,15.812335954984508,0.3510478723825119
600556.SS,20260924,4.54,20260630,1.5933337309257019,2.066106495853474,0.3509545662831942
603387.SS,20260924,9.82,20260630,3.4403227987473466,5.796219137725116,0.3503383705445363
300447.SZ,20260924,14.06,20260630,4.921376867225267,6.485917174700555,0.3500268042123234
603788.SS,20260924,13.74,20260630,4.807736816954235,9.152524997773297,0.349908065280512
300610.SZ,20260924,10.49,20260630,3.6696225662013706,5.689328511817589,0.3498210263299686
600372.SS,20260924,11.33,20260630,3.9567877396880315,7.9224858937033025,0.34923104498570445
605507.SS,20260924,18.1,20260630,6.319124974546188,15.164001952498507,0.3491229267705076
300617.SZ,20260924,35.32,20260630,12.29706903598617,18.422922973556613,0.34816163748545215
300641.SZ,20260924,13.42,20260630,4.664103000084808,6.058715141721217,0.34754865872465035
600708.SS,20260924,3.03,20260630,1.0530068152071206,2.5766630735298794,0.3475270017185217
688267.SS,20260924,22.29,20260630,7.742574231381767,12.76720116690296,0.34735640338186485
603344.SS,20260924,22.36,20260630,7.7392935650301355,11.211087918148715,0.3461222524610973
001325.SZ,20260924,36.57,20260630,12.65487056122449,23.07163201530612,0.3460451342965406
600076.SS,20260924,2.09,20260630,0.7225476776424922,2.595784511389504,0.34571659217344125
300075.SZ,20260924,10.14,20260630,3.505183357005938,5.151462768670936,0.3456788320518676
300193.SZ,20260924,7.92,20260630,2.7376890936469778,4.889387675444823,0.3456678148544164
603116.SS,20260924,7.16,20260630,2.4722601889351807,5.539643219117178,0.34528773588480177
601019.SS,20260924,6.75,20260630,2.3293760611433227,7.451337930902295,0.3450927497990108
603515.SS,20260924,14.6,20260630,5.033235670996834,8.646388521154824,0.34474216924635853
600834.SS,20260924,7.62,20260630,2.620507465084804,3.672701289580176,0.34389861746519734
002296.SZ,20260924,9.43,20260630,3.2365657471000877,6.398520738989473,0.34322012164369964
603917.SS,20260924,14.3,20260630,4.905048371271586,8.099477305729984,0.3430103756133976
600967.SS,20260924,12.97,20260630,4.4411802825328754,7.0427898861196745,0.34241945123615075
002773.SZ,20260924,20.42,20260630,6.978679958611061,10.00173583984986,0.3417570988546063
301586.SZ,20260924,29.57,20260630,10.105274890590298,15.285707505744195,0.34174078087894144
002416.SZ,20260924,9.06,20260630,3.0875368277616753,4.259127881523987,0.3407877293335182
603916.SS,20260924,10.52,20260630,3.582577265275329,10.370724785123713,0.34054916970297805
000757.SZ,20260924,4.3,20260630,1.461689627752177,3.08697477267459,0.33992782040748304
002144.SZ,20260924,10.9,20260630,3.700173998416678,12.139350122894824,0.33946550444189705
300296.SZ,20260924,4.8,20260630,1.6291697353578118,2.8749266575347074,0.33941036153287746
002016.SZ,20260924,4.67,20260630,1.5831363763931432,6.121079395470027,0.33900136539467735
603189.SS,20260924,9.63,20260630,3.2599194455609393,5.368952790382161,0.33851707638223666
688032.SS,20260924,68.73,20260630,23.26383601264168,44.66156084640706,0.33848153663089886
688393.SS,20260924,22.21,20260630,7.5087557215007745,18.56446670466633,0.3380799514408273
600241.SS,20260924,7.31,20260630,2.467136459416882,3.4742328270389766,0.3375015676356884
688501.SS,20260924,15.4,20260630,5.193848988205532,14.859608896164673,0.3372629213120475
300470.SZ,20260924,27.62,20260630,9.312033204102342,13.993026637481686,0.33714819710725347
301151.SZ,20260924,21.48,20260630,7.239124382189544,12.182870060548828,0.3370169637890849
000555.SZ,20260924,9.99,20260630,3.362330728089865,5.641409330961446,0.33656964245143794
601717.SS,20260924,13.4,20260630,4.509238198857358,13.559582208639108,0.33651031334756404
600167.SS,20260924,5.51,20260630,1.8538449218156292,5.221273075114015,0.336450983995577
002404.SZ,20260924,5.88,20260630,1.9731446074174805,3.48347940533566,0.33556881078528583
000858.SZ,20260924,69.67,20260630,23.327242185033572,30.523443595381806,0.3348247765901187
300133.SZ,20260924,7.47,20260630,2.4994378121507563,3.997879817673279,0.33459676200143995
603727.SS,20260924,18.24,20260630,6.101629268556167,11.1341773863629,0.3345191484954039
600356.SS,20260924,10.64,20260630,3.558756728200567,10.07583046281967,0.33446961731208336
300778.SZ,20260924,10.85,20260630,3.624203194104801,5.937069229843728,0.33402794415712456
002399.SZ,20260924,9.58,20260630,3.19925461621381,8.13322085511236,0.33395142131668165
603999.SS,20260924,6.53,20260630,2.1803567708333333,3.6431138333333335,0.3338984335119959
603396.SS,20260924,35.64,20260630,11.882688639869865,18.20939506717261,0.3334087721624541
603231.SS,20260924,17.16,20260630,5.7171315461858025,10.466885834444907,0.33316617402015164
002225.SZ,20260924,3.44,20260630,1.1450843424974868,3.5511391433016617,0.3328733553771764
688169.SS,20260924,114.6,20260630,38.120190827401096,56.46591299257012,0.3326369182146693
002090.SZ,20260924,9.02,20260630,2.999826677548401,3.901023179132487,0.3325750196838582
603041.SS,20260924,11.71,20260630,3.8843745215058965,8.445505969025646,0.3317143058502046
603969.SS,20260924,7.38,20260630,2.445482822159817,3.505925752609566,0.33136623606501586
688687.SS,20260924,18.29,20260630,6.055306519866961,10.185969854223476,0.3310719803098393
605566.SS,20260924,32.82,20260630,10.820320721907029,15.2043305639691,0.329686798351829
000927.SZ,20260924,2.43,20260630,0.8006831149789315,1.6132883429912557,0.32949922427116524
002737.SZ,20260924,11.24,20260630,3.6992466643835615,6.7080060907534245,0.3291144719202457
600970.SS,20260924,7.68,20260630,2.5205551240924464,8.608329295122507,0.32819728178287066
300789.SZ,20260924,16.39,20260630,5.378460989309228,7.077579677147173,0.3281550329047729
300371.SZ,20260924,10.2,20260630,3.3459406279103248,5.782876003561308,0.32803339489316913
603165.SS,20260924,13.44,20260630,4.404895292978322,8.018104967234892,0.3277451854894585
601518.SS,20260924,2.76,20260630,0.9038355329111614,3.010601004155097,0.32747664235911644
300004.SZ,20260924,7.86,20260630,2.573664401248952,3.687522682333776,0.32743821898841624
300639.SZ,20260924,6.22,20260630,2.0365375713634064,5.936393604817397,0.3274176159748242
301211.SZ,20260924,12.23,20260630,4.001589039750958,5.455718735632184,0.3271945249183122
003005.SZ,20260924,14.85,20260630,4.857393191277949,7.559469557751016,0.3270971845978417
002968.SZ,20260924,9.75,20260630,3.183645370000792,5.70139379611134,0.3265277302564915
000913.SZ,20260924,10.54,20260630,3.436679581979333,9.888217490083692,0.3260606814022138
603579.SS,20260924,18.33,20260630,5.972521718145113,13.908460400863856,0.3258331542905135
000821.SZ,20260924,7.45,20260630,2.427151850521323,6.767694899539052,0.3257921947008487
603707.SS,20260924,7.7,20260630,2.5080591691399707,4.298968303597955,0.325721970018178
003008.SZ,20260924,19.75,20260630,6.422252076923077,10.024348134615384,0.32517732035053554
002700.SZ,20260924,6.36,20260630,2.061151292192528,3.4353598075044136,0.3240803918541711
300482.SZ,20260924,16.41,20260630,5.317340361819371,11.67185995817572,0.32403049127479405
600850.SS,20260924,13.86,20260630,4.48205202438083,5.925984937228315,0.3233803769394539
603345.SS,20260924,76.93,20260630,24.875125156554084,47.67681947725509,0.32334752575788483
600060.SS,20260924,27.1,20260630,8.760300265357213,16.94449589423991,0.3232583123748049
301168.SZ,20260924,39.82,20260630,12.856819036125952,28.31579386294756,0.32287340623118915
300504.SZ,20260924,18.64,20260630,6.005100315993479,8.183447519778465,0.3221620341198218
688511.SS,20260924,23.06,20260630,7.422482703981671,8.75168908921555,0.321876960276742
603697.SS,20260924,9.07,20260630,2.913299398858662,4.242694827623399,0.3212016977793453
000713.SZ,20260924,6.35,20260630,2.038460479855444,3.87506981068718,0.32101739840243215
000676.SZ,20260924,6.8,20260630,2.1825631827911427,3.439862686001615,0.32096517393987395
300146.SZ,20260924,9.31,20260630,2.9806525135714232,6.491533679298057,0.32015601649531933
002537.SZ,20260924,5.62,20260630,1.796843636671936,4.1291697273490895,0.31972306702347614
300512.SZ,20260924,7.62,20260630,2.4360825292039636,4.016243759254587,0.31969586997427346
601566.SS,20260924,9.67,20260630,3.0877861412197243,6.534633733652619,0.31931604355943377
002041.SZ,20260924,9.94,20260630,3.173592963636364,4.216267314772727,0.31927494603987566
600841.SS,20260924,5.63,20260630,1.7949577657543252,4.473630738601646,0.318820207061159
603839.SS,20260924,6.9,20260630,2.196748099950338,4.460061087882109,0.3183692898478751
603258.SS,20260924,13.92,20260630,4.429051272888671,7.85422195355792,0.3181789707534965
600444.SS,20260924,14.4,20260630,4.576665038131036,5.215063642241792,0.317823960981322
301181.SZ,20260924,26.39,20260630,8.377226928970066,9.625613528611469,0.31743944406858904
300768.SZ,20260924,15.06,20260630,4.776821931577736,5.539366083063675,0.3171860512335814
300130.SZ,20260924,17.9,20260630,5.677265613852731,7.96945413711655,0.3171656767515492
300306.SZ,20260924,10.54,20260630,3.336805932394592,5.3864850062636735,0.3165850030734907
300228.SZ,20260924,6.58,20260630,2.0771127052657654,4.111421206285,0.31567062390057227
002671.SZ,20260924,4.03,20260630,1.2718982299634902,2.9496704121319417,0.3156075012316353
601388.SS,20260924,3.15,20260630,0.9940037495962198,2.1404681297350434,0.31555674590356186
002523.SZ,20260924,3.38,20260630,1.0662066763854323,1.7972509940416794,0.3154457622442108
002331.SZ,20260924,6.8,20260630,2.1392722379098625,3.300813876801101,0.31459885851615627
300126.SZ,20260924,6.6,20260630,2.074621805804494,3.2276321401405985,0.3143366372431051
002264.SZ,20260924,8.13,20260630,2.554538685347118,2.9145083523973576,0.3142114004116996
300439.SZ,20260924,10.33,20260630,3.245634775503519,7.633875497428158,0.31419504119104735
300320.SZ,20260924,8.36,20260630,2.6236078513372503,4.395821838748356,0.31382869035134575
600527.SS,20260924,2.19,20260630,0.687121428991011,1.1910225261575067,0.3137540771648452
001213.SZ,20260924,3.49,20260630,1.0947559773344755,4.31879567128188,0.31368366112735685
688015.SS,20260924,16.96,20260630,5.31980553161064,14.012653654923618,0.31366777898647635
688089.SS,20260924,8.46,20260630,2.6492160438347674,9.205233483916205,0.3131461044721947
688366.SS,20260924,29.91,20260630,9.349481739941384,23.59524377964681,0.3125871527897487
600817.SS,20260924,9.52,20260630,2.9700029274757767,4.638630957880145,0.31197509742392615
603004.SS,20260924,18.9,20260630,5.893026745074728,8.913170945142664,0.31180035688226077
002526.SZ,20260924,2.6,20260630,0.810434665985686,1.808967656762753,0.31170564076372537
000860.SZ,20260924,10.09,20260630,3.143013336496699,9.154659884709428,0.31149785297291366
603013.SS,20260924,14.24,20260630,4.4306157171076554,9.011428863450837,0.3111387441789084
300514.SZ,20260924,9.91,20260630,3.0754961847891584,5.164263570677097,0.3103427028041532
300165.SZ,20260924,5.07,20260630,1.5725826665083151,2.143864352113672,0.3101740959582475
002079.SZ,20260924,8.94,20260630,2.765856182822876,4.453471944255614,0.3093798862217982
300519.SZ,20260924,14.56,20260630,4.5010914625,5.18145751875,0.30914089714972526
300105.SZ,20260924,7.21,20260630,2.227414921824016,3.464473602734876,0.3089341084360632
002345.SZ,20260924,8.47,20260630,2.6164769864118558,4.3674892665322345,0.30891109638864883
600865.SS,20260924,10.9,20260630,3.363447175076262,6.09921197546517,0.3085731353280974
300481.SZ,20260924,14.04,20260630,4.330631963247641,8.479997435914454,0.3084495700318833
603267.SS,20260924,50.54,20260630,15.535509118576751,19.874919745420115,0.30739036641426104
300741.SZ,20260924,26.6,20260630,8.16622595960252,11.073541059946743,0.30700097592490677
300788.SZ,20260924,30.08,20260630,9.227664349663478,11.80196838820874,0.3067707563053018
300155.SZ,20260924,4.62,20260630,1.4164504673453946,2.0855108841269456,0.3065910102479209
688399.SS,20260924,27.63,20260630,8.458279498345957,23.714341664805247,0.30612665574903936
600219.SS,20260924,4.61,20260630,1.4107867316568827,4.360841148715814,0.30602749059802226
688006.SS,20260924,20.72,20260630,6.338105381081087,9.018332695923332,0.30589311684754283
603086.SS,20260924,5.83,20260630,1.7831615330933763,5.172894753316476,0.3058596111652446
002557.SZ,20260924,18.2,20260630,5.564277115324151,10.254089461697513,0.30572951183099734
603806.SS,20260924,13.9,20260630,4.239368037560171,6.248385142227839,0.30499050629929286
300289.SZ,20260924,5.94,20260630,1.8111551178222356,3.011828160271609,0.3049082689936423
300837.SZ,20260924,22.69,20260630,6.908677975195317,13.841265553623264,0.3044811800438659
603100.SS,20260924,18.55,20260630,5.647066585044953,8.866833287040421,0.3044240746654961
603922.SS,20260924,12.13,20260630,3.692550463169643,5.228967885044643,0.3044147125449005
300132.SZ,20260924,6.24,20260630,1.8957617444907098,3.0284155199571763,0.30380797187351116
001308.SZ,20260924,18.14,20260630,5.504392435383781,11.095487097851349,0.30343949478411136
003016.SZ,20260924,7.7,20260630,2.3316320587438044,6.496246554916688,0.30280935827841615
001387.SZ,20260924,12.18,20260630,3.6866798285471765,7.135662184118435,0.3026830729513281
603098.SS,20260924,10.72,20260630,3.236108548987357,5.273798656316946,0.3018757974801639
300066.SZ,20260924,4.68,20260630,1.412702937584224,2.482907831733278,0.3018596020479111
601515.SS,20260924,3.21,20260630,0.9685251504887619,2.517463919317548,0.3017212306818573
002763.SZ,20260924,7.39,20260630,2.2285672807642394,3.9180635971545934,0.3015652612671501
001206.SZ,20260924,17.0,20260630,5.1258340156067765,10.019552551042729,0.3015196479768692
002972.SZ,20260924,13.29,20260630,4.003502130556796,5.045571178322683,0.30124169530148953
000720.SZ,20260924,3.62,20260630,1.090002714827172,1.4879900864809752,0.3011057223279481
002379.SZ,20260924,16.11,20260630,4.8495116924533646,50.94218188730119,0.3010249343546471
601369.SS,20260924,8.82,20260630,2.647181866148381,5.26251235887378,0.3001339984295216
600059.SS,20260924,11.0,20260630,3.298687722318745,6.194865131889415,0.2998807020289768
601890.SS,20260924,9.39,20260630,2.8110675557640192,4.069433383364603,0.29936821680128
605155.SS,20260924,14.67,20260630,4.379225574623099,7.464022764473201,0.2985157174248875
601888.SS,20260924,51.46,20260630,15.345793140139325,28.72757614789362,0.29820818383481
603332.SS,20260924,12.03,20260630,3.58489341019202,6.05601780272614,0.29799612719800667
600217.SS,20260924,3.24,20260630,0.9651041372862207,1.7154821337641375,0.2978716473105619
000738.SZ,20260924,18.81,20260630,5.5970621943393475,9.570587651613767,0.29755779874212374
300594.SZ,20260924,15.19,20260630,4.515664478999867,8.200466181702474,0.29727876754442834
688230.SS,20260924,61.01,20260630,18.129779916038306,19.76496520895088,0.2971607919363761
002457.SZ,20260924,11.09,20260630,3.29530237938322,7.63147827095186,0.29714178353320286
300841.SZ,20260924,54.88,20260630,16.2943704104859,27.80855573167621,0.29690908182372266
300595.SZ,20260924,10.09,20260630,2.9943080957099935,5.615639902061002,0.2967599698424176
603325.SS,20260924,52.88,20260630,15.65603836058197,34.42350513724314,0.2960672912364215
301206.SZ,20260924,23.65,20260630,7.000419055,20.950290105,0.2960008057082453
600765.SS,20260924,13.2,20260630,3.9052248108531202,9.482001542842523,0.2958503644585697
301135.SZ,20260924,17.91,20260630,5.297659887985225,12.283368056027554,0.2957934052476396
301207.SZ,20260924,19.27,20260630,5.698592551170497,8.848289803372163,0.2957235366461078
603877.SS,20260924,11.85,20260630,3.497857452997873,9.504888174615896,0.2951778441348416
002962.SZ,20260924,13.42,20260630,3.9580608898292717,6.084296632177733,0.2949374731616447
300940.SZ,20260924,13.66,20260630,4.028741970215544,5.279659769199721,0.29492986604799
001219.SZ,20260924,12.72,20260630,3.747411838166001,5.525493919365076,0.2946078489124215
688092.SS,20260924,22.9,20260630,6.727590612644844,8.547085508494225,0.29378124946047357
002439.SZ,20260924,14.35,20260630,4.215191768107716,8.973957007048716,0.29374158662771543
002011.SZ,20260924,14.08,20260630,4.134920543889322,6.606972503706501,0.29367333408304847
300833.SZ,20260924,42.91,20260630,12.586500258912725,19.308953328510835,0.2933232407110866
300457.SZ,20260924,20.87,20260630,6.1195142833899,11.09897677527991,0.2932206173162386
603637.SS,20260924,14.08,20260630,4.127304088461003,4.368970657614568,0.293132392646378
002540.SZ,20260924,4.98,20260630,1.4539792720052636,4.562579180679903,0.2919637092380047
002367.SZ,20260924,5.97,20260630,1.7416006603991236,4.498169129026039,0.291725403751947
688246.SS,20260924,17.22,20260630,5.02289390056654,8.897393315832373,0.29168954126402674
300994.SZ,20260924,11.23,20260630,3.2740777587427408,5.861769121532194,0.2915474406716599
300463.SZ,20260924,9.3,20260630,2.7100728681859576,10.433230138066955,0.29140568475117823
300402.SZ,20260924,14.79,20260630,4.304713687945379,6.1354392090895775,0.2910556922207829
688589.SS,20260924,20.79,20260630,6.041582677491469,7.261453868763258,0.29060041738775705
003028.SZ,20260924,23.61,20260630,6.854780410650419,11.99283198775466,0.2903337742757484
001296.SZ,20260924,19.99,20260630,5.800201672007664,12.279958374446831,0.29015516118097373
601218.SS,20260924,5.5,20260630,1.5939552388551423,3.149080053659413,0.2898100434282077
000936.SZ,20260924,5.45,20260630,1.5771697912109488,5.537205753983576,0.2893889525157704
688636.SS,20260924,20.41,20260630,5.905302630488524,8.24900217590607,0.2893337888529409
002613.SZ,20260924,3.41,20260630,0.9854993785340207,2.011455411272048,0.28900275030323186
000813.SZ,20260924,3.2,20260630,0.9242497299396768,2.182878407254601,0.288828040606149
300625.SZ,20260924,10.02,20260630,2.8912349649698745,6.5673536055790445,0.28854640368960827
300631.SZ,20260924,21.31,20260630,6.1426085065741765,11.01148034133964,0.2882500472348276
688259.SS,20260924,33.34,20260630,9.59924369535827,14.1900965750338,0.287919726915365
300682.SZ,20260924,8.74,20260630,2.514492225351508,5.909158831405583,0.2876993392850695
301090.SZ,20260924,7.08,20260630,2.03413926565767,4.370357710951501,0.2873078058838517
688335.SS,20260924,17.6,20260630,5.052858173993681,7.602180657717553,0.28709421443145916
601339.SS,20260924,7.47,20260630,2.14245918410661,6.10261884630232,0.28680845838107233
600585.SS,20260924,16.93,20260630,4.828854612613438,36.244703107846576,0.28522472608466853
002818.SZ,20260924,11.15,20260630,3.1795143725586335,7.991188242069765,0.28515823969135723
600728.SS,20260924,4.39,20260630,1.2497522370893066,3.705023729587152,0.2846816029816188
002879.SZ,20260924,17.92,20260630,5.100702072308358,9.696703720657505,0.2846373924279217
002835.SZ,20260924,13.08,20260630,3.721285035943671,5.572390338749994,0.2845019140629718
002295.SZ,20260924,9.88,20260630,2.80713671513391,5.16967336881923,0.2841231493050516
300073.SZ,20260924,37.4,20260630,10.61627852705426,27.6521772066619,0.28385771462711923
002687.SZ,20260924,5.77,20260630,1.6377662079469784,3.1446178419023663,0.2838416304934105
300396.SZ,20260924,7.05,20260630,2.0009320349101642,5.709952132250035,0.283820146795768
000970.SZ,20260924,11.38,20260630,3.22629976437045,5.4392095389628805,0.28350613043677064
603686.SS,20260924,14.82,20260630,4.199110390581812,8.398546089563537,0.28334078209054064
300494.SZ,20260924,7.94,20260630,2.2495848403326173,2.7007119666181945,0.2833230277496999
002283.SZ,20260924,8.01,20260630,2.266701212140212,5.468298770820375,0.2829839216155071
601928.SS,20260924,8.26,20260630,2.3366397481236985,7.8648734861880625,0.2828861680537165
002351.SZ,20260924,9.87,20260630,2.791956564283039,3.3712583940965484,0.2828730054998013
300039.SZ,20260924,5.21,20260630,1.4736369608030593,4.09639290917782,0.28284778518292886
002268.SZ,20260924,14.74,20260630,4.167122511492925,6.457931032964212,0.2827084471840519
002063.SZ,20260924,5.22,20260630,1.4748959859554092,2.08544466856822,0.28254712374624696
603899.SS,20260924,21.9,20260630,6.185533302376501,9.520731830550917,0.2824444430308905
002587.SZ,20260924,5.25,20260630,1.4817569485380013,1.9977917451146023,0.2822394187691431
002111.SZ,20260924,9.35,20260630,2.638443420764081,6.224079470937914,0.2821864621138055
688558.SS,20260924,34.08,20260630,9.597313641221374,13.06222406870229,0.281611315763538
605398.SS,20260924,22.3,20260630,6.262314311505257,6.394284027647778,0.28082126957422676
000026.SZ,20260924,19.75,20260630,5.537951314641862,8.32896265735073,0.2804025982097145
603630.SS,20260924,14.16,20260630,3.9628671938761406,8.54523007470985,0.27986350239238283
301010.SZ,20260924,19.38,20260630,5.413614907407408,7.714904611111111,0.27934029449986625
300674.SZ,20260924,16.14,20260630,4.503603118474516,6.658716583283747,0.2790336504631051
601083.SS,20260924,12.75,20260630,3.5502314703769864,7.106891849348678,0.2784495270883911
300877.SZ,20260924,27.45,20260630,7.64060093081761,13.937930213836475,0.2783461176982736
002276.SZ,20260924,9.82,20260630,2.7325523966007284,6.208154555860938,0.2782639915072025
605180.SS,20260924,14.28,20260630,3.971402572043939,11.909392630760262,0.2781094238126008
300805.SZ,20260924,8.65,20260630,2.4050449415573474,2.9947723733976344,0.2780398776366875
300076.SZ,20260924,4.22,20260630,1.1730229313674623,1.947833711787073,0.2779675192813892
601799.SS,20260924,70.71,20260630,19.645145217116326,39.94863001518153,0.2778269723817894
300801.SZ,20260924,21.58,20260630,5.961821326207907,12.382937050432387,0.27626604848044056
688129.SS,20260924,23.84,20260630,6.581894592940292,9.24492970496394,0.27608618258977735
002064.SZ,20260924,9.61,20260630,2.651776941047379,5.798972684029438,0.27593932789254727
002012.SZ,20260924,7.05,20260630,1.9443596731375645,3.3335676882612915,0.27579569831738504
605089.SS,20260924,21.26,20260630,5.861653980427514,9.057220121325182,0.2757127930586789
600031.SS,20260924,17.2,20260630,4.739041148788865,10.059158969254447,0.27552564818539915
300651.SZ,20260924,16.16,20260630,4.450959108414715,7.529597721368805,0.27543063789695016
600761.SS,20260924,15.15,20260630,4.170747140494611,12.393364364617309,0.27529684095674
300869.SZ,20260924,11.46,20260630,3.147628653450286,4.187200218148124,0.2746621861649464
002380.SZ,20260924,27.02,20260630,7.404175071941774,10.297511785503836,0.2740257243501767
688289.SS,20260924,16.65,20260630,4.558290481704,13.162580822127094,0.27377120010234235
002790.SZ,20260924,6.49,20260630,1.7760289088317172,4.902584705901779,0.27365622632229847
002560.SZ,20260924,6.8,20260630,1.8606124930810115,3.6533246540456665,0.27361948427661936
603350.SS,20260924,28.31,20260630,7.736423978917369,11.603389007159167,0.27327530833335817
300695.SZ,20260924,51.13,20260630,13.967485301824247,28.5564618694662,0.2731759300180764
688550.SS,20260924,38.06,20260630,10.393725426531535,19.00968327382588,0.27308789875279915
601360.SS,20260924,8.95,20260630,2.441184757006565,4.0359104801110535,0.27275807340855474
688038.SS,20260924,19.3,20260630,5.262277766958985,7.341494778591616,0.27265687911704584
600879.SS,20260924,14.31,20260630,3.900484188986291,6.320582612829394,0.27257052333936344
000793.SZ,20260924,2.03,20260630,0.5525463227330019,1.3285658613960725,0.2721903067650256
603456.SS,20260924,16.24,20260630,4.419453631931295,10.12102485407814,0.2721338443307448
000950.SZ,20260924,5.19,20260630,1.4113527056688842,6.853835898190982,0.2719369375084555
000596.SZ,20260924,91.66,20260630,24.921711135073778,47.08827645289444,0.2718929864179989
603095.SS,20260924,14.43,20260630,3.9202685673530056,9.150888947827312,0.27167488339244666
603338.SS,20260924,52.78,20260630,14.338972270090224,23.26546594460999,0.2716743514605954
002452.SZ,20260924,11.59,20260630,3.146108909321038,4.568039152185033,0.27145029416057276
002343.SZ,20260924,5.72,20260630,1.5520580267509803,1.9752944879787544,0.271338815865556
603508.SS,20260924,20.7,20260630,5.612468511095358,10.80978716804775,0.2711337444973603
002912.SZ,20260924,24.06,20260630,6.5214735522863565,8.894467045773988,0.27105043858214284
002498.SZ,20260924,6.3,20260630,1.7054239286087876,2.655649918119416,0.27070221089028373
603489.SS,20260924,29.63,20260630,8.019374891981318,11.917013218326291,0.2706505194728761
600977.SS,20260924,13.13,20260630,3.5525886395286554,5.853617355115158,0.27057034573714056
688060.SS,20260924,37.13,20260630,10.039765956582336,14.667361462318947,0.2703949894043182
603006.SS,20260924,10.83,20260630,2.9280271381894303,5.115131538607516,0.2703626166379899
600676.SS,20260924,6.74,20260630,1.8193844361464089,4.748514034530897,0.2699383436419004
600558.SS,20260924,4.86,20260630,1.3111936891673732,2.701333045807786,0.26979294015789573
001316.SZ,20260924,27.71,20260630,7.465089460399211,8.422529585647915,0.2694005579357348
688095.SS,20260924,57.44,20260630,15.473071142362947,28.65110236786245,0.26937797949796216
600897.SS,20260924,16.25,20260630,4.376834791597711,9.881543747931326,0.269343679482936
300694.SZ,20260924,10.69,20260630,2.8783728370194557,6.949970510946183,0.2692584506098649
603810.SS,20260924,12.01,20260630,3.2280155809486457,9.780677457988505,0.26877731731462495
002497.SZ,20260924,15.94,20260630,4.280085144871865,10.644016255688255,0.26851224246373057
001358.SZ,20260924,25.48,20260630,6.831808160392076,11.949568863501092,0.26812433910486955
300451.SZ,20260924,3.45,20260630,0.9212252037358913,2.4642433928746645,0.2670217981843163
603131.SS,20260924,13.99,20260630,3.7315576021196577,4.887035362435984,0.266730350401691
002358.SZ,20260924,5.13,20260630,1.367590174050396,3.585086546761133,0.26658677856732865
002278.SZ,20260924,7.96,20260630,2.1176186566633675,3.617253521668587,0.26603249455569944
301608.SZ,20260924,50.0,20260630,13.294453950409933,16.99468657589911,0.26588907900819864
603421.SS,20260924,6.38,20260630,1.695687026180397,3.528735564212817,0.26578166554551674
300590.SZ,20260924,11.62,20260630,3.0867327099605797,4.115272143093039,0.2656396480172616
688500.SS,20260924,30.7,20260630,8.146364892585764,9.684187332296684,0.2653539052959532
600516.SS,20260924,5.42,20260630,1.4371431380207003,4.355356048038088,0.2651555605204244
002476.SZ,20260924,5.02,20260630,1.3309531412413946,1.5872623144017388,0.2651301078170109
600592.SS,20260924,14.84,20260630,3.9245301237331183,6.307646127055105,0.26445620779872764
000557.SZ,20260924,3.62,20260630,0.957288066979575,4.3785587303115205,0.26444421739767265
600523.SS,20260924,11.89,20260630,3.139215686565491,8.05465409674901,0.264021504336879
600587.SS,20260924,12.95,20260630,3.416724605938108,13.248315827351,0.26383973791027865
002889.SZ,20260924,12.06,20260630,3.1804335875112897,7.062492395403894,0.26371754456975866
600352.SS,20260924,12.14,20260630,3.201381964457816,9.862761548402258,0.2637052689009733
002721.SZ,20260924,2.66,20260630,0.701209019963299,0.8239438793828391,0.2636124135200372
688518.SS,20260924,21.08,20260630,5.556797635989818,9.687737457452403,0.2636052009482836
002697.SZ,20260924,4.61,20260630,1.2150646264705882,3.6100712786764704,0.263571502488197
300572.SZ,20260924,24.58,20260630,6.476365734837876,10.656851006388376,0.26348111207639857
000682.SZ,20260924,10.4,20260630,2.736959076561661,4.662759777613699,0.2631691419770828
600366.SS,20260924,11.12,20260630,2.9220801237882554,5.9056694254759465,0.26277698954930356
000800.SZ,20260924,5.86,20260630,1.539547129799879,5.361865159507581,0.26272135320817047
300775.SZ,20260924,20.65,20260630,5.413945353093572,10.716242239809452,0.26217653041615363
002487.SZ,20260924,39.77,20260630,10.390079532794545,22.489982355141592,0.2612541999696893
300971.SZ,20260924,17.67,20260630,4.614094661713833,9.073948449184488,0.26112590049314277
002262.SZ,20260924,21.16,20260630,5.5221684182063795,8.309631908309212,0.2609720424483166
000888.SZ,20260924,9.22,20260630,2.4045273160111282,5.1390562095719226,0.26079471974090324
000568.SZ,20260924,70.65,20260630,18.424951651316842,31.07331386319452,0.26079195543265166
603915.SS,20260924,13.29,20260630,3.465655191840581,6.071053560579129,0.26077164724157875
002088.SZ,20260924,8.05,20260630,2.098600298881707,3.28585280514296,0.26069568930207543
002494.SZ,20260924,5.0,20260630,1.3034146053212732,3.33841758554189,0.2606829210642546
603808.SS,20260924,8.95,20260630,2.332195170563289,7.621088977683316,0.260580465984725
002753.SZ,20260924,6.82,20260630,1.7749259930770365,6.299669060916502,0.26025307816378834
600312.SS,20260924,18.94,20260630,4.924587060191859,8.744982083555739,0.26000987646208334
603276.SS,20260924,17.91,20260630,4.653135627167695,8.728748345598015,0.25980656768105503
300002.SZ,20260924,7.98,20260630,2.0703041395528583,4.003835235476842,0.2594366089665236
300957.SZ,20260924,32.94,20260630,8.536156842902402,14.443433680533696,0.25914258782338806
002698.SZ,20260924,11.32,20260630,2.932801237910783,4.076209891810183,0.2590813814408819
600300.SS,20260924,3.06,20260630,0.7920297410089199,2.217392324155443,0.25883324869572544
002194.SZ,20260924,10.62,20260630,2.7426755254447652,3.6591046309543858,0.2582556991944224
300381.SZ,20260924,5.68,20260630,1.4656782427044857,5.2168452237293295,0.2580419441381137
002959.SZ,20260924,31.58,20260630,8.127944709679861,19.13475495349645,0.2573763365953091
002977.SZ,20260924,19.66,20260630,5.0593427662337,6.984878037380449,0.25734195148696337
002663.SZ,20260924,1.7,20260630,0.43695917299513853,1.1176087632427667,0.25703480764419917
688058.SS,20260924,25.25,20260630,6.487996445824181,7.859963550475189,0.2569503542900666
002198.SZ,20260924,3.61,20260630,0.9271956635758598,1.8661314519318424,0.2568409040376343
688590.SS,20260924,12.19,20260630,3.1301172963722643,5.770684566691076,0.25677746483775754
301190.SZ,20260924,20.79,20260630,5.336394376918235,9.726680906099054,0.2566808262105933
300546.SZ,20260924,16.65,20260630,4.273027030990422,5.996826837300787,0.2566382601195449
002598.SZ,20260924,6.9,20260630,1.7706529133126139,4.298641878071499,0.2566163642482049
002263.SZ,20260924,3.16,20260630,0.8101972614682056,1.4564603020440003,0.25639153843930557
002551.SZ,20260924,3.35,20260630,0.8582658519511704,2.908358039509636,0.2561987617764688
300047.SZ,20260924,9.08,20260630,2.3257223872189403,5.194452945582586,0.2561368267862269
300683.SZ,20260924,25.16,20260630,6.432580804780245,15.90801391940469,0.2556669636240161
000626.SZ,20260924,8.96,20260630,2.2860360717074015,4.635401392769413,0.2551379544316296
600215.SS,20260924,6.1,20260630,1.5562809707380587,5.3159668359646135,0.2551280279898457
600830.SS,20260924,8.49,20260630,2.161832143526813,5.029645702507605,0.25463276131057866
001379.SZ,20260924,15.76,20260630,4.003358325,7.528399505,0.254020198286802
600620.SS,20260924,4.35,20260630,1.104061602822053,2.0468699733698568,0.2538072650165639
300638.SZ,20260924,20.38,20260630,5.1706269517912995,6.893561299771031,0.25371084159918056
600351.SS,20260924,6.67,20260630,1.6915483188724838,4.0762087146789225,0.2536054451083184
600993.SS,20260924,22.15,20260630,5.611065842344988,10.301076289321792,0.2533212569907444
688118.SS,20260924,20.15,20260630,5.0927605647661425,8.582989480137389,0.252742459789883
002819.SZ,20260924,26.66,20260630,6.72654605785943,9.044737732194056,0.2523085543083057
003001.SZ,20260924,21.1,20260630,5.31571563112418,6.637946631867715,0.25192965076417917
300247.SZ,20260924,3.75,20260630,0.9443576058604912,1.4620617274945018,0.25182869489613097
002208.SZ,20260924,10.08,20260630,2.5305551994030204,7.164005291207383,0.2510471427979187
300770.SZ,20260924,35.22,20260630,8.838389787970556,16.281743477776335,0.2509480348657171
600998.SS,20260924,4.84,20260630,1.2136751861686845,5.702654981701177,0.2507593359852654
003012.SZ,20260924,4.61,20260630,1.1549617099460086,4.404150054544489,0.250533993480696
300427.SZ,20260924,6.46,20260630,1.6184105221302296,2.3396584948119417,0.25052794460220273
002096.SZ,20260924,9.03,20260630,2.26215471376356,6.531832791177929,0.2505154721775814
300690.SZ,20260924,25.11,20260630,6.28340339497472,10.070221269484078,0.25023510135303545
002332.SZ,20260924,8.61,20260630,2.151260955468871,6.139343309848482,0.24985609238895135
688571.SS,20260924,8.49,20260630,2.1205994096237126,3.890290866864754,0.24977613776486604
603271.SS,20260924,38.92,20260630,9.718507161577303,17.207053346661617,0.24970470610424725
301020.SZ,20260924,24.54,20260630,6.119085457650273,6.9224741666666665,0.24935148564182044
300099.SZ,20260924,6.37,20260630,1.58739113238152,3.1371538592307595,0.24919797996570173
002212.SZ,20260924,6.93,20260630,1.722820825027213,7.948654039291602,0.2486032936547205
603676.SS,20260924,8.85,20260630,2.1978771439222107,3.50881917573317,0.2483476998782159
688553.SS,20260924,12.26,20260630,3.043283388431969,5.959320830713224,0.24822866137291755
301186.SZ,20260924,36.63,20260630,9.092413645468184,13.867500565517048,0.24822314074442217
300823.SZ,20260924,14.7,20260630,3.639071020410195,7.253331738924629,0.24755585172858469
601226.SS,20260924,6.53,20260630,1.612189722167944,3.804533351883979,0.24688969711607103
688255.SS,20260924,26.8,20260630,6.615534687882095,9.97354353320584,0.24684830924933188
002963.SZ,20260924,23.51,20260630,5.8016229988933885,7.729800685594892,0.24677256481894463
603882.SS,20260924,29.39,20260630,7.245309274503605,13.70791220993123,0.24652294231043229
001222.SZ,20260924,15.62,20260630,3.850442348221087,7.592791322819694,0.24650719258777767
688395.SS,20260924,26.35,20260630,6.490840116806771,9.142573326410902,0.2463316932374486
300600.SZ,20260924,10.27,20260630,2.527609626172976,4.019752103832291,0.24611583507039692
002131.SZ,20260924,4.31,20260630,1.0604012418579738,1.9956955304047364,0.24603277073270857
600081.SS,20260924,10.7,20260630,2.627144263353758,8.441835220926345,0.24552750124801476
002057.SZ,20260924,8.93,20260630,2.1901841679684715,4.404807826818376,0.24526138499087027
600824.SS,20260924,3.66,20260630,0.8958709831329169,2.2203659104455773,0.2447734926592669
300138.SZ,20260924,11.2,20260630,2.7414192073028643,7.037777334892792,0.2447695720806129
301112.SZ,20260924,30.3,20260630,7.4146088570791155,10.30881168005543,0.2447065629399048
688681.SS,20260924,15.51,20260630,3.7948012778730953,7.153122704461157,0.24466803854758834
603927.SS,20260924,13.57,20260630,3.3191747112052368,3.697560036821333,0.2445965151956696
603279.SS,20260924,10.99,20260630,2.6802610184724127,7.910572558048347,0.24388180331869086
300653.SZ,20260924,15.42,20260630,3.7599863324713634,5.252210487593302,0.2438382835584542
300968.SZ,20260924,9.81,20260630,2.3907438509004715,4.196565639253946,0.24370477583083297
603160.SS,20260924,54.4,20260630,13.246821618883057,20.25722493657209,0.24350775034711503
300884.SZ,20260924,12.2,20260630,2.9700255176127865,5.06047312599033,0.24344471455842515
601858.SS,20260924,20.9,20260630,5.085014015180266,7.387492471853258,0.24330210598948643
301552.SZ,20260924,24.3,20260630,5.91057267291532,9.209437362637363,0.24323344332984856
000423.SZ,20260924,45.15,20260630,10.981183797384293,15.873928291608609,0.2432155879819334
603967.SS,20260924,11.53,20260630,2.8022569290224832,6.552748625010435,0.2430404968796603
688389.SS,20260924,11.12,20260630,2.700361673654803,4.84892665620393,0.24283828000492835
000404.SZ,20260924,6.86,20260630,1.664142504372083,6.3514930696305845,0.24258637089972054
300898.SZ,20260924,19.75,20260630,4.764802532258065,7.967157258064516,0.24125582441812987
000997.SZ,20260924,19.53,20260630,4.708769320072957,7.697716548132116,0.2411044198706071
603257.SS,20260924,66.91,20260630,16.126552561145505,21.21148172228245,0.24101857063436716
002365.SZ,20260924,13.48,20260630,3.2467254485568073,6.911608787089782,0.24085500360213705
300158.SZ,20260924,5.18,20260630,1.2463777336185087,3.281908149237827,0.2406134620885152
002953.SZ,20260924,10.29,20260630,2.4724648784673415,4.549642243913097,0.24027841384522272
601798.SS,20260924,7.59,20260630,1.8223954488305036,3.730380092361597,0.24010480221745767
688078.SS,20260924,30.92,20260630,7.4067197536114575,9.073443718875613,0.23954462333801607
300036.SZ,20260924,10.06,20260630,2.404657199180201,5.137403611867336,0.23903153073361838
601996.SS,20260924,2.9,20260630,0.6917289091679591,2.108888866006032,0.23852721005791697
000528.SZ,20260924,7.5,20260630,1.7881367994138693,9.476248085245928,0.23841823992184924
002020.SZ,20260924,11.25,20260630,2.678379678414994,7.309588873601321,0.23807819363688837
002878.SZ,20260924,12.58,20260630,2.990779552363499,4.824219888439455,0.2377408229223767
603968.SS,20260924,10.57,20260630,2.5119635469748975,8.650052912283119,0.23765028826631007
600976.SS,20260924,26.8,20260630,6.3624435164336575,17.572171062838905,0.2374046088221514
600137.SS,20260924,17.93,20260630,4.250328201929881,5.602417764160123,0.23705121036976473
688608.SS,20260924,108.88,20260630,25.795514584991153,29.69789468857104,0.2369169230803743
600381.SS,20260924,4.2,20260630,0.9924082146529627,1.675765071885143,0.2362876701554673
300847.SZ,20260924,14.4,20260630,3.3983978784500524,5.118609800344583,0.2359998526701425
688616.SS,20260924,11.01,20260630,2.597391783008603,4.741084448785832,0.235912060218765
600452.SS,20260924,8.81,20260630,2.0783123976409947,3.7223063827204257,0.23590379087866
603320.SS,20260924,18.12,20260630,4.267281851790065,7.741980610780518,0.23550120594867907
600130.SS,20260924,4.7,20260630,1.1061436942518716,1.474346542010291,0.23534972218124928
300224.SZ,20260924,12.07,20260630,2.8401240342209593,5.511421819554643,0.2353043938874034
601702.SS,20260924,15.05,20260630,3.535444754522295,6.705203990743999,0.23491327272573387
000403.SZ,20260924,9.92,20260630,2.3261501321395244,8.571889136746979,0.23449094073987142
600097.SS,20260924,9.2,20260630,2.1556364120170386,9.532495784311774,0.23430830565402594
601975.SS,20260924,4.47,20260630,1.0470688750842465,2.604738549556884,0.2342435962157151
300446.SZ,20260924,12.67,20260630,2.9632659875094878,6.965448614564201,0.23388050414439523
002412.SZ,20260924,9.1,20260630,2.1269365182829887,4.652357778219396,0.23372928772340537
300244.SZ,20260924,20.79,20260630,4.858913121300933,10.615560031379246,0.23371395484852975
002679.SZ,20260924,11.58,20260630,2.70532723857014,3.495157852436144,0.2336206596347271
603012.SS,20260924,8.7,20260630,2.0291419706109823,5.939279494199536,0.23323470926563017
600735.SS,20260924,6.57,20260630,1.5323036849500045,2.479213187365751,0.2332273493074588
605128.SS,20260924,23.61,20260630,5.505754691723993,10.402805380473229,0.23319587851435805
605183.SS,20260924,16.51,20260630,3.8448327663738247,9.116004469981322,0.2328790288536538
300777.SZ,20260924,21.05,20260630,4.899558633571844,10.225641379463704,0.23275812986089517
603855.SS,20260924,16.94,20260630,3.9402653494709012,7.021030058558401,0.2326012602993448
300545.SZ,20260924,27.72,20260630,6.4454196975223566,11.790865042433415,0.23251874810686712
600135.SS,20260924,7.62,20260630,1.7707011924674403,4.24525604179895,0.23237548457577956
603566.SS,20260924,10.19,20260630,2.3662297690280334,7.447633983582439,0.23221096850127904
002152.SZ,20260924,9.03,20260630,2.0946613553589835,4.982574988321434,0.2319669275037634
301658.SZ,20260924,21.95,20260630,5.0891087670084305,7.613484384027324,0.23185005772247977
002389.SZ,20260924,18.31,20260630,4.24484703892251,8.932099962506705,0.23183217033984216
603897.SS,20260924,29.71,20260630,6.866481599176646,11.5131525252168,0.23111684951789452
001300.SZ,20260924,12.39,20260630,2.8592181032442,3.908280830713134,0.23076820849428573
002993.SZ,20260924,34.28,20260630,7.9036336706118595,17.6492948926412,0.23056107557210792
002724.SZ,20260924,7.22,20260630,1.6637070426394394,3.5175700897545044,0.23043033831571183
603928.SS,20260924,12.32,20260630,2.837825717321407,4.832198191202977,0.23034299653582851
300745.SZ,20260924,27.89,20260630,6.419969809684293,13.571850185158564,0.23018894979147697
688016.SS,20260924,85.01,20260630,19.56733250788,35.23257223973839,0.23017683223009056
002381.SZ,20260924,5.55,20260630,1.276162722723318,5.168822200180223,0.22993922931951677
001207.SZ,20260924,18.55,20260630,4.265182611124131,8.03182357137291,0.22992898173175907
688187.SS,20260924,44.4,20260630,10.203839550957648,31.652239986863123,0.22981620610264974
688819.SS,20260924,20.5,20260630,4.70845220125008,17.359479771265484,0.22968059518293074
603315.SS,20260924,10.82,20260630,2.4848993775449464,5.396699369693932,0.22965798313724087
002689.SZ,20260924,2.93,20260630,0.6726142032135249,1.175982928767458,0.2295611615063225
600826.SS,20260924,8.12,20260630,1.8633002233488953,5.8511687219061566,0.22947047085577532
002749.SZ,20260924,8.44,20260630,1.9351524498565367,3.427762621997304,0.2292834656228124
000848.SZ,20260924,8.06,20260630,1.8442744436506777,3.1616861098384588,0.22881816918742898
300450.SZ,20260924,32.11,20260630,7.346655674243325,10.816791650917397,0.22879650184501168
600628.SS,20260924,6.28,20260630,1.4357339759275798,6.600387407847321,0.22862005986107958
601231.SS,20260924,25.45,20260630,5.809372331708618,9.452355178105496,0.2282661034070184
002339.SZ,20260924,7.55,20260630,1.7219602972927135,3.436315540515505,0.22807421156194882
000922.SZ,20260924,12.17,20260630,2.7725055802870724,5.659300639208858,0.2278147559808605
300307.SZ,20260924,7.23,20260630,1.646219685059608,4.198918514625806,0.22769290249787108
300830.SZ,20260924,7.99,20260630,1.8188968543177084,2.877144880375464,0.22764666512111495
600613.SS,20260924,8.25,20260630,1.8775352302198074,5.0560429373947295,0.2275800279054312
603786.SS,20260924,37.53,20260630,8.524404455837924,14.052096003359608,0.2271357435608293
300351.SZ,20260924,13.88,20260630,3.1479157890712206,6.274808154096337,0.22679508566795537
600288.SS,20260924,10.8,20260630,2.4458713576007325,4.5942867239010985,0.22646957014821595
000951.SZ,20260924,19.9,20260630,4.499818735316334,14.158732594902371,0.22612154448825802
002511.SZ,20260924,6.91,20260630,1.5623073024993865,4.471825516910218,0.22609367619383308
603312.SS,20260924,31.79,20260630,7.1845581486139976,11.253232888290167,0.22600057089065737
000538.SZ,20260924,49.87,20260630,11.262943003014898,22.963633789728654,0.22584605981581912
000915.SZ,20260924,23.97,20260630,5.409005149265367,11.162200960745842,0.22565728616042416
300696.SZ,20260924,20.4,20260630,4.60062613130062,6.423432035312906,0.22552088878924612
601096.SS,20260924,3.96,20260630,0.8921640568451409,1.78901256882943,0.22529395374877295
002767.SZ,20260924,18.71,20260630,4.21244005157965,5.85456279692235,0.22514377614001335
301138.SZ,20260924,29.93,20260630,6.729924391666667,9.873048891666668,0.22485547583249804
688261.SS,20260924,77.3,20260630,17.364287687021296,24.76586507261067,0.2246350282926429
002802.SZ,20260924,12.42,20260630,2.7864665005252123,3.671720129954992,0.22435318039655494
002007.SZ,20260924,13.11,20260630,2.9392661557458113,6.009560359958966,0.2242003169905272
603001.SS,20260924,11.74,20260630,2.62981433329498,5.884692863875164,0.22400462804897617
605066.SS,20260924,6.71,20260630,1.5021612314849737,3.429811368927117,0.22386903598881874
300414.SZ,20260924,10.97,20260630,2.4533065427449046,3.062090264880073,0.22363778876434862
603217.SS,20260924,28.11,20260630,6.284650121038248,16.620028244489994,0.22357346570751505
300916.SZ,20260924,27.76,20260630,6.202833975693165,9.16096680728708,0.22344502794283735
002038.SZ,20260924,5.65,20260630,1.2621992634079908,4.795172424972184,0.22339809971822844
002942.SZ,20260924,16.77,20260630,3.745765447857745,8.207762945881589,0.22336108812508915
601599.SS,20260924,3.23,20260630,0.7193687115574484,1.187387121463121,0.222714771380015
000792.SZ,20260924,23.7,20260630,5.275675384528381,9.02404750761972,0.2226023368999317
688113.SS,20260924,37.9,20260630,8.433377425866468,16.21688776939538,0.2225165547722023
603022.SS,20260924,8.95,20260630,1.990659618750096,4.296919359368031,0.22242006913408896
600640.SS,20260924,12.16,20260630,2.702494304412396,4.966166525597696,0.22224459740233518
002516.SZ,20260924,5.76,20260630,1.2795806841070048,2.419148488901985,0.2221494243241328
688036.SS,20260924,54.92,20260630,12.191709019165124,18.38509220083388,0.22199033174007873
601811.SS,20260924,20.35,20260630,4.5050414996745936,12.414636896488284,0.2213779606719702
002486.SZ,20260924,2.73,20260630,0.6040375240708199,1.3417152415513476,0.22125916632630765
301060.SZ,20260924,11.86,20260630,2.618325513166311,3.891770057730975,0.2207694361860296
603416.SS,20260924,46.37,20260630,10.233653516827516,17.04307596251133,0.22069556861823414
002461.SZ,20260924,8.15,20260630,1.7981055035265259,5.100868257927988,0.22062644215049396
603408.SS,20260924,11.69,20260630,2.575751028323871,7.5899869585520126,0.22033798360341073
605228.SS,20260924,11.15,20260630,2.4556229241965415,4.861063235302512,0.22023523983825483
688776.SS,20260924,54.25,20260630,11.946536840658256,15.444951778094396,0.22021266065729503
603712.SS,20260924,11.41,20260630,2.5117617711450047,4.5978000389209175,0.22013687740096446
002445.SZ,20260924,3.11,20260630,0.684610661532066,0.9633137054129784,0.22013204550870288
300711.SZ,20260924,18.34,20260630,4.0309556059239,5.351896273268679,0.21979038200239367
002145.SZ,20260924,4.83,20260630,1.0597037996062175,3.685404991190175,0.219400372589279
300218.SZ,20260924,12.52,20260630,2.7443245196378934,6.8684256305810125,0.2191952491723557
600794.SS,20260924,3.17,20260630,0.694770832295392,2.0837839972319445,0.219170609556906
002538.SZ,20260924,6.61,20260630,1.4486321112215372,6.136123532915565,0.21915765676573937
002685.SZ,20260924,5.48,20260630,1.1983005546242838,1.644580020466817,0.2186679844204897
688788.SS,20260924,29.04,20260630,6.344918195975148,7.617045749894874,0.21848891859418554
603860.SS,20260924,26.39,20260630,5.7632550689862025,12.431975284943013,0.21838783891573332
603321.SS,20260924,7.23,20260630,1.5775251064264242,3.984419539407821,0.21819157765234082
603528.SS,20260924,6.5,20260630,1.4170344699524702,2.6583091359624262,0.2180053030696108
002651.SZ,20260924,8.13,20260630,1.7714747058574838,2.684669168993616,0.21789356775614804
001230.SZ,20260924,20.31,20260630,4.422162900178297,10.48438109780677,0.21773327918160007
300809.SZ,20260924,24.38,20260630,5.293289846303845,7.361140427200212,0.2171160724488862
000661.SZ,20260924,70.85,20260630,15.353954473010045,55.79209299316849,0.2167107194496831
600787.SS,20260924,4.54,20260630,0.9828799553584195,7.2959151722069295,0.21649338223753734
603212.SS,20260924,11.58,20260630,2.5055021794797914,5.48211042395888,0.216364609626925
600650.SS,20260924,10.4,20260630,2.249883570389329,7.895024651896017,0.21633495869128164
002595.SZ,20260924,38.94,20260630,8.420918129402782,15.496391179578987,0.21625367563951675
603429.SS,20260924,8.7,20260630,1.8804306326572822,2.547684730749298,0.2161414520295727
002887.SZ,20260924,9.14,20260630,1.9749165010865433,7.732606511578268,0.21607401543616445
600423.SS,20260924,2.68,20260630,0.5789064636042944,0.6772746535171236,0.21600987447921433
002641.SZ,20260924,3.78,20260630,0.8162636170315514,2.7196012093973865,0.21594275582845276
300206.SZ,20260924,11.6,20260630,2.5046711302667046,3.8162375838751066,0.2159199250229918
002489.SZ,20260924,3.04,20260630,0.6561158611258449,1.961883763849774,0.21582758589665949
002987.SZ,20260924,10.55,20260630,2.275741836663414,2.783083807025325,0.21571012669795392
003021.SZ,20260924,69.87,20260630,15.046207563498252,18.97243916008801,0.2153457501574102
603063.SS,20260924,29.08,20260630,6.255671452075726,11.805689408490156,0.21511937593107724
002519.SZ,20260924,5.9,20260630,1.2664968792430975,1.9722542891397143,0.21466048800730464
000505.SZ,20260924,6.36,20260630,1.3645926893008253,3.9487204551498256,0.21455859894667065
603198.SS,20260924,37.2,20260630,7.978451155,13.24622403375,0.21447449341397848
300281.SZ,20260924,7.13,20260630,1.52883518810629,2.7512127819963266,0.214422887532439
000561.SZ,20260924,7.68,20260630,1.6439441177629401,3.280011111293232,0.21405522366704952
603273.SS,20260924,14.81,20260630,3.1679147000065653,4.536562305308034,0.2139037609727593
688288.SS,20260924,19.9,20260630,4.255153300392499,7.391513063176174,0.21382679901469848
600768.SS,20260924,14.84,20260630,3.164924727877397,3.6132260238037976,0.21326986036909684
688265.SS,20260924,52.13,20260630,11.111157127186534,22.70792289865104,0.21314324049849478
600822.SS,20260924,9.08,20260630,1.9332642850734385,2.5098462171262845,0.21291456884068705
002444.SZ,20260924,27.28,20260630,5.806877777697241,16.11881867340797,0.21286208862526543
301609.SZ,20260924,30.65,20260630,6.522533681237721,7.75831890348723,0.21280697165539056
000019.SZ,20260924,6.78,20260630,1.4418499696496052,4.305423158014739,0.2126622374114462
000736.SZ,20260924,4.6,20260630,0.9781588543381182,1.6420611359332835,0.21264322920393877
688339.SS,20260924,18.1,20260630,3.848679313832778,8.004313588973309,0.21263421623385514
002578.SZ,20260924,4.08,20260630,0.8663135031531369,1.5921432999560807,0.2123317409689061
600684.SS,20260924,3.56,20260630,0.7555831591466448,1.1573684215203834,0.21224246043445077
002287.SZ,20260924,19.38,20260630,4.113027341310792,8.99300846417288,0.21223051296753312
002829.SZ,20260924,19.96,20260630,4.235060984886377,8.175372008770154,0.21217740405242366
300872.SZ,20260924,15.15,20260630,3.2116176239206173,7.391343503412476,0.21198796197495823
688049.SS,20260924,47.1,20260630,9.984447111096141,12.060508872500144,0.2119840150975826
300387.SZ,20260924,7.38,20260630,1.5643680825628665,5.007903198530887,0.2119739949272177
688557.SS,20260924,21.28,20260630,4.492325674866692,8.312894999879106,0.2111055298339611
688580.SS,20260924,43.07,20260630,9.091302164289795,17.895130689224857,0.21108200985116773
300783.SZ,20260924,16.56,20260630,3.494291540351147,7.877724247419493,0.21100794325791952
603798.SS,20260924,13.82,20260630,2.9121071941367243,4.761591438739137,0.21071687367125355
601568.SS,20260924,3.59,20260630,0.7559631540392893,2.8283347173075986,0.210574694718465
600559.SS,20260924,10.91,20260630,2.2962372989150435,5.952987950628261,0.2104708798272267
600232.SS,20260924,6.78,20260630,1.4263713391003228,2.658382396371927,0.21037925355461987
600398.SS,20260924,5.66,20260630,1.1904077496944472,3.711006430455758,0.21031939040537936
300531.SZ,20260924,15.23,20260630,3.2004732856281195,4.338036136475978,0.2101426976774865
002318.SZ,20260924,18.4,20260630,3.8640721908776086,8.30320419777265,0.21000392341726135
300348.SZ,20260924,9.24,20260630,1.9398030204184498,2.592814300503415,0.20993539182017854
688133.SS,20260924,22.7,20260630,4.765351195917448,16.495909718651664,0.20992736545891844
600791.SS,20260924,6.92,20260630,1.4517942734118672,4.032325601711005,0.209796860319634
300882.SZ,20260924,13.29,20260630,2.786425869063828,4.422000791974351,0.20966334605446413
300993.SZ,20260924,9.94,20260630,2.0815774740800177,4.858049464498046,0.20941423280483076
688667.SS,20260924,104.83,20260630,21.940625374973028,34.4466833260408,0.20929719903627805
300507.SZ,20260924,6.38,20260630,1.3337909041594536,2.686846422801456,0.2090581354481902
002955.SZ,20260924,37.46,20260630,7.824648566274675,13.14698403286865,0.20888010054123532
600986.SS,20260924,6.88,20260630,1.4361050393260588,3.420809542429459,0.20873619757646203
603889.SS,20260924,6.03,20260630,1.2578926022895731,3.772044482339825,0.20860573835647978
002777.SZ,20260924,12.52,20260630,2.6099504295898246,4.101102420340709,0.20846249437618408
600085.SS,20260924,23.34,20260630,4.8612218549147075,9.933317946051098,0.20827857133310657
300910.SZ,20260924,27.71,20260630,5.767321277269683,16.350649380246356,0.20813140661384635
300062.SZ,20260924,6.24,20260630,1.2978097505153567,2.434490063670933,0.20798233181335846
600446.SS,20260924,10.37,20260630,2.156635898718252,3.820004441844346,0.20796874626019787
300719.SZ,20260924,11.97,20260630,2.483318874355894,3.9376411455105,0.20746189426532113
300527.SZ,20260924,8.18,20260630,1.69604001993874,2.8859294053072584,0.20733985573823227
605339.SS,20260924,13.14,20260630,2.723771820647813,8.099312652357643,0.20728857082555655
002400.SZ,20260924,6.46,20260630,1.3376328832480415,2.879107928343278,0.2070639138154863
002330.SZ,20260924,4.05,20260630,0.8383645510487423,3.8594468767127705,0.20700359285154132
002333.SZ,20260924,5.47,20260630,1.1310198425068985,2.8664015991114864,0.2067677957051003
301150.SZ,20260924,46.0,20260630,9.487105794927785,15.751491576916504,0.20624143032451708
003003.SZ,20260924,10.98,20260630,2.2641990657831097,7.436570307874601,0.20621120817696809
603023.SS,20260924,4.03,20260630,0.8298643478790476,1.371693413246292,0.20592167441167433
603992.SS,20260924,19.94,20260630,4.103509982421072,8.12328947637494,0.20579287775431657
301236.SZ,20260924,35.95,20260630,7.395541228943174,12.647598128141356,0.20571741944209107
300629.SZ,20260924,19.08,20260630,3.917793557837978,7.070715518002747,0.20533509212987308
300248.SZ,20260924,8.2,20260630,1.6826519870300056,4.425348669119998,0.20520146183292753
300019.SZ,20260924,14.18,20260630,2.900872234631599,6.822017263575931,0.20457491076386455
688083.SS,20260924,51.96,20260630,10.626526916253194,16.098097163322542,0.20451360500872198
002606.SZ,20260924,12.16,20260630,2.4859977920107745,4.713177965645869,0.2044406078956229
603859.SS,20260924,40.13,20260630,8.193190305739453,15.70267865568736,0.20416621743681665
605151.SS,20260924,18.7,20260630,3.8173491225931206,9.874528470003147,0.20413631671620966
600211.SS,20260924,36.48,20260630,7.444080314768884,12.29413687027514,0.20405921915484881
603383.SS,20260924,26.83,20260630,5.464622537202541,7.061742359547819,0.20367583068216705
002550.SZ,20260924,6.36,20260630,1.294434433537174,2.2032910452204697,0.20352742665678836
688100.SS,20260924,24.73,20260630,5.032007672973313,7.429910666402002,0.20347786789216793
600131.SS,20260924,14.08,20260630,2.86138732595681,5.414082888262233,0.2032235316730689
001365.SZ,20260924,36.1,20260630,7.317012074065694,16.596248697882,0.20268731507107185
600406.SS,20260924,22.27,20260630,4.511350464515634,6.503497277777267,0.2025752341497815
301009.SZ,20260924,9.29,20260630,1.8816424629656108,4.885934254042742,0.20254493681007651
300685.SZ,20260924,20.81,20260630,4.212253315559871,4.964508085028107,0.20241486379432347
600775.SS,20260924,9.51,20260630,1.9221510091772234,3.3804096599125555,0.20211892840980267
600862.SS,20260924,17.88,20260630,3.6115869342059987,5.623756210614518,0.2019903207050335
002586.SZ,20260924,3.74,20260630,0.7542994143809962,2.7675000216245804,0.2016843353959883
002322.SZ,20260924,11.99,20260630,2.4170559476113924,7.464530965310713,0.2015893200676724
300984.SZ,20260924,31.91,20260630,6.429354592528422,14.555470955471533,0.20148400477995682
603901.SS,20260924,9.5,20260630,1.9128457160477756,6.675635459899931,0.20135218063660795
600980.SS,20260924,19.13,20260630,3.850285397334455,8.058244788517651,0.20126949280368298
688508.SS,20260924,84.29,20260630,16.953242914041276,22.40680657831309,0.20112994322032596
300543.SZ,20260924,7.87,20260630,1.580575838809899,4.269218559579535,0.20083555766326544
601188.SS,20260924,2.85,20260630,0.5720724903601538,3.552242808634314,0.20072718960005398
300435.SZ,20260924,16.24,20260630,3.2591908517472836,8.95886068916526,0.20068909185635986
300654.SZ,20260924,9.57,20260630,1.9179695018354013,2.279085916844563,0.2004147859807107
688586.SS,20260924,11.09,20260630,2.2198742178758053,3.14083167015686,0.2001690007101718
002242.SZ,20260924,9.39,20260630,1.879490268237798,4.242807976755433,0.20015870801254504
000409.SZ,20260924,8.84,20260630,1.7661862248083644,2.4783941048296865,0.19979482181090094
600809.SS,20260924,111.18,20260630,22.180978353314366,31.22348533922825,0.19950511201038285
603466.SS,20260924,12.11,20260630,2.414719792877709,3.624853972193383,0.1993988268272262
002103.SZ,20260924,6.69,20260630,1.3324980237208452,2.4287971208604304,0.1991775820210531
605577.SS,20260924,16.52,20260630,3.2903202963870997,8.802228431497214,0.19917193077403753
605003.SS,20260924,25.36,20260630,5.044452636363636,13.02438480909091,0.19891374749067967
603390.SS,20260924,10.58,20260630,2.1038319363264497,5.043182937841313,0.19884989946374762
603898.SS,20260924,11.8,20260630,2.3463024795965346,9.67300092989372,0.19883919318614698
002965.SZ,20260924,31.79,20260630,6.3205728197843,15.783795186591032,0.19882267441913495
000157.SZ,20260924,6.04,20260630,1.2002000011276823,6.66585085530199,0.19870860945822555
600126.SS,20260924,6.06,20260630,1.2038857386111652,6.342889163334552,0.19866101297213948
603559.SS,20260924,9.09,20260630,1.8040216007507373,1.958989396697985,0.1984622223048116
603719.SS,20260924,9.07,20260630,1.799641990093054,4.799970971151058,0.19841697795954288
600702.SS,20260924,32.48,20260630,6.438734805306975,20.9773621204546,0.19823690903038718
000419.SZ,20260924,4.99,20260630,0.9871489240214996,6.21352111391413,0.1978254356756512
600056.SS,20260924,8.86,20260630,1.7515766247274578,8.004231634266366,0.1976948786374106
002104.SZ,20260924,10.54,20260630,2.0832516125177,2.970502945710269,0.1976519556468406
603766.SS,20260924,14.55,20260630,2.8714264403893015,4.5662471520658565,0.1973488962466874
300915.SZ,20260924,23.07,20260630,4.552338922219771,11.919775240602103,0.19732721812829526
603068.SS,20260924,48.51,20260630,9.563157743105009,11.78360115181954,0.19713786318501358
000612.SZ,20260924,10.71,20260630,2.110170529913891,6.790516663356063,0.197028060682903
002677.SZ,20260924,6.4,20260630,1.2607173160048841,3.4144260045778982,0.19698708062576314
000977.SZ,20260924,69.9,20260630,13.768953206137281,16.707448924341257,0.1969807325627651
600776.SS,20260924,12.91,20260630,2.5403938387060463,3.2080508444942244,0.19677721446212598
688315.SS,20260924,20.4,20260630,4.013393891429005,6.618932678104902,0.1967349946778924
002195.SZ,20260924,6.01,20260630,1.1817328911248903,1.7467658384203968,0.19662776890597178
300095.SZ,20260924,9.04,20260630,1.7744542632032836,3.799565090120784,0.1962891884074429
300017.SZ,20260924,15.14,20260630,2.9663160718928814,4.225814735718839,0.1959257643258178
002691.SZ,20260924,4.09,20260630,0.8012809852941176,2.3068671764705884,0.19591222134330505
002991.SZ,20260924,37.11,20260630,7.269554874486954,18.563897206852804,0.19589207422492466
603066.SS,20260924,9.35,20260630,1.8315405855802456,5.200137389318897,0.19588669364494607
301616.SZ,20260924,36.68,20260630,7.176177225,18.113136875,0.19564278148854963
002030.SZ,20260924,5.67,20260630,1.1083251024375371,5.512479991342988,0.19547179937169967
605222.SS,20260924,22.14,20260630,4.326630386618097,11.91565984715235,0.1954214266765175
002614.SZ,20260924,8.33,20260630,1.6242133274662658,6.747813550934022,0.1949835927330451
002223.SZ,20260924,26.38,20260630,5.133952763425693,13.422595491234258,0.194615343571861
688355.SS,20260924,16.97,20260630,3.2994003661701177,8.588197856120841,0.19442547826577006
300995.SZ,20260924,26.33,20260630,5.115413404539514,10.449925138984169,0.19428079774172102
603193.SS,20260924,20.18,20260630,3.9198095497939938,5.785751657280229,0.1942422968183347
002638.SZ,20260924,4.93,20260630,0.9566755255767779,1.316806447229825,0.19405183074579674
002559.SZ,20260924,8.97,20260630,1.7381969546640341,4.43543194387652,0.1937789247117095
002760.SZ,20260924,17.65,20260630,3.4180796704385408,7.883816929593437,0.19365890484071055
300707.SZ,20260924,12.14,20260630,2.3465812531802563,6.38266268784822,0.19329334869689097
002758.SZ,20260924,8.62,20260630,1.6656362749480218,9.92592433202637,0.19322926623526937
600557.SS,20260924,12.19,20260630,2.352668812856017,8.770797794497255,0.192999902613291
600482.SS,20260924,34.25,20260630,6.603100179636218,18.155340875211312,0.1927912461207655
605123.SS,20260924,80.0,20260630,15.395043489487557,39.10949606610142,0.19243804361859446
300174.SZ,20260924,18.55,20260630,3.5678606829479214,9.83057522066176,0.19233750312387715
603829.SS,20260924,15.6,20260630,2.9980273083553155,6.875746484719749,0.19218123771508433
600084.SS,20260924,4.38,20260630,0.8406495268961408,1.1348983818424982,0.19192911572971252
600577.SS,20260924,8.62,20260630,1.6530689099903975,2.9775498704984504,0.1917713352657074
002985.SZ,20260924,27.43,20260630,5.2560910503908955,8.280716647340876,0.19161833942365641
688085.SS,20260924,13.15,20260630,2.5197197423437676,5.842283576072182,0.1916136686192979
301580.SZ,20260924,57.43,20260630,10.969256168584254,14.66962500141849,0.19100219691074793
603112.SS,20260924,17.56,20260630,3.352210866421105,8.57201593423826,0.19090039102625883
603232.SS,20260924,15.93,20260630,3.0402799158590814,5.453933315743951,0.19085247431632651
688680.SS,20260924,39.21,20260630,7.476281211356222,17.08941263633793,0.19067281844825865
603214.SS,20260924,13.5,20260630,2.568196842391466,8.569592980328084,0.19023680314010857
002275.SZ,20260924,12.1,20260630,2.300925975281865,5.555485168880706,0.19015917151089792
301160.SZ,20260924,45.11,20260630,8.575757597906609,16.696904618308505,0.19010768339407247
688067.SS,20260924,23.95,20260630,4.549741362102909,7.667993351323441,0.18996832409615486
300496.SZ,20260924,55.04,20260630,10.446641543309571,22.97969379680652,0.1898009001328047
300159.SZ,20260924,2.8,20260630,0.5311069711107362,0.851729346045041,0.18968106111097724
002920.SZ,20260924,82.88,20260630,15.71831629432193,27.22622777934992,0.18965149969017775
002952.SZ,20260924,19.33,20260630,3.665323432302575,5.4209674202291485,0.18961838759971936
002017.SZ,20260924,14.2,20260630,2.691514168632655,3.1402633896200904,0.18954325131215882
002544.SZ,20260924,15.69,20260630,2.9717617604613342,5.457216833095557,0.1894048285826217
002370.SZ,20260924,5.12,20260630,0.9693163627494951,1.5018143434514306,0.18931960209951076
002970.SZ,20260924,42.35,20260630,8.011777945647774,12.07282409545981,0.18918011678034885
002266.SZ,20260924,4.59,20260630,0.8673507065255419,2.532860811762761,0.18896529553933375
300960.SZ,20260924,18.99,20260630,3.5821327831880345,4.542988183019936,0.18863258468604713
300413.SZ,20260924,19.0,20260630,3.5802264791713454,12.339558018442212,0.18843297258796554
600872.SS,20260924,17.15,20260630,3.221232048986646,7.388230166569809,0.1878269416318744
300341.SZ,20260924,12.96,20260630,2.4318517112112734,3.85979409193712,0.18764287895148712
300793.SZ,20260924,11.92,20260630,2.2337851328639964,7.510766435530841,0.18739808161610708
002093.SZ,20260924,7.77,20260630,1.4541245161290322,3.729934631265509,0.18714601237181883
301004.SZ,20260924,32.7,20260630,6.1133509096456375,13.465023334180913,0.1869526272062886
603527.SS,20260924,9.65,20260630,1.802164363828638,6.668659540677512,0.18675278381643917
300129.SZ,20260924,7.49,20260630,1.3984180485488862,5.144100505382928,0.18670467937902352
000519.SZ,20260924,14.79,20260630,2.758553103785158,7.454740457090384,0.1865147467062311
605158.SS,20260924,7.88,20260630,1.4684486843690798,4.9140359002535625,0.186351355884401
002820.SZ,20260924,9.75,20260630,1.8122889667279651,4.256960617779552,0.1858757914592785
300428.SZ,20260924,19.38,20260630,3.600902682105859,13.340665521086446,0.18580509195592668
688065.SS,20260924,38.34,20260630,7.1083030757069405,24.696223057612084,0.1854017494967903
300314.SZ,20260924,12.85,20260630,2.3821183715277776,4.278140020833333,0.18537886159749242
603949.SS,20260924,16.9,20260630,3.1286999375134945,5.163831080530377,0.18513017381736654
300279.SZ,20260924,6.11,20260630,1.1303607586210385,2.155301403981196,0.1850017608217739
000901.SZ,20260924,14.06,20260630,2.599665714097404,5.300020690782097,0.18489798820038436
002660.SZ,20260924,7.83,20260630,1.4476631667191955,2.792535109447525,0.18488673904459713
002908.SZ,20260924,7.0,20260630,1.2941570968547154,2.4720469359596016,0.18487958526495935
002766.SZ,20260924,4.02,20260630,0.7427376524392343,1.2107274221477018,0.18476061005951103
300445.SZ,20260924,19.05,20260630,3.5196021554985726,6.118076961572073,0.1847560186613424
603029.SS,20260924,16.54,20260630,3.0547038782944074,7.830246155494388,0.18468584512058087
688093.SS,20260924,23.29,20260630,4.295389238389419,10.111781834411673,0.18443062423312234
600456.SS,20260924,25.08,20260630,4.616280948389023,15.162431615456942,0.18406223877149216
300822.SZ,20260924,11.5,20260630,2.1166922680094737,3.9737701112119495,0.18406019721821512
603076.SS,20260924,20.21,20260630,3.7122328121262305,10.570747597007903,0.1836829694273246
601000.SS,20260924,4.39,20260630,0.8054893754074507,3.597990476737795,0.18348277344133274
601399.SS,20260924,3.07,20260630,0.5623378942090506,2.2085884421613446,0.1831719525110914
002597.SZ,20260924,21.56,20260630,3.946272134154939,13.92076261230829,0.18303674091627734
688618.SS,20260924,29.06,20260630,5.315905381626116,11.200181845073812,0.18292860914060965
300608.SZ,20260924,9.86,20260630,1.8030444899072655,4.305620096469091,0.1828645527289316
002592.SZ,20260924,6.36,20260630,1.1629297448388896,3.6766765155559535,0.18285058881114616
688069.SS,20260924,37.3,20260630,6.80873941339896,8.836041648317353,0.18253993065412763
603277.SS,20260924,11.24,20260630,2.049932674512284,4.488478436050362,0.18237835182493628
300359.SZ,20260924,4.15,20260630,0.7567403187045755,0.9646509838837372,0.18234706474809045
300547.SZ,20260924,24.55,20260630,4.464905793504907,6.290657073736133,0.18186988975580068
300354.SZ,20260924,27.56,20260630,5.009813853263408,6.30244178531518,0.18177844170041393
688311.SS,20260924,24.55,20260630,4.44702299564562,10.277302245179758,0.18114146621774418
301538.SZ,20260924,40.95,20260630,7.411810468294461,13.588407525510204,0.18099659263234336
688551.SS,20260924,43.3,20260630,7.830412795532948,12.139559872129038,0.1808409421601143
002533.SZ,20260924,10.91,20260630,1.9723581001544999,6.132823216088326,0.1807844271452337
603027.SS,20260924,7.29,20260630,1.3169215178084086,2.675199233243631,0.18064767048126318
600662.SS,20260924,4.2,20260630,0.7568342284163136,2.30236675814756,0.180198625813408
600158.SS,20260924,7.03,20260630,1.265428795874856,2.500295400354355,0.18000409614151577
003019.SZ,20260924,27.41,20260630,4.927909046231624,9.288854841142207,0.17978508012519606
002801.SZ,20260924,27.1,20260630,4.865647729327359,8.857163571078788,0.17954419665414606
603583.SS,20260924,28.08,20260630,5.030133024179919,12.6126473879675,0.1791357914593988
300976.SZ,20260924,62.43,20260630,11.177420937698946,19.814380322161583,0.17903925897323317
603519.SS,20260924,17.58,20260630,3.142431368820985,4.028336678125266,0.17875036227650656
003011.SZ,20260924,19.98,20260630,3.5615595570630063,14.04104178905901,0.17825623408723754
002623.SZ,20260924,19.05,20260630,3.394840918702845,13.371339152723037,0.17820687237285276
688707.SS,20260924,10.09,20260630,1.797624398488419,7.494518277752395,0.1781590087699127
002769.SZ,20260924,6.73,20260630,1.198047641144722,3.232563739761905,0.178015994226556
600582.SS,20260924,4.83,20260630,0.8597259893915856,6.068268179430533,0.17799709925291626
301131.SZ,20260924,33.61,20260630,5.979878447781496,19.616218253585604,0.1779196205826092
002515.SZ,20260924,7.4,20260630,1.3159620111631207,2.142515650428157,0.1778327042112325
002204.SZ,20260924,5.41,20260630,0.962019723484814,4.198320648728635,0.17782249971992864
002327.SZ,20260924,6.14,20260630,1.0906355377963401,4.115458992528428,0.17762793775184693
300815.SZ,20260924,15.4,20260630,2.7346398601011264,11.807134943600063,0.17757401688968352
002179.SZ,20260924,34.24,20260630,6.078760859660941,11.576981866161749,0.17753390361159288
301119.SZ,20260924,26.85,20260630,4.766436909340659,7.39583978021978,0.1775209277221847
688767.SS,20260924,42.93,20260630,7.6165039673936334,13.801066754767868,0.17741681731641354
002438.SZ,20260924,13.76,20260630,2.4349313419448264,7.427329843934417,0.1769572196180833
001319.SZ,20260924,21.33,20260630,3.764778087778425,9.8073302135869,0.17650155123199368
688369.SS,20260924,19.57,20260630,3.4523275720930107,6.434553276435794,0.17640917588620392
688566.SS,20260924,27.72,20260630,4.888971871808594,12.50800857526636,0.17636983664533168
002917.SZ,20260924,10.14,20260630,1.7876361612653162,5.264683721246788,0.17629547941472545
300824.SZ,20260924,7.88,20260630,1.3858168714297059,2.34845402991358,0.17586508520681546
600983.SS,20260924,7.39,20260630,1.29929323142481,3.447924590215268,0.17581775797358729
300634.SZ,20260924,21.2,20260630,3.726707424765754,6.134167159240861,0.17578808607385632
600006.SS,20260924,5.49,20260630,0.96421528,3.955756863,0.1756311985428051
603918.SS,20260924,10.41,20260630,1.8244478039053076,2.6573199972875936,0.17525915503413136
688789.SS,20260924,49.72,20260630,8.703972493382194,19.03323011555798,0.17505978466174968
603486.SS,20260924,50.33,20260630,8.80225966151327,18.007934571374513,0.17489091320312478
002224.SZ,20260924,3.74,20260630,0.653143596244,2.239544168819189,0.17463732519893047
002049.SZ,20260924,60.6,20260630,10.579803611396693,17.015597268905182,0.17458421800984641
600199.SS,20260924,6.94,20260630,1.2110353120221207,2.8806737230461303,0.17450076542105483
603506.SS,20260924,12.08,20260630,2.1073813151829124,6.676079029408278,0.17445209562772454
301016.SZ,20260924,15.27,20260630,2.657462907906077,3.3538359980955432,0.17403162461729385
000957.SZ,20260924,9.68,20260630,1.684593453939313,5.0832402810871615,0.174028249373896
002415.SZ,20260924,32.63,20260630,5.675629403225708,9.203265141073436,0.17393899488892758
301022.SZ,20260924,22.3,20260630,3.875698601403002,13.934081754912336,0.17379814356067272
001314.SZ,20260924,54.67,20260630,9.490467437592557,15.91211383202602,0.17359552657019492
605369.SS,20260924,17.75,20260630,3.077231492386488,7.770331211414807,0.1733651545006472
605598.SS,20260924,24.56,20260630,4.243914506382205,5.943086265019283,0.17279782192109955
300810.SZ,20260924,25.04,20260630,4.326088310917298,6.294694704656536,0.17276710506858217
002429.SZ,20260924,8.3,20260630,1.4334471852725148,3.684351587517967,0.17270448015331502
605218.SS,20260924,14.51,20260630,2.5057276640923503,7.476301056250238,0.17268970806976913
600730.SS,20260924,8.91,20260630,1.536798512245677,2.846595454576447,0.172480192171232
002561.SZ,20260924,7.33,20260630,1.263875426625265,5.156004524212111,0.17242502409621624
300484.SZ,20260924,12.85,20260630,2.212197308507901,3.245619613262736,0.17215543256870827
600052.SS,20260924,3.64,20260630,0.6248821430497793,2.5962365264066736,0.17167091842026902
600572.SS,20260924,4.21,20260630,0.7223094657102634,2.7834065836926207,0.17156994434923123
002349.SZ,20260924,8.46,20260630,1.4506046990234756,3.4724957183594385,0.17146627648031623
300838.SZ,20260924,14.46,20260630,2.4767512104482927,6.564416045814609,0.17128293294939784
600814.SS,20260924,6.89,20260630,1.179887131513582,5.540775790664051,0.17124631807163745
688768.SS,20260924,46.92,20260630,8.033472056343582,11.777023911307571,0.1712163694872886
600103.SS,20260924,3.61,20260630,0.6176278835433109,1.8006379938833754,0.1710880563831886
002678.SZ,20260924,4.39,20260630,0.74989930118273,2.179700644882422,0.17081988637419818
002553.SZ,20260924,16.27,20260630,2.7773444840012305,4.724051453095317,0.17070341020290292
301163.SZ,20260924,23.44,20260630,3.9968244485294115,13.940712426470588,0.17051298841849025
688484.SS,20260924,33.67,20260630,5.735435306385572,9.445899989908908,0.17034259894225043
600522.SS,20260924,34.8,20260630,5.925199457831003,11.309384478574438,0.17026435223652311
300549.SZ,20260924,14.95,20260630,2.5395108279567604,4.088852243094765,0.16986694501383012
300137.SZ,20260924,10.22,20260630,1.7359969381194487,3.918163050328423,0.1698627141017073
601137.SS,20260924,19.85,20260630,3.366326280269136,10.662037845634243,0.16958822570625368
688565.SS,20260924,11.46,20260630,1.943378640284854,3.5925462308939324,0.16957928798297156
600179.SS,20260924,4.45,20260630,0.7538555252429578,1.9761155977311369,0.16940573600965345
300897.SZ,20260924,17.51,20260630,2.962994995811498,4.996405953087892,0.16921730415828085
002593.SZ,20260924,4.63,20260630,0.7831194194615676,3.0883594670172787,0.169140263382628
603896.SS,20260924,14.51,20260630,2.4526630148505406,11.716049783859363,0.1690325992316017
300643.SZ,20260924,17.6,20260630,2.9713523424384802,5.719785214359343,0.16882683763855
002935.SZ,20260924,18.08,20260630,3.0463432121068927,3.8136863454582817,0.16849243429794764
002875.SZ,20260924,12.97,20260630,2.1827688884155863,3.078226118751741,0.1682936691145402
300046.SZ,20260924,24.81,20260630,4.173995228734373,4.793769330496123,0.16823842115011584
603239.SS,20260924,14.0,20260630,2.354517944739953,4.904051440602837,0.1681798531957109
603305.SS,20260924,11.17,20260630,1.8767785390431828,8.107306465143733,0.16801956482033867
603989.SS,20260924,31.15,20260630,5.232126070759943,9.962141997341591,0.16796552394092915
300474.SZ,20260924,52.58,20260630,8.829877666019184,12.966510133516463,0.16793224925863798
002252.SZ,20260924,5.02,20260630,0.842830956647007,4.9194642838154135,0.16789461287788987
002995.SZ,20260924,17.02,20260630,2.8555129800047876,4.512600713151903,0.167773970623078
603908.SS,20260924,19.45,20260630,3.2631705215248665,5.344144696272148,0.16777226331747386
688088.SS,20260924,29.49,20260630,4.947474809810262,6.836784329852864,0.16776788097016826
000823.SZ,20260924,24.48,20260630,4.1020019236442975,10.240051569811891,0.1675654380573651
003025.SZ,20260924,12.2,20260630,2.0438803503675174,4.491385760628858,0.16753117625963257
600562.SS,20260924,26.88,20260630,4.496349391328077,5.435679921302426,0.16727490295119335
300725.SZ,20260924,52.08,20260630,8.705923148431735,19.59774205788164,0.16716442297295958
002662.SZ,20260924,3.1,20260630,0.5178738026666667,2.9335773313333333,0.1670560653763441
300562.SZ,20260924,17.35,20260630,2.8975744006295945,5.146803424939236,0.1670071700651063
002232.SZ,20260924,14.8,20260630,2.4698649784393383,3.474268676404614,0.1668827688134688
300636.SZ,20260924,7.04,20260630,1.1731032937506272,5.650670608994974,0.16663399058957773
603266.SS,20260924,18.06,20260630,3.0047722864172033,8.357339440748193,0.1663772030131342
300411.SZ,20260924,8.5,20260630,1.4137381828786597,2.3754470096720235,0.16632213916219526
002372.SZ,20260924,8.17,20260630,1.357620878656128,3.0013662476851715,0.16617146617578066
600737.SS,20260924,14.75,20260630,2.4485617894195726,5.2380149056738095,0.16600418911319137
002983.SZ,20260924,22.17,20260630,3.676149846091161,6.092633906593384,0.16581641164145966
002347.SZ,20260924,5.84,20260630,0.9659779897644052,2.162547089444867,0.16540719002815157
300278.SZ,20260924,3.58,20260630,0.592062048037313,1.1740325062698993,0.16538046034561815
002590.SZ,20260924,9.6,20260630,1.5865093001395056,5.976610898627143,0.1652613854311985
600237.SS,20260924,9.38,20260630,1.5499993816947086,3.18550811793815,0.16524513664122692
688336.SS,20260924,39.21,20260630,6.479060080318252,9.488583478922912,0.16523999184693322
300633.SZ,20260924,19.26,20260630,3.1822279040337382,7.0806612074535735,0.16522470945138826
600095.SS,20260924,8.82,20260630,1.4567338135531531,4.502114494412451,0.16516256389491532
300802.SZ,20260924,26.26,20260630,4.335941994308521,5.518335006785844,0.16511584136742272
002883.SZ,20260924,9.26,20260630,1.5279424192419067,2.940625625851842,0.165004580911653
300011.SZ,20260924,5.84,20260630,0.9634757357050809,2.4954530013949,0.1649787218673084
001336.SZ,20260924,19.19,20260630,3.1658757340535963,7.953641399240482,0.16497528577663345
000550.SZ,20260924,15.99,20260630,2.6346490294601224,13.784345438917686,0.1647685446816837
301012.SZ,20260924,22.95,20260630,3.7809915426657774,6.062715208679172,0.16474908682639552
300599.SZ,20260924,13.69,20260630,2.2520485261640295,5.466691982234344,0.16450317941300435
000777.SZ,20260924,16.37,20260630,2.69180469504434,6.589801091886778,0.16443522877485278
688579.SS,20260924,7.92,20260630,1.30187576560586,3.44602341441464,0.16437825323306313
002577.SZ,20260924,21.9,20260630,3.5982394580459443,4.179551028187881,0.16430317160027144
300091.SZ,20260924,2.42,20260630,0.39738762101762265,0.4575255146719318,0.16420976075108373
605099.SS,20260924,28.62,20260630,4.697791743404134,7.873745568424809,0.16414366678560915
301120.SZ,20260924,14.63,20260630,2.3965001493494085,2.8243423044264406,0.16380725559462805
300667.SZ,20260924,15.15,20260630,2.4810953411779044,5.086233300283925,0.16376866938468015
300488.SZ,20260924,37.51,20260630,6.137920313949536,11.759314786334771,0.16363423924152323
688056.SS,20260924,58.24,20260630,9.526954139547664,11.944954042822175,0.16358094333014533
600968.SS,20260924,3.88,20260630,0.6343132456659237,2.9332195141623063,0.16348279527472262
603136.SS,20260924,9.07,20260630,1.4812750542143722,5.011221507861996,0.16331588249331558
002166.SZ,20260924,6.68,20260630,1.0900844831539995,4.375433062769249,0.16318629987335323
600305.SS,20260924,6.66,20260630,1.0863320095089515,3.0272015607667364,0.1631129143406834
600268.SS,20260924,10.08,20260630,1.6434275801038793,3.6814389527791582,0.16303845040713089
603577.SS,20260924,9.7,20260630,1.5801817720221585,5.828178352186463,0.162905337321872
002543.SZ,20260924,7.11,20260630,1.1570163193442642,6.270534365890472,0.16273084660256878
603229.SS,20260924,8.15,20260630,1.3236410487994823,2.8953427931341973,0.16240994463797329
003013.SZ,20260924,16.3,20260630,2.645710730206833,7.29543681654077,0.16231354173048054
300148.SZ,20260924,3.56,20260630,0.5778100870679268,1.336614768786119,0.1623062042325637
603605.SS,20260924,56.45,20260630,9.158222473578885,17.141741204993895,0.162236004846393
300375.SZ,20260924,4.07,20260630,0.660112022733246,2.6996445839362115,0.1621896861752447
688517.SS,20260924,16.68,20260630,2.7004012344379746,5.555765976040203,0.16189455841954284
300162.SZ,20260924,7.68,20260630,1.242864739907235,2.333102223451043,0.1618313463420879
600150.SS,20260924,38.09,20260630,6.153618817636445,20.246867999331883,0.16155470773527025
300979.SZ,20260924,34.18,20260630,5.514562430162811,13.227589397600685,0.1613388657157054
301191.SZ,20260924,84.73,20260630,13.660706229497162,17.7354450179543,0.16122632160388484
301587.SZ,20260924,22.04,20260630,3.551519560536944,13.674851254167672,0.16113972597717532
603533.SS,20260924,22.37,20260630,3.601479233724709,5.187009714936769,0.16099594249998697
603195.SS,20260924,37.89,20260630,6.097699483493356,8.422233913906089,0.16093163060156654
300235.SZ,20260924,11.95,20260630,1.9225405708820906,2.819359179488521,0.16088205614076073
002642.SZ,20260924,6.81,20260630,1.095539748742635,1.871614534966244,0.16087220980068062
301161.SZ,20260924,30.7,20260630,4.937167575250836,8.242699548494983,0.16081979072478295
300233.SZ,20260924,13.23,20260630,2.1271504553086427,9.87640637741038,0.16078234734003347
300303.SZ,20260924,6.7,20260630,1.076755092723078,2.365689958921528,0.16070971533180267
605288.SS,20260924,66.19,20260630,10.61419109335375,22.0132000360096,0.16035943637035427
300304.SZ,20260924,12.13,20260630,1.941975055437942,4.073469971860649,0.16009687184154509
605258.SS,20260924,41.12,20260630,6.579529454545455,13.60784525,0.16000801202688364
001223.SZ,20260924,43.05,20260630,6.887005857328747,14.512473292818978,0.15997690725502317
002014.SZ,20260924,10.96,20260630,1.7515455968520568,4.07383730709005,0.15981255445730444
002644.SZ,20260924,8.14,20260630,1.300264239988877,3.64643848219059,0.15973762162025515
002237.SZ,20260924,12.84,20260630,2.0503759571505764,9.604337066113608,0.1596866010241882
300552.SZ,20260924,20.03,20260630,3.19713744432165,8.116538212983068,0.15961744604701197
300858.SZ,20260924,14.78,20260630,2.3586559670924063,6.888018558275749,0.1595843008858191
002247.SZ,20260924,2.45,20260630,0.38964299908243794,0.8145794810194619,0.15903795880915833
002674.SZ,20260924,20.42,20260630,3.243354854586423,8.247496001907543,0.15883226516094137
688588.SS,20260924,9.0,20260630,1.4293459242788853,2.9210203004114823,0.15881621380876504
000680.SZ,20260924,9.04,20260630,1.4337884846652482,4.449081144345496,0.1586049208700496
601958.SS,20260924,19.7,20260630,3.119740520129264,7.237381852866397,0.15836246295072406
300831.SZ,20260924,13.91,20260630,2.20032196875,3.024698953125,0.1581827439791517
002817.SZ,20260924,6.73,20260630,1.0626625933552185,3.257303864480348,0.157899345223658
603888.SS,20260924,17.58,20260630,2.7758376499239956,5.1568836115820345,0.15789747724254813
002733.SZ,20260924,17.72,20260630,2.7971921014354537,7.119261034239301,0.15785508473112042
002998.SZ,20260924,8.26,20260630,1.3030636832967122,5.083436560341394,0.15775589386158745
300425.SZ,20260924,4.05,20260630,0.638270197992919,3.4725460595320765,0.157597579751338
002483.SZ,20260924,6.02,20260630,0.9486721135996078,5.111261932803916,0.1575867298338219
300510.SZ,20260924,3.38,20260630,0.532125622277713,2.2726183510884472,0.15743361605849496
300978.SZ,20260924,8.77,20260630,1.3758247713982712,3.734080128460527,0.1568785372175908
301111.SZ,20260924,22.38,20260630,3.5015767718218247,4.63766409096191,0.1564600881064265
300578.SZ,20260924,15.5,20260630,2.4223731367176855,5.721688216265377,0.1562821378527539
600316.SS,20260924,32.91,20260630,5.139642752063007,7.502249420382668,0.15617267554126427
603615.SS,20260924,18.82,20260630,2.937635435447854,4.746575002067654,0.156091149598717
001313.SZ,20260924,7.31,20260630,1.1407581687136183,3.827805980272573,0.15605446904427064
300452.SZ,20260924,13.12,20260630,2.0458242360313577,4.447698313015622,0.15593172530726812
600571.SS,20260924,10.21,20260630,1.5897762530272,2.4873717428924715,0.15570776229453476
300827.SZ,20260924,25.31,20260630,3.934853390804613,7.789635160363644,0.1554663528567607
603551.SS,20260924,9.33,20260630,1.4504474658955306,3.266541986562943,0.1554606072771201
688779.SS,20260924,7.44,20260630,1.1565665706892243,3.915920318395375,0.1554524960603796
301156.SZ,20260924,11.81,20260630,1.8336703300589257,3.9822218029118193,0.1552642108432621
300267.SZ,20260924,3.19,20260630,0.49491299223006296,1.9501672062860973,0.15514513863011378
603194.SS,20260924,33.37,20260630,5.174779204488778,13.955651371571072,0.15507279605899846
688007.SS,20260924,11.23,20260630,1.7405617200191854,5.171054625213588,0.15499213891533262
000850.SZ,20260924,5.12,20260630,0.7933970099433665,4.981419145213144,0.15496035350456377
603109.SS,20260924,17.72,20260630,2.743525359252636,9.505008863744296,0.15482648754247383
000551.SZ,20260924,12.14,20260630,1.8775416335035677,6.318464454350406,0.15465746569222139
002947.SZ,20260924,63.41,20260630,9.804807537264212,13.326025610462176,0.15462557226406265
000795.SZ,20260924,8.52,20260630,1.3171284724679397,2.406985447699224,0.15459254371689435
300922.SZ,20260924,17.7,20260630,2.7352807027163664,6.142249228764909,0.15453563292182862
300676.SZ,20260924,45.12,20260630,6.9565629349459375,20.35973297049852,0.15417914306174507
002160.SZ,20260924,3.85,20260630,0.5924020533577371,3.644272835583184,0.15387066320980183
002495.SZ,20260924,2.4,20260630,0.3688832585755109,1.208560114605115,0.1537013577397962
603077.SS,20260924,2.22,20260630,0.3410123292484157,2.368978381766705,0.15360915731910615
000985.SZ,20260924,17.23,20260630,2.6466845907304486,4.702497117005234,0.15360908826061803
000410.SZ,20260924,5.23,20260630,0.8029857668255009,1.602969436543841,0.1535345634465585
300865.SZ,20260924,32.8,20260630,5.033104347826087,9.277955602006688,0.1534483032873807
000530.SZ,20260924,5.2,20260630,0.7978014597926262,3.74676936213898,0.1534233576524281
300726.SZ,20260924,58.43,20260630,8.944973160622668,11.947908554112823,0.15308870718163048
000963.SZ,20260924,26.06,20260630,3.9849837750572257,14.50694438678978,0.1529157242922957
300509.SZ,20260924,8.83,20260630,1.3492868792172739,2.413333923751687,0.15280712108915898
000099.SZ,20260924,12.89,20260630,1.9680286662027053,7.145783727171236,0.1526787173159585
002184.SZ,20260924,9.93,20260630,1.5146023750443902,3.643769962050064,0.15252793303568885
688099.SS,20260924,89.52,20260630,13.621961439523162,18.90681327300859,0.15216668274713094
600161.SS,20260924,12.1,20260630,1.83883643680369,6.038322397217422,0.15196995345485043
605169.SS,20260924,12.99,20260630,1.974059531173399,7.593591640482979,0.15196763134514235
603106.SS,20260924,7.26,20260630,1.1028191343820968,1.7415674252987847,0.1519034620361015
002158.SZ,20260924,27.4,20260630,4.160145759269614,8.155604848045092,0.15183013719962096
603767.SS,20260924,14.74,20260630,2.237468644645799,4.450911938671198,0.15179570180772042
300225.SZ,20260924,8.08,20260630,1.2260937642414442,1.8277528478842664,0.15174427775265398
002706.SZ,20260924,8.61,20260630,1.3063558524864227,3.839511397459956,0.15172541840725004
002729.SZ,20260924,13.97,20260630,2.117859195206922,3.54435452421602,0.15160051504702374
600847.SS,20260924,13.03,20260630,1.9723158198260262,2.9809409905837008,0.15136729238879712
002584.SZ,20260924,8.79,20260630,1.3303617426511658,3.779603915489576,0.15134945877715197
603937.SS,20260924,13.55,20260630,2.0411620759553197,7.598926562004955,0.15063926759817858
603369.SS,20260924,26.92,20260630,4.037422908738653,13.753608377539694,0.14997856273174787
603079.SS,20260924,13.11,20260630,1.9656618077430594,8.46920573749307,0.14993606466384893
300632.SZ,20260924,19.39,20260630,2.90310401699372,5.467279665936659,0.14972171309921198
300650.SZ,20260924,12.68,20260630,1.8939311946042947,4.8465453126560085,0.14936365888046488
002881.SZ,20260924,45.53,20260630,6.799139759217155,9.4114045239893,0.1493331816212861
000852.SZ,20260924,5.32,20260630,0.7937234074781797,3.079190533265427,0.14919612922522174
603868.SS,20260924,31.0,20260630,4.620342483930211,7.962089609733701,0.14904330593323262
002139.SZ,20260924,9.6,20260630,1.4296435052792706,5.799760137708733,0.1489211984665907
688021.SS,20260924,20.22,20260630,3.00802570564654,11.554449379814884,0.14876487169369634
603617.SS,20260924,6.79,20260630,1.0088654815084557,3.374258585068024,0.14858107238710688
002686.SZ,20260924,6.21,20260630,0.9225492789630805,2.8817803771929547,0.14855866005846707
600315.SS,20260924,18.12,20260630,2.690737091134598,10.614734352732077,0.14849542445555175
300580.SZ,20260924,18.46,20260630,2.7406592456982866,6.663907250932021,0.14846474787097977
301003.SZ,20260924,58.22,20260630,8.638220791143466,12.271428806225485,0.14837205068951334
688696.SS,20260924,83.58,20260630,12.397450808060942,43.55575892244064,0.1483303518552398
002098.SZ,20260924,8.41,20260630,1.2462061102266884,4.400517212067645,0.14818146376060504
603666.SS,20260924,27.12,20260630,4.016837955179579,9.971266817826772,0.14811349392255083
300559.SZ,20260924,12.72,20260630,1.8838929545214806,2.937219167780684,0.14810479202212898
603987.SS,20260924,7.5,20260630,1.1106242351030773,6.476205867668299,0.14808323134707696
002279.SZ,20260924,6.57,20260630,0.9727676393997196,1.743964752806352,0.14806204557073357
300525.SZ,20260924,7.73,20260630,1.1439860254574603,3.199331642073037,0.14799301752360416
603919.SS,20260924,15.85,20260630,2.345210535088654,6.847301799295339,0.14796280978477314
300880.SZ,20260924,18.98,20260630,2.808119229974905,5.456896694218515,0.14795148735378846
300627.SZ,20260924,26.28,20260630,3.887417510916683,5.5205232131300335,0.14792304075025428
300274.SZ,20260924,84.21,20260630,12.443708760452685,24.31110409730907,0.14776996509265747
300980.SZ,20260924,23.69,20260630,3.500246661123629,10.669284786250191,0.1477520751846192
000989.SZ,20260924,8.52,20260630,1.2576033838705767,4.346040684839701,0.14760603097072497
688505.SS,20260924,8.36,20260630,1.2339454872458944,2.076729452779985,0.14760113483802564
002832.SZ,20260924,25.15,20260630,3.694167700220802,9.504491582585649,0.14688539563502195
601333.SS,20260924,3.06,20260630,0.4490047839095074,4.088512419713485,0.1467335895129109
603706.SS,20260924,17.12,20260630,2.5069701376558187,9.0518945458747,0.14643517159204547
605499.SS,20260924,110.83,20260630,16.222627968175715,36.49516941660085,0.1463739778776118
002780.SZ,20260924,14.91,20260630,2.1820522021321827,5.0394886088293,0.1463482362261692
600276.SS,20260924,44.86,20260630,6.56020227053652,9.766844520572985,0.14623723295890592
688188.SS,20260924,95.25,20260630,13.928898530632695,15.632417524739529,0.14623515517724614
688513.SS,20260924,50.0,20260630,7.290601814446343,16.82375775087436,0.14581203628892686
603311.SS,20260924,25.89,20260630,3.7749649686914797,5.654901454357558,0.14580783965590882
300515.SZ,20260924,16.88,20260630,2.459266775469258,4.676577131581484,0.14569115968419777
688468.SS,20260924,6.53,20260630,0.9510624344228151,4.338779465533491,0.145645089498134
300668.SZ,20260924,31.76,20260630,4.624472437668938,6.594234869073032,0.1456068147880648
002906.SZ,20260924,27.5,20260630,4.001124628664404,13.588415408615363,0.14549544104234197
600171.SS,20260924,22.88,20260630,3.326628374353213,6.423960807506422,0.1453945967811719
300516.SZ,20260924,35.61,20260630,5.175127660943855,7.25748486840496,0.14532793206806668
002811.SZ,20260924,16.36,20260630,2.37274891815577,4.983142525379323,0.1450335524545092
002632.SZ,20260924,9.59,20260630,1.3898872090895937,3.470820474618366,0.14493088728775744
300018.SZ,20260924,11.82,20260630,1.7090074624460316,2.931897647895195,0.1445860797331668
688798.SS,20260924,56.59,20260630,8.17957990368888,18.000696362329336,0.14454108329543877
000908.SZ,20260924,6.05,20260630,0.8736150892103189,1.1895409359392757,0.14439918829922627
002645.SZ,20260924,18.2,20260630,2.626940352349915,5.760639902543502,0.14433738199724808
603600.SS,20260924,10.32,20260630,1.488827107671653,6.741323878531011,0.14426619260384235
300628.SZ,20260924,40.96,20260630,5.897123805901169,7.281178559569089,0.143972749167509
002293.SZ,20260924,10.75,20260630,1.5460334605580663,4.90605795557533,0.1438170660984248
300697.SZ,20260924,14.82,20260630,2.1284705736871303,3.004432223095414,0.14362149620021122
300767.SZ,20260924,21.16,20260630,3.0339158678724814,5.539040033540286,0.14337976691268817
688367.SS,20260924,30.9,20260630,4.4292830323904475,6.728801295526599,0.14334249295761967
603030.SS,20260924,2.04,20260630,0.2923228034715014,253.14392882249783,0.1432954918977948
603392.SS,20260924,26.38,20260630,3.7753049597393944,9.282156729990374,0.14311239422818023
600637.SS,20260924,8.89,20260630,1.2719417310941243,8.852451474760885,0.1430755603030511
002907.SZ,20260924,14.43,20260630,2.0644216869213072,4.161383629933094,0.14306456596821257
600469.SS,20260924,4.96,20260630,0.7085318501002633,5.21974177117917,0.142849163326666
605056.SS,20260924,14.01,20260630,1.9995941430670916,4.53041077123916,0.14272620578637343
601179.SS,20260924,11.75,20260630,1.6759444638147247,4.570291649175174,0.1426335713884872
300557.SZ,20260924,25.09,20260630,3.5762148820328914,6.502840979774474,0.14253546759796298
000886.SZ,20260924,4.61,20260630,0.656872720976938,3.289895196162974,0.1424886596479258
002755.SZ,20260924,12.6,20260630,1.7948538474037876,3.4742618886119603,0.14244871804791964
688689.SS,20260924,41.65,20260630,5.927407724069666,11.35263026582201,0.14231471126217687
600877.SS,20260924,11.9,20260630,1.6917812217496246,2.104673716006155,0.14216648922265754
000576.SZ,20260924,8.27,20260630,1.175205418287374,3.902774475407863,0.14210464550028706
600392.SS,20260924,21.35,20260630,3.032791499161266,7.449800569830477,0.1420511240824949
300357.SZ,20260924,19.95,20260630,2.832807931168271,5.260580990367507,0.14199538502096595
301606.SZ,20260924,52.51,20260630,7.450816849298171,8.598383696747144,0.14189329364498518
601882.SS,20260924,23.23,20260630,3.2944458968387673,5.891459962764958,0.14181859220141055
300127.SZ,20260924,23.84,20260630,3.372865920569243,4.650351726072359,0.14147927519166287
000920.SZ,20260924,12.71,20260630,1.797467092869092,4.281404886355501,0.1414214864570489
600067.SS,20260924,2.63,20260630,0.3713052349374938,4.054274344705514,0.14118069769486458
000807.SZ,20260924,26.03,20260630,3.6719000589916413,11.003902742571317,0.14106415900851482
603317.SS,20260924,12.66,20260630,1.783260741817719,4.032580252499734,0.1408578785006097
300673.SZ,20260924,14.82,20260630,2.08409789926667,8.327065992735768,0.14062738861448515
603931.SS,20260924,35.87,20260630,5.043472421453812,10.711138885773677,0.14060419351697273
603606.SS,20260924,35.56,20260630,4.99624631041535,10.421986055085611,0.14050186474733828
300813.SZ,20260924,22.6,20260630,3.172409009746003,6.663060944878959,0.14037208007725677
601113.SS,20260924,3.54,20260630,0.49680874844124506,3.1140491269701864,0.14034145436193363
000705.SZ,20260924,7.02,20260630,0.9845675287654151,5.800779039387276,0.1402517847244181
600490.SS,20260924,6.79,20260630,0.9512626251816079,2.874918456695458,0.14009758839198938
605168.SS,20260924,53.07,20260630,7.425945307841561,12.573106571213383,0.13992736589111665
600251.SS,20260924,10.03,20260630,1.4024843934908018,5.513607469522692,0.13982895249160537
000786.SZ,20260924,15.91,20260630,2.223106041078678,16.18964415733088,0.13973010943297787
603500.SS,20260924,10.42,20260630,1.4544193971760715,3.225607799717064,0.13957959665797232
300154.SZ,20260924,13.91,20260630,1.9398980593709114,3.8088484710913177,0.13946068004104323
603082.SS,20260924,46.74,20260630,6.504022655133642,10.368673586614069,0.13915324465412157
603716.SS,20260924,17.27,20260630,2.402531866959243,4.97864934194873,0.139115915863303
002130.SZ,20260924,16.09,20260630,2.235597685523997,6.623359179856906,0.13894329928676177
688698.SS,20260924,43.87,20260630,6.092709683681711,11.302496797630234,0.13888100487079352
002328.SZ,20260924,8.75,20260630,1.2149362814255273,4.611166332180763,0.138849860734346
000619.SZ,20260924,5.23,20260630,0.7259410024908404,5.602695594592027,0.13880325095427157
002890.SZ,20260924,15.31,20260630,2.124899955944118,3.559212518180998,0.13879163657375038
603298.SS,20260924,22.72,20260630,3.1525329570395484,9.309539165034815,0.1387558519823745
000887.SZ,20260924,19.38,20260630,2.6871949007286875,11.218965521499044,0.13865814761241937
605111.SS,20260924,59.7,20260630,8.270268303518856,10.862816665137784,0.13853045734537447
002025.SZ,20260924,71.35,20260630,9.868390366047759,14.700420756125132,0.13830960569092865
002782.SZ,20260924,14.96,20260630,2.0681157775183734,4.422417933960249,0.13824303325657575
688686.SS,20260924,136.3,20260630,18.804492596475676,26.128642897701702,0.13796399557208858
002284.SZ,20260924,9.51,20260630,1.3112275290120685,4.806550100555493,0.13787881482776745
300908.SZ,20260924,16.89,20260630,2.3280369383561643,12.05877339041096,0.13783522429580605
603050.SS,20260924,16.83,20260630,2.318322361647821,4.744586107055304,0.13774939760236607
600184.SS,20260924,19.45,20260630,2.6780873302223087,5.950003729370684,0.13769086530705957
300321.SZ,20260924,34.43,20260630,4.732577511261261,7.150528209459459,0.1374550540592873
300913.SZ,20260924,39.51,20260630,5.428045074361155,7.71186128920986,0.13738408186183637
600645.SS,20260924,18.91,20260630,2.593534205103509,8.202661970275468,0.1371514651033056
002927.SZ,20260924,19.58,20260630,2.6827712198518783,4.555436274693854,0.13701589478303772
001279.SZ,20260924,26.4,20260630,3.6171659,6.28260669375,0.13701385984848485
603602.SS,20260924,11.63,20260630,1.5921549329031073,4.052039052480334,0.13690068210688797
002967.SZ,20260924,18.11,20260630,2.47759813565042,8.00361187604464,0.13680829020709112
603127.SS,20260924,46.39,20260630,6.342742729942966,12.23822993460337,0.13672650851353665
001395.SZ,20260924,30.55,20260630,4.173354173571875,9.781813833026291,0.13660733792379295
688556.SS,20260924,7.85,20260630,1.0705337139284874,4.150073217150311,0.13637372151955254
603016.SS,20260924,32.52,20260630,4.431597617440604,5.5004039821814255,0.13627298946619323
600664.SS,20260924,8.14,20260630,1.1085340997090456,2.4243999633218034,0.13618355033280657
603926.SS,20260924,17.51,20260630,2.3816484518037844,7.599606885277387,0.13601647354676094
300389.SZ,20260924,13.08,20260630,1.7789779411107902,4.841336503105739,0.1360074878525069
600058.SS,20260924,8.83,20260630,1.2008919989845424,2.868141306745988,0.13600135888839665
300276.SZ,20260924,5.9,20260630,0.8020901814012146,1.2696910635126193,0.1359474883730872
605090.SS,20260924,31.39,20260630,4.263005092925724,17.66081026459798,0.1358077442792521
002095.SZ,20260924,16.03,20260630,2.1745462606837607,3.425042390788224,0.1356547885641772
603956.SS,20260924,6.97,20260630,0.945470727478915,3.180562181829252,0.13564859791663056
601609.SS,20260924,11.86,20260630,1.6086781418529774,6.181179532633228,0.13563896642942475
300194.SZ,20260924,3.84,20260630,0.5197620696865203,3.6989014013640817,0.13535470564753133
600675.SS,20260924,2.47,20260630,0.33396680911970805,2.333641614281624,0.13520923446142025
603688.SS,20260924,48.19,20260630,6.510596957494407,10.921551159582402,0.13510265527068702
688029.SS,20260924,82.76,20260630,11.179205144168558,22.438018241598385,0.1350798108285229
002826.SZ,20260924,17.68,20260630,2.386547166073959,4.50234239357809,0.13498569943857233
002692.SZ,20260924,4.29,20260630,0.5787465766014153,1.539891214321322,0.1349059619117518
603289.SS,20260924,10.87,20260630,1.4663260443393669,4.975889276552835,0.13489660021521316
002465.SZ,20260924,10.31,20260630,1.3905014962242568,4.503222538704929,0.13486920428945265
002395.SZ,20260924,14.05,20260630,1.8942714487134804,5.980338156461209,0.13482359065576371
688778.SS,20260924,42.15,20260630,5.681432138703801,18.945479701008324,0.13479079807126457
603803.SS,20260924,12.34,20260630,1.6589538163889879,2.692345585082239,0.1344371001935971
600568.SS,20260924,2.41,20260630,0.3238383732715591,0.6882829728854962,0.13437276899234818
605378.SS,20260924,14.85,20260630,1.994182703461413,4.148232536812639,0.1342883975394891
600468.SS,20260924,6.05,20260630,0.8102218728999055,1.8688434224340127,0.13392097072725712
300828.SZ,20260924,16.68,20260630,2.2284917138359113,4.734959752917282,0.13360262073356782
002690.SZ,20260924,15.83,20260630,2.1113865913936847,2.917225358407552,0.1333788118378828
300265.SZ,20260924,12.91,20260630,1.7216607577869107,3.990727512912504,0.13335869541339354
000912.SZ,20260924,3.93,20260630,0.5238771246594828,4.116970477633907,0.13330206734337985
001216.SZ,20260924,28.4,20260630,3.7840379778685813,9.100793106381316,0.13324077386861202
300135.SZ,20260924,3.46,20260630,0.4609716721275666,0.9501363401048492,0.13322880697328515
002517.SZ,20260924,16.17,20260630,2.1542377907911403,4.945736228262994,0.13322435317199383
300601.SZ,20260924,12.88,20260630,1.7153731218566755,8.633482123195073,0.13318114300129466
002446.SZ,20260924,8.15,20260630,1.084717256028309,2.466143549000474,0.1330941418439643
688171.SS,20260924,24.82,20260630,3.2988640659058563,7.0388827353944,0.13291152562070332
002727.SZ,20260924,10.6,20260630,1.4087617901035958,12.969039292572663,0.13290205567015057
001234.SZ,20260924,35.4,20260630,4.698890665379922,8.560909456180317,0.13273702444576052
300832.SZ,20260924,47.73,20260630,6.3344963690714975,11.443714627731511,0.13271519734069764
002298.SZ,20260924,8.56,20260630,1.1357818642984319,2.52425055359477,0.13268479723112522
603380.SS,20260924,34.23,20260630,4.5390362169921605,9.902489589376776,0.13260403789051012
600749.SS,20260924,13.19,20260630,1.7482175948146146,4.766523278067817,0.13254113683204052
600079.SS,20260924,18.82,20260630,2.491726253111039,11.8298495227038,0.13239778178060782
300111.SZ,20260924,2.98,20260630,0.3945050059869635,0.5547417102373807,0.1323842301969676
002285.SZ,20260924,3.26,20260630,0.43135021449843003,1.084081993389741,0.13231601671730983
688109.SS,20260924,72.29,20260630,9.56251567439602,9.869270703979517,0.13227992356337
600422.SS,20260924,8.04,20260630,1.0620117613621278,6.425667839452354,0.13209101509479204
600201.SS,20260924,11.4,20260630,1.504793285509438,5.032870807150597,0.1319994110095998
688271.SS,20260924,102.41,20260630,13.512079180864959,26.788564974059994,0.13194101338604589
000799.SZ,20260924,36.66,20260630,4.8361913671104375,11.242251746827876,0.13192011366913362
002850.SZ,20260924,169.27,20260630,22.32560900468904,54.52111870444761,0.1318934779032849
603444.SS,20260924,342.0,20260630,45.09098763326722,84.40633589794434,0.13184499307972872
001238.SZ,20260924,26.16,20260630,3.4437803426944398,7.320574370290061,0.13164297946079662
300820.SZ,20260924,71.94,20260630,9.467872453302634,11.575889114160496,0.1316079017695668
300403.SZ,20260924,8.93,20260630,1.1744951179841507,3.715041536557516,0.1315224096286843
300144.SZ,20260924,5.69,20260630,0.748355069507714,2.7612970088276287,0.1315211018466984
002180.SZ,20260924,16.66,20260630,2.18780506085729,6.449935213715345,0.13132083198423108
605018.SS,20260924,12.74,20260630,1.671689368057704,5.933816839222543,0.13121580596999247
600519.SS,20260924,1237.0,20260630,162.271652520388,200.8648408813464,0.1311816107683007
002171.SZ,20260924,10.25,20260630,1.3403091154957754,5.629131977061866,0.13076186492641712
600751.SS,20260924,2.87,20260630,0.3752674703654109,2.590921807919337,0.13075521615519545
001255.SZ,20260924,27.2,20260630,3.548444809392185,10.84077936968541,0.13045752975706565
300211.SZ,20260924,6.98,20260630,0.9104136682281647,1.4303896759712442,0.13043175762581155
002725.SZ,20260924,10.86,20260630,1.415891378278403,3.7774354150926737,0.13037673833134467
002148.SZ,20260924,6.27,20260630,0.8160557148327209,2.206333375111932,0.13015242660808946
300905.SZ,20260924,37.5,20260630,4.876244044532768,10.590019076398963,0.13003317452087382
300612.SZ,20260924,12.27,20260630,1.5951054220339294,2.43715612383523,0.13000044189355578
300652.SZ,20260924,28.65,20260630,3.7186017721955187,11.971510279951511,0.12979412817436367
603037.SS,20260924,10.22,20260630,1.3261746528714868,2.663523589503569,0.12976268619094783
002858.SZ,20260924,11.66,20260630,1.5113839580006865,4.803939239500946,0.12962126569474156
600771.SS,20260924,13.65,20260630,1.763811405270251,3.406234034711285,0.12921695276705134
603777.SS,20260924,14.31,20260630,1.8474836114024442,4.827263211204135,0.129104375360059
688176.SS,20260924,14.73,20260630,1.9012787346864464,2.3917546771982483,0.1290752705150337
605365.SS,20260924,14.81,20260630,1.909508593958853,7.432825462030579,0.12893373355562815
600843.SS,20260924,8.37,20260630,1.0791190384081546,3.7840612897707433,0.12892700578353103
002849.SZ,20260924,24.75,20260630,3.190225867075728,6.301228374504138,0.12889801483134256
300048.SZ,20260924,4.76,20260630,0.6114111508063694,1.5658064424015192,0.12844772075764063
002239.SZ,20260924,2.47,20260630,0.3172052554686022,1.821327497399196,0.12842318035166078
688091.SS,20260924,39.95,20260630,5.129894839589446,7.278376345901809,0.12840788084078714
600531.SS,20260924,11.53,20260630,1.4802554076632901,5.849790374498098,0.1283829494937806
002545.SZ,20260924,14.79,20260630,1.8986714033627532,8.33270992955743,0.12837534843561552
300752.SZ,20260924,13.12,20260630,1.683486193263434,7.885464267496335,0.12831449643776174
603639.SS,20260924,10.41,20260630,1.3346549072195057,10.500824653913805,0.12820892480494772
301591.SZ,20260924,43.08,20260630,5.521370606093859,8.50353955887194,0.12816552010431428
002771.SZ,20260924,13.55,20260630,1.73172665982827,2.8086527581408967,0.12780270552238154
605098.SS,20260924,53.4,20260630,6.82412375880913,8.784064885367668,0.12779257975297997
000037.SZ,20260924,8.94,20260630,1.1419381255037264,2.7842374711651816,0.12773357108542802
603118.SS,20260924,17.76,20260630,2.2684072193572127,6.470198527707434,0.12772563172056375
688018.SS,20260924,118.64,20260630,15.152352366788605,20.0775617316676,0.12771706310509615
300034.SZ,20260924,15.72,20260630,2.0066277600391627,4.845672794385442,0.1276480763383691
603496.SS,20260924,22.58,20260630,2.8781788007287474,4.3858673748527615,0.12746584591358492
603355.SS,20260924,31.1,20260630,3.961726232407382,10.243228042178297,0.12738669557580004
603183.SS,20260924,4.92,20260630,0.6255179672957625,3.208373719354397,0.12713779823084603
603838.SS,20260924,13.24,20260630,1.6822079857696945,2.7019593247681866,0.12705498381946334
300399.SZ,20260924,19.3,20260630,2.452117009109312,2.5651910829959514,0.1270526947725032
603223.SS,20260924,9.9,20260630,1.255814233239227,5.890662406638957,0.12684992254941688
600825.SS,20260924,7.77,20260630,0.9821944709185775,2.40654188868212,0.12640855481577573
002877.SZ,20260924,7.45,20260630,0.9408594433588554,3.4941389018631983,0.12628985816897387
002580.SZ,20260924,18.4,20260630,2.3198665060602632,5.384232982842254,0.12607970141631866
000096.SZ,20260924,7.89,20260630,0.9937882876421071,5.2384587837260925,0.12595542302181334
002871.SZ,20260924,18.2,20260630,2.2889577733175344,4.600339856441511,0.12576691062184256
301535.SZ,20260924,13.83,20260630,1.7376728215178372,2.780242679020545,0.12564517870700195
300412.SZ,20260924,4.5,20260630,0.5650448574531011,2.0507351527288624,0.1255655238784669
688286.SS,20260924,55.8,20260630,7.004163486302418,13.301744293617364,0.12552264312369926
603501.SS,20260924,81.4,20260630,10.21477663755992,25.965265301223432,0.1254886564810801
603025.SS,20260924,13.27,20260630,1.6637209120874947,2.489911303635464,0.1253745977458549
001231.SZ,20260924,22.75,20260630,2.851255808366138,10.402783720765822,0.12532992564246762
002235.SZ,20260924,7.77,20260630,0.9737526175873158,1.2575849521023126,0.12532208720557475
003040.SZ,20260924,14.5,20260630,1.8151347863185134,3.003763833457781,0.1251817094012768
300834.SZ,20260924,40.66,20260630,5.084204216966155,15.675937994560702,0.12504191384569985
605555.SS,20260924,12.52,20260630,1.5647380175356804,5.912996776244976,0.12497907488304157
603658.SS,20260924,33.65,20260630,4.2011037032962495,15.180265626848012,0.12484706399097324
000629.SZ,20260924,2.83,20260630,0.35304388242999446,1.355863792089285,0.12475048849116412
000045.SZ,20260924,11.09,20260630,1.3815994006607994,5.934951688530222,0.1245806492931289
600302.SS,20260924,7.14,20260630,0.8893380142488679,1.352204323667083,0.12455714485278263
603988.SS,20260924,17.68,20260630,2.199410416666667,2.78939599914966,0.12440104166666667
603288.SS,20260924,33.93,20260630,4.214440989977175,6.693232089283432,0.12420987297309681
300888.SZ,20260924,29.47,20260630,3.656148240256642,20.07456471626715,0.12406339464732413
300785.SZ,20260924,34.78,20260630,4.308597515832157,9.72533491108404,0.1238814696904013
002117.SZ,20260924,7.94,20260630,0.9807973408281897,2.6223928714099287,0.12352611345443194
688509.SS,20260924,4.15,20260630,0.5120946098184613,1.3984992409004977,0.1233962915225208
601700.SS,20260924,6.25,20260630,0.7703629005251226,1.9301480857168176,0.12325806408401961
600062.SS,20260924,16.05,20260630,1.9766589079744399,11.862847788136856,0.12315631825385917
688377.SS,20260924,16.97,20260630,2.084091683246296,8.205539241262924,0.1228103525778607
300845.SZ,20260924,14.2,20260630,1.7411871635368246,3.153136179980357,0.1226188143335792
002656.SZ,20260924,2.76,20260630,0.33787117399816236,0.552095482663715,0.1224170920283197
600486.SS,20260924,51.36,20260630,6.286721339340461,29.81835148833472,0.12240501050117719
300223.SZ,20260924,140.31,20260630,17.169121114297255,28.123017839172192,0.12236562692821078
002821.SZ,20260924,178.3,20260630,21.787578023016657,49.79622694903264,0.12219617511506818
603607.SS,20260924,23.28,20260630,2.8442469840373565,5.613961313445009,0.12217555773356342
002989.SZ,20260924,25.83,20260630,3.155333053225068,7.652479227566912,0.12215768692315401
603758.SS,20260924,10.91,20260630,1.3323551344883118,6.123245933567086,0.12212237713000108
300417.SZ,20260924,12.23,20260630,1.4907734655537324,3.328382024208699,0.12189480503301163
000514.SZ,20260924,4.35,20260630,0.5300393297073516,4.246192819868413,0.12184812177180497
001260.SZ,20260924,19.24,20260630,2.343447243478261,7.050377756521739,0.1218007922805749
300659.SZ,20260924,10.71,20260630,1.3032579548084928,4.333607333928953,0.12168608354887887
603601.SS,20260924,10.59,20260630,1.2885994002120955,2.3881673255517795,0.12168077433541978
603677.SS,20260924,14.44,20260630,1.7557427273236805,5.794371951548608,0.12158883153211085
301596.SZ,20260924,46.16,20260630,5.61248229450284,8.402107405419645,0.12158757137137868
002705.SZ,20260924,11.77,20260630,1.4285378435066314,10.42858504935942,0.12137109970319723
002153.SZ,20260924,7.46,20260630,0.9043112412622508,2.405451022707332,0.12122134601370654
002631.SZ,20260924,13.93,20260630,1.6862443971125476,2.527044988690783,0.1210512847891276
300006.SZ,20260924,5.45,20260630,0.6588654421940716,1.639471799146217,0.12089274168698562
300406.SZ,20260924,11.72,20260630,1.415805660270231,6.156934991913303,0.12080253073978078
000955.SZ,20260924,4.03,20260630,0.48644037927543904,1.1993549531477818,0.12070480875321067
688283.SS,20260924,34.08,20260630,4.113055154488178,7.983507403878804,0.12068823810117893
600080.SS,20260924,4.73,20260630,0.5702217569718873,4.389294194525052,0.12055428265790427
603379.SS,20260924,50.03,20260630,6.023413438530072,13.975144070556846,0.1203960311519103
002799.SZ,20260924,6.82,20260630,0.8210731658542683,3.996630768028997,0.12039195980267862
301002.SZ,20260924,27.48,20260630,3.307715393734534,8.295367683499663,0.12036810020868027
002800.SZ,20260924,14.64,20260630,1.7613311986680702,3.18336444414614,0.1203095081057425
001914.SZ,20260924,8.87,20260630,1.066522634582941,10.389605815314914,0.12023930491352211
603966.SS,20260924,7.54,20260630,0.906538664325241,4.010610718179631,0.12023059208557572
605100.SS,20260924,33.75,20260630,4.0522181642068595,10.622241314172728,0.12006572338390695
688011.SS,20260924,66.36,20260630,7.9649626603389265,10.46638957542458,0.12002656209070113
001212.SZ,20260924,38.27,20260630,4.593009445490273,9.593921632008664,0.12001592488869277
002695.SZ,20260924,10.53,20260630,1.2619794261005561,4.996552698448473,0.11984609934478217
600981.SS,20260924,2.37,20260630,0.28382783962626307,4.0068028508998745,0.1197585821207861
603015.SS,20260924,10.54,20260630,1.2600696874713955,3.4258702386577573,0.1195512037449142
002990.SZ,20260924,56.45,20260630,6.747567734900181,10.069005620395828,0.11953175792560107
300107.SZ,20260924,6.6,20260630,0.7884649183723038,2.6997557357297546,0.1194643815715612
300563.SZ,20260924,25.77,20260630,3.0780329893278484,6.481128727365534,0.11944249085478652
300886.SZ,20260924,23.97,20260630,2.863025067227562,7.982123206155649,0.11944201365154619
002830.SZ,20260924,14.98,20260630,1.788746365781262,3.599770949082883,0.11940896967832189
002021.SZ,20260924,2.57,20260630,0.3066490003173402,0.5166393783615082,0.11931867716628025
003020.SZ,20260924,16.99,20260630,2.0247232414666536,8.062858648981916,0.11917146800863176
300343.SZ,20260924,5.33,20260630,0.6347720175381146,1.8749013426944148,0.1190941871553686
300057.SZ,20260924,6.31,20260630,0.7501866044513983,6.077515049229419,0.11888852685442129
600714.SS,20260924,18.51,20260630,2.1949090374973377,2.6747996355688866,0.11857963465679836
300812.SZ,20260924,20.04,20260630,2.3735083100738743,3.5382259844378043,0.11843853842684005
600779.SS,20260924,26.21,20260630,3.1041741681846604,10.28336949461692,0.11843472598949487
600833.SS,20260924,10.62,20260630,1.2568773023120057,5.023504127753726,0.11835002846629056
603871.SS,20260924,12.07,20260630,1.4275932828197058,4.57625450642433,0.11827616261969393
000425.SZ,20260924,7.17,20260630,0.8474671703436281,5.51243646045114,0.11819625806745161
300074.SZ,20260924,3.83,20260630,0.45191134272148153,1.5194123163911164,0.11799251768184896
000513.SZ,20260924,27.58,20260630,3.2513178520100046,15.053179640329766,0.11788679666461221
002353.SZ,20260924,116.02,20260630,13.663702468743956,22.741914048361924,0.11777023331101497
001209.SZ,20260924,19.0,20260630,2.2351319227378426,9.846300990828317,0.11763852224936014
002112.SZ,20260924,14.1,20260630,1.656776095648337,2.9570397513855733,0.11750185075520121
603567.SS,20260924,5.17,20260630,0.6072961745765831,6.3941908503405065,0.11746541094324625
600773.SS,20260924,9.71,20260630,1.1392286641114997,4.417949744398794,0.11732530011446958
600538.SS,20260924,4.75,20260630,0.5572787249608043,1.2904512091289535,0.11732183683385354
300234.SZ,20260924,11.07,20260630,1.298745210066714,2.225622254748855,0.11732115718759838
688598.SS,20260924,36.53,20260630,4.281661595329137,18.34842605051032,0.11720946058935496
605189.SS,20260924,14.24,20260630,1.668828089581676,12.202131744918242,0.11719298381893792
603126.SS,20260924,6.33,20260630,0.741178501702041,3.3217214932123653,0.11708981069542512
300253.SZ,20260924,6.9,20260630,0.806855527738544,2.4489187465765294,0.11693558373022375
688296.SS,20260924,27.58,20260630,3.2247360816709967,5.322110375474528,0.11692299063346617
300613.SZ,20260924,86.88,20260630,10.138015719142736,14.16475765314809,0.11668986785385285
000697.SZ,20260924,8.91,20260630,1.0384266181444255,2.330120667152644,0.11654619732260668
300776.SZ,20260924,129.97,20260630,15.14371222560579,17.36296365740416,0.11651698257756245
000029.SZ,20260924,22.15,20260630,2.572512666310816,3.5332597018761245,0.11614052669574791
001301.SZ,20260924,47.65,20260630,5.526043128946517,19.86790049333286,0.11597152421713572
600195.SS,20260924,6.64,20260630,0.7688069017519552,5.597727562107387,0.11578417195059566
001208.SZ,20260924,13.62,20260630,1.576732607271111,4.586880903058589,0.11576597703899494
000768.SZ,20260924,22.1,20260630,2.5541088664700564,8.055512248213827,0.11557053694434644
688122.SS,20260924,51.33,20260630,5.918093695675662,11.121249023709542,0.11529502621616329
002901.SZ,20260924,41.34,20260630,4.760860753217006,8.609960910740405,0.11516354023263198
000663.SZ,20260924,6.08,20260630,0.6995380688060185,2.95856887677858,0.11505560342204252
002101.SZ,20260924,8.54,20260630,0.9819298477424688,11.873667105329009,0.11498007584806427
605005.SS,20260924,16.11,20260630,1.845639548628429,5.1775142418952615,0.11456483852442141
000062.SZ,20260924,22.74,20260630,2.6047458682082576,6.59671504581924,0.1145446731841802
300581.SZ,20260924,10.08,20260630,1.1544684247308081,1.6231535473118297,0.11453059769154843
603075.SS,20260924,20.15,20260630,2.307452478688033,5.114883675408115,0.11451377065449295
300840.SZ,20260924,19.27,20260630,2.206602743724442,5.2177338693092565,0.11450974279836233
603005.SS,20260924,29.51,20260630,3.373698234735714,6.882099034148351,0.11432389816115601
300896.SZ,20260924,92.26,20260630,10.527735279350496,26.24655115648595,0.11410942206102857
002657.SZ,20260924,14.89,20260630,1.698652319669354,4.712030530589543,0.11408007519606138
002625.SZ,20260924,24.97,20260630,2.8483623668427063,4.564479433526229,0.11407138033010439
688665.SS,20260924,47.27,20260630,5.386971382621097,12.073685804370829,0.11396173857882583
300885.SZ,20260924,18.9,20260630,2.1526490640003417,3.6840905969652447,0.11389677587303396
605338.SS,20260924,17.63,20260630,2.006795048135704,9.119106376328771,0.11382842020055044
300434.SZ,20260924,12.41,20260630,1.4018890996301245,6.507712120124137,0.1129644721700342
605033.SS,20260924,19.48,20260630,2.1999572773404075,9.03501060409528,0.1129341518141893
600838.SS,20260924,8.31,20260630,0.9372625077447381,3.872421344821958,0.11278730538444501
688228.SS,20260924,84.44,20260630,9.521239990343135,18.41456008987953,0.11275746080463211
300850.SZ,20260924,29.25,20260630,3.292216439902635,17.548812464877575,0.11255440820179949
301113.SZ,20260924,17.74,20260630,1.9954273626373626,5.731384615384616,0.11248181300097874
002286.SZ,20260924,8.46,20260630,0.9508284903597058,6.429358086911014,0.11239107451060351
300784.SZ,20260924,42.86,20260630,4.812158893957048,14.418180168993516,0.11227622244416818
600148.SS,20260924,15.77,20260630,1.769932463681784,3.4170401956804315,0.11223414481178084
002803.SZ,20260924,19.42,20260630,2.176458254317999,6.2684514318041895,0.11207303060339849
688305.SS,20260924,56.3,20260630,6.30922872735116,14.41033022602478,0.11206445341653926
601126.SS,20260924,38.39,20260630,4.30148479781608,5.848046285875378,0.11204701218588382
600679.SS,20260924,10.63,20260630,1.19086668752282,4.149671917166126,0.11202885113102727
603236.SS,20260924,72.68,20260630,8.126591762247877,15.971403697035823,0.11181331538590913
002413.SZ,20260924,8.97,20260630,1.0020681882612241,2.493449549205722,0.11171328743157459
002448.SZ,20260924,10.89,20260630,1.2164065185974196,6.688992409889895,0.11169940482988241
600088.SS,20260924,12.91,20260630,1.4407199934423986,3.0632607295230856,0.11159721095603398
002192.SZ,20260924,58.75,20260630,6.546601365606378,17.513379835925644,0.11143151260606601
002857.SZ,20260924,17.69,20260630,1.9709584518918613,3.5540176144848945,0.11141653204589379
002150.SZ,20260924,21.15,20260630,2.356108511921687,6.042247341471815,0.11139992964168734
603088.SS,20260924,10.15,20260630,1.1305581869769548,2.202077780262754,0.11138504305191672
002350.SZ,20260924,13.71,20260630,1.5248907939391463,3.5151247821836824,0.11122471144705662
603087.SS,20260924,73.44,20260630,8.15514513163133,19.71422381076899,0.11104500451567717
603299.SS,20260924,8.64,20260630,0.9585843328802228,8.456602972085777,0.11094726075002578
002581.SZ,20260924,4.97,20260630,0.550832034396277,2.689597185075901,0.11083139525075997
000615.SZ,20260924,3.2,20260630,0.35465623634859805,0.92034181311196,0.11083007385893688
000546.SZ,20260924,4.35,20260630,0.4820446187790747,4.70842357518186,0.11081485489174131
301192.SZ,20260924,19.81,20260630,2.1910800754627524,6.497503042215682,0.11060474888756953
688601.SS,20260924,60.94,20260630,6.735591133654257,9.39074240731772,0.11052824308589197
002050.SZ,20260924,36.08,20260630,3.984808183533623,7.847404692213596,0.11044368579638646
300999.SZ,20260924,24.55,20260630,2.709116668504405,17.980115497952188,0.11035098446046455
300042.SZ,20260924,39.44,20260630,4.345229910179641,5.646713078842315,0.1101731721647982
600867.SS,20260924,7.73,20260630,0.8515263872338026,3.5224802279694365,0.11015865294098351
300263.SZ,20260924,10.64,20260630,1.1690644421059513,4.415670527725151,0.10987447764153677
002246.SZ,20260924,26.0,20260630,2.8560282993649397,5.943784121995008,0.10984724228326691
600480.SS,20260924,7.81,20260630,0.8571414575433203,6.647449730913966,0.10974922631796676
300465.SZ,20260924,11.13,20260630,1.2152099929690714,1.5610951251474152,0.10918328777799383
300420.SZ,20260924,7.92,20260630,0.8646658161615202,2.1629946306909447,0.10917497678807073
600855.SS,20260924,12.85,20260630,1.4017879816502028,2.9508055965388924,0.10908855888328427
603819.SS,20260924,16.76,20260630,1.826649214240559,3.75074244987444,0.10898861660146533
601279.SS,20260924,3.51,20260630,0.3824247726462813,2.576117907989324,0.10895292667985222
300727.SZ,20260924,34.78,20260630,3.789239759283712,7.322917445398527,0.10894881424047476
688098.SS,20260924,8.37,20260630,0.9113897539109764,3.6424345595678,0.10888766474444164
688356.SS,20260924,94.79,20260630,10.307615222875853,21.47431498443725,0.10874158901651917
002022.SZ,20260924,6.12,20260630,0.6644285007508898,4.890076475571351,0.10856674848870748
300642.SZ,20260924,20.59,20260630,2.231945323012118,8.990891724730847,0.10839948144789306
003009.SZ,20260924,46.58,20260630,5.04921499558717,12.30622836742135,0.10839877620410412
688229.SS,20260924,60.57,20260630,6.565552151430311,7.91020010235533,0.10839610618177829
688658.SS,20260924,13.17,20260630,1.4272119015699427,7.222591085085115,0.10836840558617636
688360.SS,20260924,16.4,20260630,1.7745952922138433,5.680945457958936,0.10820703001303923
600630.SS,20260924,8.62,20260630,0.9324486534153731,1.7011796648090247,0.10817269761199225
002624.SZ,20260924,9.69,20260630,1.0480102090554788,3.3266376484775773,0.10815378834421867
603933.SS,20260924,19.33,20260630,2.0868680330478404,6.515674543649237,0.10796006378933475
688310.SS,20260924,15.75,20260630,1.6991871063223742,4.599500933596201,0.10788489563951582
002949.SZ,20260924,13.08,20260630,1.4087511007012554,8.029437878544421,0.10770268353985134
603678.SS,20260924,48.05,20260630,5.1660206201473375,13.537895309143336,0.10751343642346177
300098.SZ,20260924,4.24,20260630,0.4557656171283022,1.5305535608596308,0.10749189083214675
002028.SZ,20260924,125.22,20260630,13.443835752564752,21.51334926533586,0.10736172937681482
002123.SZ,20260924,7.74,20260630,0.8308794331184577,1.8229282046832087,0.10734876396879298
300505.SZ,20260924,18.77,20260630,2.012839488322321,10.640206130935054,0.10723705318712418
300883.SZ,20260924,6.42,20260630,0.687305563583815,4.078896676300578,0.10705694136819549
300866.SZ,20260924,122.6,20260630,13.111153317084524,21.618347243058828,0.10694252297785094
003015.SZ,20260924,12.39,20260630,1.3243104810685686,4.337767633057337,0.10688543027187801
002591.SZ,20260924,6.37,20260630,0.6778092330098742,2.1302866363354576,0.10640647299998024
688272.SS,20260924,29.46,20260630,3.132605564301781,5.119006686785382,0.10633420109646236
688379.SS,20260924,61.27,20260630,6.5145090686153395,15.680129578884632,0.1063246134913553
301008.SZ,20260924,58.14,20260630,6.174164776182291,11.944585342921508,0.10619478459205867
002006.SZ,20260924,13.56,20260630,1.4383957765779247,4.82633872052069,0.10607638470338678
300327.SZ,20260924,26.09,20260630,2.7673245462070586,5.411612029334892,0.1060683996246477
002001.SZ,20260924,25.7,20260630,2.717830002018322,11.36634592899714,0.10575214015635495
301603.SZ,20260924,122.11,20260630,12.902839474991719,22.00931009440212,0.10566570694449037
002603.SZ,20260924,15.14,20260630,1.598741188224919,6.530623821372082,0.10559717227377272
300871.SZ,20260924,20.89,20260630,2.2044165416959594,11.418742665401254,0.10552496609363136
688396.SS,20260924,59.17,20260630,6.241433866500757,17.67395611440197,0.10548308038703325
300817.SZ,20260924,16.52,20260630,1.7396790143612701,4.827529965427114,0.1053074463899074
300471.SZ,20260924,9.97,20260630,1.044867257819785,3.512078421872378,0.10480112916948696
001266.SZ,20260924,35.6,20260630,3.730746784720306,9.231514078316508,0.1047962579977614
605388.SS,20260924,6.05,20260630,0.6327120636914841,2.615653739006937,0.10458050639528664
300041.SZ,20260924,11.12,20260630,1.154403362112329,5.834851829106792,0.1038132519885188
688682.SS,20260924,37.94,20260630,3.937914006235044,5.847128741921248,0.10379319995348035
300468.SZ,20260924,21.22,20260630,2.201632823104959,3.0989751096772715,0.1037527249342582
002317.SZ,20260924,23.35,20260630,2.421219613471985,4.711190658950803,0.10369248879965674
002976.SZ,20260924,24.28,20260630,2.513433351338663,7.37234545755874,0.10351867180142764
688375.SS,20260924,68.88,20260630,7.126679995751784,10.589590023672226,0.10346515673274949
300566.SZ,20260924,26.14,20260630,2.702275891695946,9.681850479723032,0.10337704252853658
603655.SS,20260924,32.66,20260630,3.3718369157544026,5.332968462636839,0.10324056692450713
605060.SS,20260924,39.39,20260630,4.062748183647004,10.808420583394296,0.10314161420784473
300551.SZ,20260924,11.71,20260630,1.2065729000735474,1.515887155733675,0.10303782238032001
300358.SZ,20260924,9.59,20260630,0.987344845614256,7.797179712031133,0.10295566690451052
603040.SS,20260924,47.2,20260630,4.857487757811485,11.236337197155931,0.10291287622481958
002885.SZ,20260924,28.04,20260630,2.8850140607206094,5.814246448927026,0.10288923183739691
300101.SZ,20260924,14.51,20260630,1.4913074177185974,3.1176878493753883,0.1027779061143072
688097.SS,20260924,44.9,20260630,4.603776575448495,11.384460752674146,0.10253399945319588
002709.SZ,20260924,31.76,20260630,3.2545293879506847,9.949974480635598,0.10247258778182256
688314.SS,20260924,30.76,20260630,3.1487883511732306,9.133588004901046,0.10236633131252375
605162.SS,20260924,12.05,20260630,1.2320690370816298,4.0268715321096265,0.10224639311880745
600435.SS,20260924,11.16,20260630,1.140010475127337,1.87584144087326,0.10215147626589041
300125.SZ,20260924,8.79,20260630,0.8975684017602851,1.624039763634677,0.10211244616157965
688663.SS,20260924,55.83,20260630,5.7001437455290676,7.192896827188373,0.1020982222018461
688270.SS,20260924,56.91,20260630,5.804780362512949,7.79718194547909,0.10199930350576258
300112.SZ,20260924,11.51,20260630,1.1734951237943154,3.5173947587917844,0.10195439824451047
000049.SZ,20260924,22.17,20260630,2.2598833506369385,17.75981679724268,0.10193429637514381
600107.SS,20260924,5.72,20260630,0.5827966777777778,1.0810497833333332,0.10188753108003108
605028.SS,20260924,24.26,20260630,2.47135805,8.0009163625,0.10186966405605935
301198.SZ,20260924,14.71,20260630,1.4978732130177514,5.3241875266272185,0.1018268669624576
600436.SS,20260924,117.4,20260630,11.95286790675174,24.218381144804404,0.10181318489567069
002008.SZ,20260924,89.09,20260630,9.058948507960457,22.86739888802937,0.10168311267213444
000801.SZ,20260924,11.85,20260630,1.2043544528073433,2.870813917660349,0.10163328715673783
002792.SZ,20260924,33.05,20260630,3.3558984018069977,5.338937044591871,0.10154004241473519
300555.SZ,20260924,12.45,20260630,1.2564740938353356,1.9859669655500136,0.10092161396267757
600960.SS,20260924,3.9,20260630,0.3935860361543863,3.381627196077829,0.10091949644984265
688123.SS,20260924,159.55,20260630,16.093177467938315,19.67391853116557,0.10086604492596875
002151.SZ,20260924,29.12,20260630,2.935984553009821,9.077197309214515,0.10082364536434825
300188.SZ,20260924,10.51,20260630,1.0590785259937752,2.776031664691663,0.10076865137904617
600498.SS,20260924,41.08,20260630,4.137392766704453,12.9593224534292,0.10071550065005971
300175.SZ,20260924,5.35,20260630,0.5385456329651657,1.0416688020390823,0.10066273513367584
000710.SZ,20260924,11.01,20260630,1.1081752334331383,4.0228044483805245,0.10065170149256479
300622.SZ,20260924,15.16,20260630,1.5252985590341075,2.823872867424869,0.10061336141385933
002558.SZ,20260924,23.62,20260630,2.375631250034544,9.030053581454856,0.10057710626733886
002175.SZ,20260924,2.5,20260630,0.25112275983405197,0.5769524210575742,0.10044910393362079
002788.SZ,20260924,10.89,20260630,1.0916462785273682,8.528062139902257,0.10024300078304574
002094.SZ,20260924,5.07,20260630,0.5081436660993733,2.121335801256292,0.10022557516752925
605088.SS,20260924,24.6,20260630,2.4638705433887793,14.51445756054793,0.10015733916214549
300316.SZ,20260924,40.7,20260630,4.076200395898432,13.13485934796292,0.10015234387956835
600654.SS,20260924,3.02,20260630,0.30232441686202427,0.6808589742386878,0.10010742280199479
000752.SZ,20260924,8.96,20260630,0.8911661160512174,2.411246169132807,0.09946050402357337
300701.SZ,20260924,10.06,20260630,0.9995466280860095,3.203281486977252,0.09935851173817191
002188.SZ,20260924,5.59,20260630,0.5552911645459951,0.8900796239524966,0.09933652317459662
000881.SZ,20260924,6.48,20260630,0.6427846214846376,5.190885372511382,0.09919515763651814
300200.SZ,20260924,8.41,20260630,0.8333284810229414,3.9054079998275646,0.0990878098719312
000524.SZ,20260924,8.93,20260630,0.8848031816577847,3.419150643930042,0.09908210320915843
002882.SZ,20260924,21.71,20260630,2.1483329013629016,4.876064733194733,0.09895591438797335
001229.SZ,20260924,38.68,20260630,3.8228671107939673,7.08719241512662,0.09883317246106431
002492.SZ,20260924,6.32,20260630,0.6245228905885365,3.8850479262131374,0.0988169130678064
300821.SZ,20260924,15.51,20260630,1.5324845358333334,4.450329766666667,0.09880622410272943
600543.SS,20260924,4.07,20260630,0.4020138545601578,2.120222937903062,0.0987749028403336
001326.SZ,20260924,110.15,20260630,10.875059578067388,16.84755498619015,0.09872954678227315
603590.SS,20260924,29.38,20260630,2.900375996396971,20.353271324981414,0.09871940083039385
603303.SS,20260924,29.33,20260630,2.890831860477872,6.636492644105582,0.09856228641247433
300678.SZ,20260924,21.14,20260630,2.0828704595506955,2.853269448774973,0.09852745787846241
601138.SS,20260924,61.0,20260630,6.008721976638839,8.905517468173812,0.09850363896129244
603159.SS,20260924,23.03,20260630,2.2641883,3.546952864285714,0.09831473295701258
600857.SS,20260924,20.71,20260630,2.0353076625353097,3.785424610464486,0.09827656506689085
300480.SZ,20260924,32.15,20260630,3.1568484158208663,5.047482318133734,0.09819124154963815
001256.SZ,20260924,21.89,20260630,2.148175249350499,9.822727957836308,0.09813500453862489
603656.SS,20260924,17.56,20260630,1.721887433953636,7.392723620771584,0.09805737095407951
600054.SS,20260924,10.64,20260630,1.0411186213310317,6.70057683419209,0.09784949448599922
603283.SS,20260924,46.02,20260630,4.501849971492761,9.926264377429623,0.09782377165347154
002615.SZ,20260924,6.35,20260630,0.6204604410175263,4.383429520831873,0.09771030567205138
002362.SZ,20260924,15.75,20260630,1.5383044591429038,3.536343158722375,0.09767012439002563
605389.SS,20260924,64.3,20260630,6.277538795252022,11.074935779001851,0.09762890816877173
300661.SZ,20260924,120.55,20260630,11.758645302188848,15.75403711918883,0.09754164497875444
688466.SS,20260924,14.05,20260630,1.370412656951685,9.23881308594406,0.09753826739869643
688533.SS,20260924,20.1,20260630,1.9574508151421697,10.815943771704006,0.09738561269364028
300539.SZ,20260924,17.92,20260630,1.7445179564681568,4.289532414507802,0.09735033239219625
300009.SZ,20260924,8.28,20260630,0.8058453649894968,2.5502463743765684,0.09732431944317595
688385.SS,20260924,59.78,20260630,5.817593969061668,8.479076500883037,0.09731672748513998
603960.SS,20260924,17.88,20260630,1.7306642616130792,4.243533037449957,0.09679330322220801
300141.SZ,20260924,9.93,20260630,0.9594460897039782,2.405835788449981,0.09662095566001794
300992.SZ,20260924,28.44,20260630,2.747293650361442,9.404505420204131,0.09659963608865829
605058.SS,20260924,60.2,20260630,5.814473015869278,12.458046841940954,0.0965859304961674
300072.SZ,20260924,3.41,20260630,0.3291293343900299,2.1901265595823243,0.0965188663900381
688010.SS,20260924,29.27,20260630,2.8109812717037617,10.882269837544303,0.09603625800149511
688456.SS,20260924,75.12,20260630,7.2055674512830405,12.381059000578816,0.09592075946862406
301137.SZ,20260924,30.74,20260630,2.948489599776474,7.623521863625013,0.09591703317425096
300423.SZ,20260924,5.41,20260630,0.5188361928144969,2.0607506593161142,0.09590317796940792
603833.SS,20260924,29.36,20260630,2.808312083957622,30.446037072262463,0.09565095653806616
002174.SZ,20260924,14.01,20260630,1.3392801134057932,4.761815183887403,0.09559458339798667
301196.SZ,20260924,87.2,20260630,8.330613982314341,20.42076087432427,0.09553456401736629
688777.SS,20260924,80.02,20260630,7.629983261440775,12.63492641453021,0.09535095302975226
688262.SS,20260924,29.24,20260630,2.7848280271477117,5.804638316326867,0.0952403566055989
300798.SZ,20260924,8.38,20260630,0.7972442316464573,3.9195604290874018,0.09513654315590182
688128.SS,20260924,22.1,20260630,2.1020993572311495,8.893223285537701,0.09511761797426015
600313.SS,20260924,6.8,20260630,0.6465992531644215,2.099855807944323,0.0950881254653561
301122.SZ,20260924,63.54,20260630,6.006010709927772,14.776245126584117,0.09452330358715412
300748.SZ,20260924,25.29,20260630,2.3900707601640736,5.696072591147749,0.09450655437580363
300376.SZ,20260924,4.13,20260630,0.39021505137615076,1.854058387175053,0.09448306328720357
000719.SZ,20260924,12.09,20260630,1.141974157289762,11.802176806723176,0.09445609241437238
300969.SZ,20260924,78.26,20260630,7.388455745415716,10.82333875554948,0.09440909462580777
300479.SZ,20260924,14.76,20260630,1.3912766268053076,2.700369890276314,0.09425993406540024
600715.SS,20260924,1.69,20260630,0.15911405126310782,0.2807361217668793,0.09415032619118806
600563.SS,20260924,120.31,20260630,11.265272853987424,27.13895348599013,0.09363538237875009
688068.SS,20260924,91.89,20260630,8.58716596395219,25.148033524677125,0.09345049476496017
300679.SZ,20260924,44.72,20260630,4.177952918907534,11.973722617306082,0.0934247074889878
600289.SS,20260924,4.32,20260630,0.40286544088646353,1.33531593571243,0.09325588909408877
301149.SZ,20260924,8.91,20260630,0.8301581956582081,3.939264846499826,0.09317151466422088
000751.SZ,20260924,4.45,20260630,0.41460062563269984,2.271794491465,0.09316867991746064
300943.SZ,20260924,36.07,20260630,3.3591213750616067,4.998922617052735,0.09312784516389262
688697.SS,20260924,14.91,20260630,1.3849650466775199,2.845037574016245,0.09288833311049764
002425.SZ,20260924,3.04,20260630,0.28186824687502493,2.584356621630836,0.09271981805099504
600782.SS,20260924,2.63,20260630,0.24334577783603498,7.97683755528304,0.09252691172472813
300180.SZ,20260924,4.34,20260630,0.40154768250945977,2.6733945780517647,0.09252250749065893
688312.SS,20260924,57.79,20260630,5.3444224647875265,8.141035065527973,0.09248005649398731
600579.SS,20260924,7.16,20260630,0.6613672063296507,2.977505641462449,0.0923697215544205
688248.SS,20260924,47.47,20260630,4.383793998583319,5.869532321586683,0.09234872548100524
301152.SZ,20260924,21.02,20260630,1.9402960284481034,10.204980078870976,0.09230713741427704
001391.SZ,20260924,3.83,20260630,0.3534059410099634,2.186356247068822,0.09227309164751003
300466.SZ,20260924,7.13,20260630,0.6555814972411803,1.3095800359862844,0.09194691405907157
300409.SZ,20260924,17.19,20260630,1.5795054603340628,10.480388394292891,0.0918851343998873
002396.SZ,20260924,36.65,20260630,3.366589578476529,9.592828158159318,0.09185783297343873
688004.SS,20260924,33.14,20260630,3.043205415714262,7.12940210382406,0.09182876933356253
600252.SS,20260924,2.13,20260630,0.19558278479003155,1.639964846159799,0.09182290365729182
300243.SZ,20260924,23.14,20260630,2.1242304101961365,5.982209347018086,0.0917990669920543
002745.SZ,20260924,11.87,20260630,1.0885214852516008,8.12144362122835,0.09170357921243479
300196.SZ,20260924,18.84,20260630,1.7274966966253058,11.969603031577812,0.09169303060643874
002270.SZ,20260924,17.75,20260630,1.623757822709495,3.746430904451475,0.0914793139554645
002951.SZ,20260924,16.98,20260630,1.5473303789403274,3.801436862886822,0.09112664186927723
000063.SZ,20260924,31.92,20260630,2.906731029387372,16.115586840409712,0.09106300217378983
300902.SZ,20260924,18.74,20260630,1.7061872478753617,4.822551764506295,0.09104521066570767
300239.SZ,20260924,5.35,20260630,0.4860519461833588,3.007813228429995,0.09085083106231005
601112.SS,20260924,16.17,20260630,1.4679171819458632,3.769272041442525,0.09078028336090681
601100.SS,20260924,92.3,20260630,8.376861587799485,13.35938673385567,0.09075689694257298
301662.SZ,20260924,65.38,20260630,5.931333879310345,13.092285,0.09072092198394532
002996.SZ,20260924,5.88,20260630,0.5333812436508832,4.628219310627046,0.09071109585899376
300241.SZ,20260924,5.71,20260630,0.5179455345443699,3.3272670279554983,0.09070849992020488
002410.SZ,20260924,8.4,20260630,0.7608821701160567,3.5872878004123927,0.09058121072810199
300875.SZ,20260924,31.6,20260630,2.8586108162095063,8.559072576286681,0.09046236760156665
300862.SZ,20260924,56.23,20260630,5.081315258582097,9.86034462757329,0.09036662384104743
300177.SZ,20260924,6.15,20260630,0.555619472632043,1.6781645005921275,0.09034462969626715
603730.SS,20260924,10.03,20260630,0.9046254750824213,2.2072132210645075,0.09019197159346175
605133.SS,20260924,24.6,20260630,2.2177111172296473,13.538954864496676,0.0901508584239694
300773.SZ,20260924,14.73,20260630,1.3262304235517666,5.999574201111535,0.09003600974553744
002206.SZ,20260924,4.87,20260630,0.4382524974118712,3.481930725690452,0.08999024587512756
301498.SZ,20260924,39.67,20260630,3.5686161370050975,11.696976458739837,0.08995755323935209
688387.SS,20260924,12.31,20260630,1.1071093268007313,1.7416373733089578,0.08993576984571335
300605.SZ,20260924,10.24,20260630,0.9198022212415973,2.6356127715714983,0.08982443566812473
001309.SZ,20260924,394.43,20260630,35.28971270413296,43.10332079620409,0.08947015364990736
002200.SZ,20260924,6.83,20260630,0.6108512520609333,2.9675577166768274,0.08943649371316739
600048.SS,20260924,5.56,20260630,0.49699387517710175,16.394531010284737,0.0893873876217809
300529.SZ,20260924,14.96,20260630,1.3354061630442418,4.391562270992334,0.08926511785055091
002518.SZ,20260924,37.12,20260630,3.3068317732110666,8.373245856696105,0.08908490768348779
002027.SZ,20260924,4.66,20260630,0.4149486354361473,0.9687163755818564,0.08904477155282131
300251.SZ,20260924,11.01,20260630,0.9791857162600102,3.241154762980058,0.08893603235785742
600722.SS,20260924,15.12,20260630,1.3426565531840349,1.885156744449125,0.0888000365862457
300747.SZ,20260924,39.36,20260630,3.4935986196777926,6.392278393216991,0.08876012753246425
002033.SZ,20260924,8.28,20260630,0.7333050676447195,4.548846701068255,0.08856341396675357
600615.SS,20260924,9.43,20260630,0.833962970617434,3.178993262304143,0.08843721851722523
002605.SZ,20260924,16.43,20260630,1.4530010060546936,9.221207004851632,0.0884358494251183
300951.SZ,20260924,90.72,20260630,8.021441500460062,12.951477979167628,0.08841976962588252
603158.SS,20260924,10.51,20260630,0.9291306742695905,4.864410416039363,0.08840444093906666
603596.SS,20260924,28.55,20260630,2.5237430441141737,13.887266796104518,0.08839730452238787
001339.SZ,20260924,76.18,20260630,6.720263843593292,10.709379688416064,0.08821559259114324
002067.SZ,20260924,4.0,20260630,0.3514579311828817,6.981406915129695,0.08786448279572043
600007.SS,20260924,19.8,20260630,1.7391466848328763,9.272173549427505,0.08783569115317556
002627.SZ,20260924,6.6,20260630,0.5788618747806435,4.491496397452861,0.08770634466373388
603790.SS,20260924,25.47,20260630,2.23310941680602,6.824183993520067,0.08767606661978879
300782.SZ,20260924,75.78,20260630,6.6406140326150185,23.240667087695314,0.0876301667011747
688308.SS,20260924,85.35,20260630,7.4776979584679895,19.043207967839727,0.08761216120056227
688578.SS,20260924,104.22,20260630,9.10195266,18.80457800888889,0.08733403051237766
600598.SS,20260924,12.49,20260630,1.090592107828114,3.6495869094057474,0.08731722240417246
002086.SZ,20260924,2.04,20260630,0.17807421846385288,0.6286078149658503,0.0872912835607122
002334.SZ,20260924,6.5,20260630,0.5672600799371768,3.807948782090649,0.08727078152879643
300113.SZ,20260924,16.32,20260630,1.4240149845345764,3.8879343465036,0.08725582013079512
600845.SS,20260924,18.26,20260630,1.5921049964875011,3.8794383074158376,0.0871908541340362
300398.SZ,20260924,37.77,20260630,3.2896651637625864,9.186452013944573,0.08709730377978783
002383.SZ,20260924,8.3,20260630,0.7228964335142198,1.9663110868700613,0.08709595584508673
603488.SS,20260924,7.91,20260630,0.6885058908093018,2.6065010895562195,0.08704246407197241
600493.SS,20260924,6.46,20260630,0.5622781148763045,4.195775593103381,0.08703995586320504
002635.SZ,20260924,15.81,20260630,1.375516619420608,8.892470786772297,0.08700294872995623
000655.SZ,20260924,7.1,20260630,0.6174561544413015,5.9447909492022735,0.08696565555511289
002833.SZ,20260924,18.32,20260630,1.5931392526266068,6.9884320326969736,0.0869617495975222
002979.SZ,20260924,53.99,20260630,4.694107067774702,6.796969226190361,0.08694400940497689
603699.SS,20260924,42.5,20260630,3.6940295764846236,5.878226551666123,0.08691834297610879
003002.SZ,20260924,15.4,20260630,1.3376542473031523,7.764828518140736,0.0868606654092956
301607.SZ,20260924,43.46,20260630,3.7671406513248193,8.049537537431927,0.08668064084962769
002806.SZ,20260924,15.21,20260630,1.3172468434073326,5.226259546764366,0.08660400022401923
603045.SS,20260924,48.57,20260630,4.203708349700659,10.052334555636191,0.08654948218448959
300537.SZ,20260924,21.24,20260630,1.8380995706898375,4.405163269845989,0.086539527810256
688630.SS,20260924,418.0,20260630,36.12308782986277,39.88955781768443,0.08641887040637027
300603.SZ,20260924,8.05,20260630,0.6947112950636711,2.758129186825654,0.08629953975946225
000503.SZ,20260924,6.76,20260630,0.5829674590717859,1.1440590944112847,0.08623778980351864
002903.SZ,20260924,29.99,20260630,2.5830315813132683,4.744123974011654,0.08612976263131938
603920.SS,20260924,45.5,20260630,3.907039908114924,8.7725841392783,0.08586900896955876
002774.SZ,20260924,17.46,20260630,1.495141948968169,3.363712503478741,0.08563241403025022
603679.SS,20260924,22.61,20260630,1.9331287462993796,4.878352670342705,0.08549883884561608
300542.SZ,20260924,12.25,20260630,1.0469256757083778,1.812267346727633,0.08546332046599002
605117.SS,20260924,76.47,20260630,6.524179713124134,12.63098217043683,0.08531685253202739
300016.SZ,20260924,9.84,20260630,0.8394428713269348,4.304189958552474,0.08530923489094866
300936.SZ,20260924,78.94,20260630,6.73226972074468,13.37109574468085,0.08528337624454878
603297.SS,20260924,113.32,20260630,9.657353438227625,18.28552180987112,0.08522196821591622
603259.SS,20260924,162.4,20260630,13.826001369801045,28.64790462907381,0.08513547641503107
688525.SS,20260924,211.01,20260630,17.927996478190348,26.932081101170983,0.08496278128141012
300709.SZ,20260924,37.74,20260630,3.2043207713920907,11.94302128056551,0.08490516087419424
002787.SZ,20260924,26.35,20260630,2.2294231731429224,5.8242072219598455,0.08460809006235
000729.SZ,20260924,10.78,20260630,0.910131767786455,5.988851795842292,0.08442780777239843
600883.SS,20260924,8.11,20260630,0.6841408923791129,4.175170427976009,0.08435769326499543
603890.SS,20260924,15.99,20260630,1.3484585491427004,7.318978937264792,0.08433136642543466
603687.SS,20260924,14.97,20260630,1.2620279453856227,6.033003529415882,0.08430380396697545
600367.SS,20260924,36.55,20260630,3.0707916546358502,7.453594374161975,0.08401618754133654
688350.SS,20260924,29.39,20260630,2.4688664108585145,12.42589942973263,0.08400362064846936
603726.SS,20260924,24.38,20260630,2.046411383282198,8.271202480781163,0.08393812072527473
002045.SZ,20260924,8.89,20260630,0.7452993665950501,7.393669433628456,0.08383569927953319
688676.SS,20260924,62.06,20260630,5.196312369854994,11.603545433129774,0.08373046035860447
000554.SZ,20260924,6.26,20260630,0.5232588317130229,2.537513638379538,0.0835876727976075
301011.SZ,20260924,15.96,20260630,1.3313365159986208,5.361425953244786,0.08341707493725693
301308.SZ,20260924,331.77,20260630,27.667142105582894,43.9241756922306,0.08339253731676431
001288.SZ,20260924,34.84,20260630,2.9038089825882363,10.034738069715656,0.08334698572296889
300008.SZ,20260924,6.33,20260630,0.5275723230529586,1.4777456139103182,0.08334475877613881
300708.SZ,20260924,9.45,20260630,0.7845867052934052,3.120501605930576,0.08302504817919633
603696.SS,20260924,14.03,20260630,1.16477881986918,2.255577219628253,0.08302058587805987
300455.SZ,20260924,16.94,20260630,1.4057440721767986,2.3100581445223773,0.08298371146262093
600724.SS,20260924,4.96,20260630,0.41019569876311657,1.9458852169583825,0.08270074571837027
600111.SS,20260924,37.06,20260630,3.0639436414447467,7.262595523149534,0.08267521968280482
300540.SZ,20260924,26.49,20260630,2.1892094993379785,5.030287643063556,0.0826428652071717
603227.SS,20260924,7.4,20260630,0.610420350642142,4.92133721554202,0.08248923657326242
300487.SZ,20260924,68.71,20260630,5.662131956193611,9.29227668723268,0.08240622844118195
603983.SS,20260924,31.59,20260630,2.6031880974422057,8.577118764345588,0.08240544784559056
300963.SZ,20260924,10.91,20260630,0.8973549429166578,2.916621337928436,0.08225068221050942
300836.SZ,20260924,57.4,20260630,4.712069986022121,6.921367773359083,0.08209181160317285
601579.SS,20260924,38.04,20260630,3.1215675903925613,7.979253997625988,0.08206013644565092
688023.SS,20260924,47.9,20260630,3.930015776333971,21.116064211385066,0.08204625837857978
688051.SS,20260924,25.0,20260630,2.0507471350661572,7.037738081074703,0.08202988540264629
688600.SS,20260924,36.34,20260630,2.975592122944395,6.365128915370133,0.08188200668531631
600243.SS,20260924,3.54,20260630,0.28980328130340666,1.2407638692036005,0.0818653337015273
605299.SS,20260924,12.62,20260630,1.032900718872229,3.004428391858416,0.08184633271570753
001215.SZ,20260924,33.36,20260630,2.727222532587464,19.46988153972769,0.0817512749576578
600689.SS,20260924,12.04,20260630,0.9838518567438996,2.384642516667994,0.08171527049367938
603000.SS,20260924,16.81,20260630,1.3731555752043634,3.3936862965815653,0.08168682779323995
002778.SZ,20260924,15.83,20260630,1.2926701257602002,2.533346196052529,0.0816595152091093
600885.SS,20260924,33.39,20260630,2.716726669697965,8.5373743932852,0.08136348217124782
002043.SZ,20260924,11.4,20260630,0.9268085091134658,4.020851931282942,0.08129899202749699
002072.SZ,20260924,7.36,20260630,0.5981422800356395,0.6220581730049805,0.08126933152658146
603129.SS,20260924,290.75,20260630,23.614718826764932,52.16903431690241,0.08122001316170226
605298.SS,20260924,44.04,20260630,3.576147347443406,5.475323976065906,0.08120225584567226
688597.SS,20260924,6.26,20260630,0.5073692010689573,2.279105113780896,0.08104939314200596
300270.SZ,20260924,10.25,20260630,0.8298234669981214,1.853501765380544,0.08095838702420696
301629.SZ,20260924,274.31,20260630,22.205717991546727,28.187842105381723,0.08095117929184764
002356.SZ,20260924,2.67,20260630,0.21580661805104973,0.4554641211423673,0.08082644870825832
301200.SZ,20260924,243.52,20260630,19.657462258864324,24.63600852077309,0.08072216762017216
688318.SS,20260924,78.0,20260630,6.282967979285114,10.682695333087578,0.08055087152929633
300031.SZ,20260924,21.1,20260630,1.696479500572536,9.821561008380018,0.08040187206504909
300660.SZ,20260924,23.63,20260630,1.8978577069054066,6.059830559899589,0.08031560333920468
603138.SS,20260924,14.73,20260630,1.179846679048917,2.6440623202552103,0.08009821310583279
000586.SZ,20260924,13.41,20260630,1.0710716501240696,1.6306791718362283,0.07987111484892391
600560.SS,20260924,11.39,20260630,0.9087628233074218,4.465115251592364,0.07978602487334695
002084.SZ,20260924,6.44,20260630,0.5127419987603562,2.0039397259897305,0.07961832278887518
600487.SS,20260924,67.38,20260630,5.362474829544887,13.793069642628664,0.07958555698345039
688331.SS,20260924,116.28,20260630,9.23486273318095,14.842204540961628,0.07941918415188295
000739.SZ,20260924,25.3,20260630,2.009252187677532,5.816837138632774,0.07941708251689851
688536.SS,20260924,346.81,20260630,27.532050542420304,48.42612092687433,0.07938655327822237
300950.SZ,20260924,20.5,20260630,1.626596962861425,4.529521522311173,0.07934619331031341
300939.SZ,20260924,102.33,20260630,8.102123713230524,12.333851526162322,0.07917642639724934
002589.SZ,20260924,3.32,20260630,0.2628087096468999,3.6111179703376286,0.07915924989364455
002265.SZ,20260924,19.36,20260630,1.531132591021679,3.808747312630531,0.07908742722219417
301155.SZ,20260924,43.1,20260630,3.4019093234362012,26.67414399684145,0.07893061075258007
002354.SZ,20260924,7.48,20260630,0.5898263246327108,1.043400271616011,0.07885378671560304
002209.SZ,20260924,13.34,20260630,1.051695893395993,4.755560953888404,0.0788377731181404
300990.SZ,20260924,104.53,20260630,8.238898572854417,12.790915868608293,0.07881850734578032
300881.SZ,20260924,30.67,20260630,2.416025128789529,12.189799378970685,0.07877486562730776
002735.SZ,20260924,11.38,20260630,0.8954011720821713,3.828080173494549,0.07868200106170221
002364.SZ,20260924,34.92,20260630,2.747105154551968,4.405240446214309,0.07866853249003344
002437.SZ,20260924,3.5,20260630,0.2751508019050295,1.106872100557475,0.07861451483000843
300644.SZ,20260924,21.44,20260630,1.6813274537022238,10.007496392331204,0.07842012377342461
688699.SS,20260924,68.65,20260630,5.382556485869923,12.237481348943335,0.07840577546787943
688112.SS,20260924,117.08,20260630,9.149273899039745,9.955433866462169,0.07814548940074945
688096.SS,20260924,7.41,20260630,0.5787104634122837,3.6328222404712847,0.07809857805833788
688013.SS,20260924,25.22,20260630,1.9681851529327115,6.125742503163736,0.07804064841128912
002376.SZ,20260924,6.75,20260630,0.526764787582426,4.657203834907843,0.07803922778998904
605198.SS,20260924,63.91,20260630,4.984713443525839,8.159571731014108,0.07799582918988952
002842.SZ,20260924,32.86,20260630,2.562337591412551,4.986392286684747,0.07797740692064975
688052.SS,20260924,253.01,20260630,19.70570073332489,47.95068468746521,0.0778850667298719
300007.SZ,20260924,31.36,20260630,2.439125890397086,9.14531525614945,0.07777824905602954
002414.SZ,20260924,11.88,20260630,0.9238845550791405,1.9659896998253024,0.07776806019184683
688621.SS,20260924,72.75,20260630,5.648794146983445,11.207762369768098,0.07764665494135319
600518.SS,20260924,1.33,20260630,0.10315521910229847,0.5297376211724378,0.07756031511451013
002422.SZ,20260924,38.86,20260630,3.013560153304034,15.478168860227749,0.07754915474276979
300743.SZ,20260924,14.51,20260630,1.1249586707800738,4.121240527331934,0.07752988771744133
002975.SZ,20260924,110.9,20260630,8.595679233532962,15.743821986796403,0.07750837902193834
300441.SZ,20260924,7.14,20260630,0.5533493706582656,3.978640673385777,0.07749991185689994
300807.SZ,20260924,35.72,20260630,2.757614004917461,6.47171159342869,0.07720084000328838
688059.SS,20260924,88.99,20260630,6.869411189495086,15.5322634427645,0.07719306876609829
300163.SZ,20260924,7.63,20260630,0.5888321666666667,1.1326688502109703,0.07717328527741373
300797.SZ,20260924,13.49,20260630,1.0394927129553495,3.602571033063363,0.07705653913679389
603083.SS,20260924,209.63,20260630,16.141974110098186,25.431960580797565,0.07700221394885363
603219.SS,20260924,12.75,20260630,0.9815137210418687,2.8328284685237795,0.07698146831700932
688111.SS,20260924,222.03,20260630,17.091541351690804,32.54195850497709,0.07697852250457507
002405.SZ,20260924,5.95,20260630,0.4563768221534756,3.557124678497508,0.07670198691655052
002815.SZ,20260924,23.83,20260630,1.8275321568745098,7.297763377367175,0.07669039684744061
001311.SZ,20260924,17.14,20260630,1.3122305398108012,11.86794612991864,0.07655954141253216
002602.SZ,20260924,14.23,20260630,1.0888159762017648,4.725725693741187,0.07651552889682114
002888.SZ,20260924,19.03,20260630,1.4541744552616815,2.507946697126319,0.07641484263067165
603053.SS,20260924,8.65,20260630,0.6589358480801899,5.47875579205526,0.07617755469135143
002981.SZ,20260924,24.24,20260630,1.8446468652053352,7.671859176239287,0.07609929311903198
300762.SZ,20260924,26.4,20260630,2.0080317737445093,3.523140192742862,0.07606180961153444
688718.SS,20260924,15.13,20260630,1.1491316882839375,4.3400179570832265,0.07595054119523711
688561.SS,20260924,28.61,20260630,2.1680115869086487,10.31643124180999,0.07577810509991782
300486.SZ,20260924,17.83,20260630,1.3506510241591094,4.3996829067635,0.07575159978458271
603757.SS,20260924,68.05,20260630,5.148436117532922,11.721164541811564,0.0756566659446425
605178.SS,20260924,69.75,20260630,5.273958262206662,10.86320311453801,0.07561230483450411
300012.SZ,20260924,14.38,20260630,1.0843913845860917,4.810027317500157,0.07540969294757244
002245.SZ,20260924,16.76,20260630,1.2626116504262963,6.898473212445523,0.07533482401111552
300065.SZ,20260924,15.2,20260630,1.14433319599729,2.452786674807782,0.07528507868403224
002056.SZ,20260924,20.04,20260630,1.5085087150852021,6.62376524203068,0.07527488598229552
002107.SZ,20260924,7.17,20260630,0.5393418491307144,1.2250526290623025,0.07522201522046225
603272.SS,20260924,16.81,20260630,1.2619331380418841,4.608191188202227,0.07507038298880929
688081.SS,20260924,26.25,20260630,1.9684886548913043,3.5393094720496894,0.0749900439958592
300607.SZ,20260924,32.22,20260630,2.411036757184879,6.322775597934713,0.07483043939121288
688116.SS,20260924,33.64,20260630,2.514802229579294,10.636395886866538,0.07475630884599566
603203.SS,20260924,47.1,20260630,3.515211321994281,5.903170618173151,0.07463293677270236
600605.SS,20260924,30.25,20260630,2.256950343550589,6.966203277546242,0.07460992871241617
688082.SS,20260924,304.11,20260630,22.6742630106076,30.44810464975953,0.07455941274738614
300918.SZ,20260924,10.89,20260630,0.811489196407016,7.715326268662354,0.07451691427061671
002155.SZ,20260924,23.69,20260630,1.765040556878781,5.506324704621437,0.07450572211392067
600815.SS,20260924,4.65,20260630,0.34328264306285805,0.8014600375414217,0.07382422431459312
000017.SZ,20260924,7.53,20260630,0.5538026511093214,0.5717925118946267,0.07354616880601877
300576.SZ,20260924,29.11,20260630,2.134413685479121,4.310126417735593,0.07332235264442188
300122.SZ,20260924,13.01,20260630,0.9535420894256174,6.279277757721969,0.07329301225408281
000969.SZ,20260924,16.86,20260630,1.2350062888242614,5.555462108030709,0.07325066956253033
002141.SZ,20260924,6.76,20260630,0.49330125259958973,0.8088220833593502,0.07297355807686239
002650.SZ,20260924,6.54,20260630,0.4770804610552217,1.656886605164604,0.07294808273015622
600780.SS,20260924,6.09,20260630,0.4441919409539756,7.487036751161166,0.07293792133891225
002527.SZ,20260924,10.75,20260630,0.783008038694269,1.8611365114360143,0.07283795708783898
301000.SZ,20260924,24.39,20260630,1.776494420552266,5.348485351946501,0.07283699961263902
300931.SZ,20260924,17.46,20260630,1.269563943377613,2.402422684068566,0.0727127115336548
002484.SZ,20260924,57.96,20260630,4.21357004327929,7.783332579025634,0.07269789584677865
605186.SS,20260924,26.11,20260630,1.8965313652079174,6.517904018443824,0.07263620701677202
002957.SZ,20260924,41.4,20260630,3.007075955635376,7.848941450665603,0.07263468491872889
603124.SS,20260924,131.82,20260630,9.561378965217235,13.328609973629389,0.07253359858304685
002297.SZ,20260924,22.47,20260630,1.6276328955454133,4.008962039455474,0.0724358208965471
603110.SS,20260924,25.23,20260630,1.8256086373255815,3.492512694585727,0.07235864595028067
603517.SS,20260924,11.43,20260630,0.8248942260804922,10.019315187468312,0.07216922362908944
688008.SS,20260924,214.5,20260630,15.461367531156329,17.786863815807045,0.07208096751121831
300120.SZ,20260924,7.2,20260630,0.5186474307562149,4.312697262985533,0.07203436538280762
300268.SZ,20260924,12.0,20260630,0.8641984651978168,1.5601931923221195,0.07201653876648474
688026.SS,20260924,25.95,20260630,1.8685582781803605,8.784573981510476,0.07200609935184434
605208.SS,20260924,14.73,20260630,1.060068727647451,6.888484563860096,0.07196664817701635
300609.SZ,20260924,24.91,20260630,1.790755298946828,7.15752833172266,0.0718890124025222
002822.SZ,20260924,2.91,20260630,0.20915486929173627,0.5532143895032906,0.07187452552980628
300369.SZ,20260924,8.85,20260630,0.6360132217846223,3.135070567123732,0.07186590076662398
600651.SS,20260924,5.22,20260630,0.3742020958251743,0.9978335922544084,0.07168622525386481
600379.SS,20260924,14.62,20260630,1.0442198541494492,2.4467732987479125,0.07142406663128928
002937.SZ,20260924,30.25,20260630,2.1604525843614044,6.263619711979497,0.07141992014417865
002216.SZ,20260924,11.49,20260630,0.8200999439593808,4.997796725361553,0.0713751039129139
300988.SZ,20260924,16.36,20260630,1.1647113532908377,6.561398835616218,0.07119262550677492
300380.SZ,20260924,28.08,20260630,1.998775258859404,2.924004115890712,0.07118145508758562
688677.SS,20260924,81.01,20260630,5.764958440908484,11.319816424802225,0.07116354080864688
002534.SZ,20260924,17.41,20260630,1.2388781732055283,6.54784406925371,0.07115899903535487
688722.SS,20260924,14.58,20260630,1.0366722414294716,6.578643891351026,0.07110234852053988
300585.SZ,20260924,16.86,20260630,1.195279668308623,3.651642446527041,0.07089440500051146
300942.SZ,20260924,6.55,20260630,0.4642895801196015,2.159923537689197,0.07088390536177122
300181.SZ,20260924,12.95,20260630,0.9124204686886083,4.661166336003862,0.07045717904931338
688027.SS,20260924,364.0,20260630,25.630386900769,31.311388864584245,0.07041315082628846
600371.SS,20260924,15.85,20260630,1.1149813075487562,1.7774423538338495,0.0703458238201108
300852.SZ,20260924,72.95,20260630,5.123847026652218,14.134762814610772,0.07023779337425932
300025.SZ,20260924,5.85,20260630,0.4106354659831127,0.808683171602712,0.07019409674925003
002281.SZ,20260924,181.99,20260630,12.763427246939763,18.33496246649046,0.07013257457519513
300221.SZ,20260924,14.25,20260630,0.9990369403555097,3.279578931259373,0.07010785546354455
688575.SS,20260924,10.28,20260630,0.7202614159232872,4.816067880633888,0.07006434007035868
300521.SZ,20260924,25.0,20260630,1.7492076804915515,3.487290957056034,0.06996830721966206
002880.SZ,20260924,21.51,20260630,1.5034403924162258,10.632327932098766,0.06989495083292542
600507.SS,20260924,4.03,20260630,0.2816382111281798,4.37825056243844,0.06988541219061534
600718.SS,20260924,7.9,20260630,0.5518777695126202,7.272603719324889,0.06985794550792661
600602.SS,20260924,16.68,20260630,1.1630229532121519,3.639656349998739,0.06972559671535683
688182.SS,20260924,28.67,20260630,1.9976681775,5.7246317875,0.06967799712242762
002728.SZ,20260924,9.61,20260630,0.6695744092466727,3.5440449137014536,0.0696747564252521
688800.SS,20260924,61.65,20260630,4.28949982671966,12.304926736222493,0.06957826158507154
300475.SZ,20260924,172.87,20260630,12.019718033768209,15.316337716932903,0.0695303871913473
688619.SS,20260924,14.47,20260630,1.0050590252796403,3.611495274368489,0.06945812199582863
688357.SS,20260924,26.93,20260630,1.8699161277185286,17.394557288823318,0.06943617258516631
603867.SS,20260924,34.97,20260630,2.424696624088217,14.557055061746258,0.069336477669094
001280.SZ,20260924,61.36,20260630,4.25411921158278,8.372290372296465,0.06933049562553423
688329.SS,20260924,23.32,20260630,1.6117982127552366,9.771760421269754,0.0691165614389038
603638.SS,20260924,19.34,20260630,1.3333481143074444,5.261806897825663,0.06894250849573136
601608.SS,20260924,4.6,20260630,0.31702219593512737,2.0477946184079,0.06891786868154944
001323.SZ,20260924,17.66,20260630,1.2160167577962135,9.7835813925816,0.06885712105301323
603879.SS,20260924,4.9,20260630,0.33721050477363723,0.6613973740626125,0.06881847036196678
600641.SS,20260924,51.56,20260630,3.5470836259549032,9.081999670323423,0.0687952603947809
002565.SZ,20260924,8.78,20260630,0.6029943571867825,1.7747211155409512,0.06867817280031692
601886.SS,20260924,13.1,20260630,0.8972707569481383,6.38419373482869,0.06849395091207162
000623.SZ,20260924,17.48,20260630,1.1953342681835184,27.284589413843264,0.06838296728738663
002703.SZ,20260924,15.18,20260630,1.0370856820049525,2.6475450740339443,0.0683192148883368
688185.SS,20260924,81.61,20260630,5.571133930213453,20.149656934723087,0.0682653342753762
600162.SS,20260924,4.35,20260630,0.29586236702027524,1.7636466875565255,0.0680143372460403
600299.SS,20260924,8.08,20260630,0.5493819280954535,6.27524158306999,0.06799281288310068
605016.SS,20260924,21.45,20260630,1.4559617513124377,5.006518868303672,0.06787700472319057
003036.SZ,20260924,56.56,20260630,3.827376466106537,6.938757902609962,0.06766931517161487
000811.SZ,20260924,39.45,20260630,2.663393316477443,6.554917408067243,0.06751313856723556
300855.SZ,20260924,34.37,20260630,2.3094933323894558,5.558117080434808,0.06719503440178808
600600.SS,20260924,49.89,20260630,3.347807995862199,22.981552597122946,0.06710378825139705
300717.SZ,20260924,19.32,20260630,1.2958900024324982,7.216253845779615,0.06707505188574008
603042.SS,20260924,18.73,20260630,1.2562132430031332,4.211728233717532,0.067069580512714
688392.SS,20260924,167.0,20260630,11.152741109811474,16.528623002921385,0.0667828808970747
001378.SZ,20260924,23.17,20260630,1.544823754073434,10.874328305986138,0.06667344644253059
001210.SZ,20260924,28.77,20260630,1.9153877074059056,6.483799505712335,0.06657586748021917
000592.SZ,20260924,8.78,20260630,0.5840670861584298,0.899862230090448,0.066522447170664
001269.SZ,20260924,19.35,20260630,1.28623421739952,3.782113733791933,0.06647205257878656
688278.SS,20260924,51.4,20260630,3.415821041788821,7.62951609071566,0.0664556622916113
605118.SS,20260924,33.24,20260630,2.2066618952994297,3.964859952636445,0.0663857369223655
600539.SS,20260924,15.0,20260630,0.9948005869210022,1.3122240214086387,0.0663200391280668
300078.SZ,20260924,2.7,20260630,0.1790201703105193,0.4396749090010045,0.06630376678167381
002997.SZ,20260924,26.14,20260630,1.7317207312728409,12.662806625173044,0.06624792392015458
300333.SZ,20260924,11.6,20260630,0.7673863889970296,1.8332010926484368,0.06615399905146807
300753.SZ,20260924,21.17,20260630,1.3994665786634513,5.219178827960487,0.06610612086270436
688418.SS,20260924,32.0,20260630,2.1139640711009844,3.798611084062511,0.06606137722190576
002083.SZ,20260924,9.48,20260630,0.6256957675528553,5.330730543227308,0.06600166324397207
000892.SZ,20260924,4.51,20260630,0.29662715615612945,0.5208118132140872,0.06577098806122604
603929.SS,20260924,154.2,20260630,10.140035634608173,11.190829494750655,0.06575898595725145
002217.SZ,20260924,1.56,20260630,0.1025750927600455,0.2238505406311755,0.06575326458977276
301130.SZ,20260924,28.19,20260630,1.8533465856945945,11.54179401972937,0.06574482389835383
605167.SS,20260924,16.4,20260630,1.0757577706321393,5.627669517891536,0.06559498601415484
600594.SS,20260924,3.61,20260630,0.23657367427258166,2.6867320653564493,0.06553287375971792
603986.SS,20260924,383.77,20260630,25.113731941013906,53.129211295780166,0.06543953915369598
003000.SZ,20260924,9.38,20260630,0.6124168692237456,3.1410976938124624,0.06528964490658268
002115.SZ,20260924,10.16,20260630,0.6618757836686262,2.5752814342776342,0.06514525429809313
002555.SZ,20260924,17.38,20260630,1.1312687734452567,6.4052829764322565,0.06509026314414595
603667.SS,20260924,50.65,20260630,3.28570314930257,10.611757785075929,0.0648707433228543
002730.SZ,20260924,22.31,20260630,1.440736798189394,4.502640011369866,0.06457807253202125
300710.SZ,20260924,32.15,20260630,2.07189335796386,4.31521130697634,0.064444583451442
603823.SS,20260924,45.42,20260630,2.926807197472047,6.377668611531865,0.06443873178053824
300342.SZ,20260924,31.74,20260630,2.034451968930147,3.700068607459272,0.06409741553025038
603048.SS,20260924,25.76,20260630,1.6501689456281712,8.494509581838388,0.06405935347935447
300222.SZ,20260924,9.93,20260630,0.6359916202219518,2.3313380648723183,0.06404749448358024
300491.SZ,20260924,38.32,20260630,2.4539147127746674,6.870866671737874,0.06403744031249133
688030.SS,20260924,19.0,20260630,1.2138555198277248,3.953764411777254,0.06388713262251183
600797.SS,20260924,6.51,20260630,0.4158386961884005,3.1390262626544563,0.06387691185689716
603610.SS,20260924,13.71,20260630,0.8749443148107342,7.831872025156914,0.06381796606934603
002866.SZ,20260924,14.3,20260630,0.9118411445321241,6.7672345118292645,0.06376511500224644
002757.SZ,20260924,19.4,20260630,1.233473168836268,6.918759930971759,0.06358109117712722
300722.SZ,20260924,21.45,20260630,1.3614178175701612,2.31596632895461,0.06346936212448304
600893.SS,20260924,38.29,20260630,2.4244800307075094,15.069022669458516,0.06331888301664951
600212.SS,20260924,6.07,20260630,0.3843429616488882,0.8151261441278315,0.06331844508218916
688787.SS,20260924,89.9,20260630,5.679105378418292,11.759884152455443,0.0631713612727285
300868.SZ,20260924,82.84,20260630,5.2269193159868355,11.707290794624608,0.06309656344745093
603090.SS,20260924,37.87,20260630,2.3808432711385374,6.285798688519227,0.06286884793077734
300124.SZ,20260924,51.88,20260630,3.261414420869801,13.63007546463258,0.06286458020180803
300050.SZ,20260924,7.43,20260630,0.4669950898006511,0.7614642234111797,0.06285263658151428
300816.SZ,20260924,64.28,20260630,4.037256323693479,12.30329206886972,0.06280734791060173
300781.SZ,20260924,26.75,20260630,1.6780748558218306,3.392592066506456,0.06273177031109647
300458.SZ,20260924,33.41,20260630,2.0942092324671666,3.505641413847458,0.06268210812532675
688103.SS,20260924,81.24,20260630,5.091912469159323,12.150562643816532,0.06267740607040033
301571.SZ,20260924,72.16,20260630,4.518483389812356,11.814179828478284,0.06261756360604707
603156.SS,20260924,43.9,20260630,2.7469736333829204,6.956001035865352,0.06257343128434899
688107.SS,20260924,30.73,20260630,1.9197749587565147,2.168274293420551,0.0624723383910353
688039.SS,20260924,32.83,20260630,2.043540297111077,9.158130868858391,0.06224612540697768
600725.SS,20260924,3.25,20260630,0.20227383384585426,0.2079849391871607,0.06223810272180131
688700.SS,20260924,64.3,20260630,3.9981541083380137,6.497944711222543,0.06217969064289291
300718.SZ,20260924,54.38,20260630,3.3792166133931123,6.034214807356863,0.06214079833381964
600345.SS,20260924,51.89,20260630,3.2130662654128277,12.718195497124482,0.06192072201604987
300390.SZ,20260924,50.49,20260630,3.1247278239114955,16.519305095140037,0.06188805355340652
688363.SS,20260924,34.7,20260630,2.144748861245828,14.37847543813155,0.06180832453158005
300319.SZ,20260924,20.54,20260630,1.2672665306489543,5.567032998735121,0.06169749418933566
603608.SS,20260924,20.34,20260630,1.2450469907258455,3.0230952836070344,0.06121174978986457
002617.SZ,20260924,6.68,20260630,0.4084289196250102,3.3990489184093744,0.061142053836079374
603196.SS,20260924,18.49,20260630,1.1236111286261656,4.846533755586267,0.060768584566044656
600272.SS,20260924,15.24,20260630,0.9258769052709661,3.02636377964001,0.06075307777368544
600629.SS,20260924,16.35,20260630,0.9927512118277864,4.572027095713887,0.06071872855215818
688110.SS,20260924,118.73,20260630,7.208662064373002,9.44953249338673,0.06071474828916872
002105.SZ,20260924,6.06,20260630,0.36748366511229236,2.211696545884512,0.06064086883041128
002828.SZ,20260924,10.85,20260630,0.657910492985637,3.0013859113696566,0.06063691179591124
600329.SS,20260924,35.13,20260630,2.124781067737107,7.71442124684264,0.06048337796006567
603171.SS,20260924,40.02,20260630,2.410131700707088,6.301733464731824,0.06022318092721359
300005.SZ,20260924,10.86,20260630,0.653240798966063,2.382996350443303,0.06015108646096345
300256.SZ,20260924,2.63,20260630,0.15818208085711638,0.3965469651567746,0.06014527789243969
603990.SS,20260924,19.12,20260630,1.1491765891516768,2.789968706358821,0.06010337809370694
002401.SZ,20260924,12.06,20260630,0.7225207490412165,4.472253640259374,0.05991050987074764
002633.SZ,20260924,15.86,20260630,0.9461220143931024,2.3673367796461995,0.05965460368178452
688679.SS,20260924,39.6,20260630,2.3618100415721006,8.479296841099734,0.05964166771646719
002609.SZ,20260924,7.81,20260630,0.46571999213721826,3.72528988200968,0.059631240990680956
002843.SZ,20260924,15.71,20260630,0.935224092620711,5.3542174290223725,0.05953049602932597
002931.SZ,20260924,40.48,20260630,2.40565187415389,4.672568006598413,0.05942815894648938
605277.SS,20260924,17.24,20260630,1.0238703115162073,4.5832830603619525,0.05938922920627653
300109.SZ,20260924,13.07,20260630,0.7756868477652572,5.670176441890265,0.05934864940820637
002956.SZ,20260924,17.33,20260630,1.0263292377884783,5.30901819123352,0.05922269115917359
300415.SZ,20260924,18.95,20260630,1.1220694697607028,7.185411743486501,0.05921210922220067
600331.SS,20260924,12.05,20260630,0.7129571418837068,1.1835746717898243,0.05916656779117899
300856.SZ,20260924,10.4,20260630,0.6136568507315299,5.821490446604801,0.059005466416493256
000597.SZ,20260924,4.71,20260630,0.27748411935760486,3.878037562736204,0.05891382576594583
600595.SS,20260924,5.84,20260630,0.3437380876084138,4.454851446660118,0.05885926157678319
002897.SZ,20260924,65.71,20260630,3.852325132203493,14.728660096911865,0.058626162413688836
603017.SS,20260924,9.95,20260630,0.5827213939771652,5.111632298808822,0.05856496421881057
001270.SZ,20260924,99.26,20260630,5.787812824503792,7.753211693289562,0.05830961942881112
002335.SZ,20260924,31.85,20260630,1.8540977463177375,12.619296372849623,0.058213430025674646
003031.SZ,20260924,129.35,20260630,7.490567639762392,13.988662391310662,0.05790929756290988
688233.SS,20260924,100.36,20260630,5.811546122984566,11.252508334967873,0.05790699604408695
001257.SZ,20260924,22.24,20260630,1.2877357505202034,4.748514216805484,0.05790178734353433
600354.SS,20260924,9.53,20260630,0.5512839365950958,1.6030166091822575,0.057847212654259794
300698.SZ,20260924,27.72,20260630,1.5955210298507463,4.106691507462687,0.057558478710344384
002261.SZ,20260924,24.93,20260630,1.4297156288233068,2.074242482800748,0.057349202921111384
003006.SZ,20260924,22.64,20260630,1.29835356537037,3.349558523273214,0.057347772322012804
603662.SS,20260924,49.31,20260630,2.8253910299237854,10.220493466596189,0.05729854045677926
600228.SS,20260924,10.6,20260630,0.6062590927081442,0.8877465105552927,0.057194254029070205
300102.SZ,20260924,16.57,20260630,0.9451212377894502,4.82367979943284,0.05703809521964093
000636.SZ,20260924,56.02,20260630,3.19021031059258,11.026814445236775,0.05694770279529775
300669.SZ,20260924,25.54,20260630,1.453101729731395,4.518103101818906,0.05689513428862158
002919.SZ,20260924,16.48,20260630,0.936702379439697,2.9569752680011305,0.05683873661648647
300699.SZ,20260924,23.03,20260630,1.308836684848485,6.627324044848485,0.0568318143659785
000831.SZ,20260924,53.9,20260630,3.0493797536796503,4.7704915540451625,0.056574763519102976
301027.SZ,20260924,19.3,20260630,1.0889977346938775,6.046339278911565,0.05642475309294702
001259.SZ,20260924,45.88,20260630,2.5883978602095823,9.913253228948516,0.056416692681115564
688328.SS,20260924,80.3,20260630,4.512607391598411,9.291939060281797,0.05619685419176103
605116.SS,20260924,19.6,20260630,1.1007703518362415,6.590263887833075,0.056161752644706193
002585.SZ,20260924,11.2,20260630,0.6279745327607686,7.347609773808634,0.05606915471078292
600265.SS,20260924,23.41,20260630,1.3096699229583975,2.5433635747303542,0.05594489205290036
603337.SS,20260924,37.04,20260630,2.0710396627718732,11.907577990891458,0.05591359780701602
300490.SZ,20260924,10.59,20260630,0.5915511168649512,5.757357189517202,0.05585940669168567
603181.SS,20260924,12.55,20260630,0.6974807767630749,6.20644537096209,0.05557615751100198
000020.SZ,20260924,13.31,20260630,0.7363497227676584,1.58039229361017,0.055323044535511526
002841.SZ,20260924,44.94,20260630,2.4846265951270343,20.84065824363117,0.055287641191077756
300045.SZ,20260924,11.66,20260630,0.6423992068416451,2.253201462624144,0.055094271598768875
000856.SZ,20260924,8.81,20260630,0.48537378414096916,1.856734766519824,0.05509350557786256
603718.SS,20260924,3.07,20260630,0.16900590590593464,1.3219885881735776,0.05505078368271487
000962.SZ,20260924,58.52,20260630,3.208163050041038,7.6490362162417345,0.05482165157281336
300648.SZ,20260924,39.19,20260630,2.146744552131612,6.856944791406948,0.05477786558131187
301021.SZ,20260924,86.15,20260630,4.71787568499073,6.910549740025153,0.05476350185711817
300421.SZ,20260924,17.3,20260630,0.9426584935309421,4.285348429512541,0.05448893026190416
002177.SZ,20260924,5.43,20260630,0.2957805790539122,2.2562532541926297,0.0544715615200575
000668.SZ,20260924,18.35,20260630,0.9965025920055919,5.01077321328403,0.054305318365427346
002762.SZ,20260924,10.25,20260630,0.5549054812513241,1.840347385071676,0.0541371201220804
300523.SZ,20260924,22.01,20260630,1.1893428396999113,3.996469419105777,0.05403647613357161
688019.SS,20260924,225.66,20260630,12.188488299504447,21.287749922013987,0.05401262208412855
002167.SZ,20260924,16.19,20260630,0.8744308820247193,2.3669053922472867,0.05401055478843232
003043.SZ,20260924,63.1,20260630,3.395064373304331,14.532586600572008,0.053804506708468
300153.SZ,20260924,26.69,20260630,1.43157525625,2.958823003125,0.05363713961221431
603002.SS,20260924,19.19,20260630,1.0245474063559739,3.0664383959329573,0.053389651191035635
688368.SS,20260924,140.21,20260630,7.485309465367261,24.73145768453624,0.05338641655636018
600425.SS,20260924,3.61,20260630,0.19261022433719596,4.004732042411864,0.05335463278038669
002816.SZ,20260924,21.29,20260630,1.1356841488258533,2.239108659976948,0.0533435485592228
002137.SZ,20260924,7.98,20260630,0.42463354602384,2.6440002095636066,0.053212223812511276
301188.SZ,20260924,35.45,20260630,1.8794473962745946,7.533128505692427,0.05301685179900125
300889.SZ,20260924,22.75,20260630,1.2028333745386284,6.433320784862414,0.052871796683016635
002824.SZ,20260924,27.22,20260630,1.4383244612312538,7.573889644805489,0.05284072230827531
603722.SS,20260924,29.67,20260630,1.5676245192792089,9.476782473138774,0.0528353393757738
600206.SS,20260924,49.81,20260630,2.6314282299700404,5.15006658316478,0.05282931600020157
600889.SS,20260924,13.39,20260630,0.7073298400695299,2.692628611613705,0.05282523077442344
300499.SZ,20260924,35.92,20260630,1.8898140893465432,4.530179627642736,0.0526117508169973
300693.SZ,20260924,37.06,20260630,1.949460716868042,7.197840081955714,0.05260282560356292
688001.SS,20260924,67.57,20260630,3.549487190610947,7.039410203484485,0.05253051932234642
600721.SS,20260924,12.92,20260630,0.6761227279424044,2.082086233607964,0.05233148049089817
002522.SZ,20260924,5.59,20260630,0.2903469043064015,2.594397601366479,0.05194041221939204
603269.SS,20260924,26.03,20260630,1.3491437009736331,3.1585979637269777,0.05183033810886028
688268.SS,20260924,132.03,20260630,6.8021491051908205,22.72734386314435,0.05151972358699402
603538.SS,20260924,26.76,20260630,1.374678222690932,10.817545766711344,0.05137063612447429
301123.SZ,20260924,76.8,20260630,3.937966605634401,12.149482471108168,0.051275606844197935
600760.SS,20260924,43.03,20260630,2.2038066508712797,8.268339022292654,0.05121558565817522
600479.SS,20260924,12.4,20260630,0.632412616325142,6.139955404727075,0.05100101744557597
002838.SZ,20260924,25.65,20260630,1.3018076523740225,8.097181613234598,0.05075273498534201
301209.SZ,20260924,60.9,20260630,3.0874661785714284,6.693133035714285,0.0506973099929627
000034.SZ,20260924,24.15,20260630,1.2204671856545575,15.763403205328451,0.0505369435053647
603210.SS,20260924,13.4,20260630,0.6768997326674501,5.7279075499412455,0.05051490542294403
000523.SZ,20260924,3.29,20260630,0.16615477393385122,1.109136691108263,0.05050297080056268
300339.SZ,20260924,33.9,20260630,1.7115320426361211,4.63879987360802,0.05048767087422187
603328.SS,20260924,14.26,20260630,0.7197967204947345,4.22450692060858,0.05047662836568966
002032.SZ,20260924,39.23,20260630,1.977156674888626,6.355099850242883,0.050399099538328475
002303.SZ,20260924,6.35,20260630,0.3200342643430086,2.881873099873068,0.05039909674693049
300219.SZ,20260924,6.75,20260630,0.33934876153804283,3.627373348629884,0.050273890598228566
300735.SZ,20260924,18.47,20260630,0.9269283876899471,7.091773536715029,0.05018561925771235
688020.SS,20260924,150.05,20260630,7.508722794183332,15.96150188863384,0.050041471470731964
300437.SZ,20260924,10.73,20260630,0.5337611009048552,5.638804570237545,0.04974474379355593
688797.SS,20260924,276.18,20260630,13.734080222243893,18.8448604283683,0.04972872844609998
300689.SZ,20260924,66.87,20260630,3.3143500281952205,6.086241950652813,0.04956407997899238
600202.SS,20260924,5.16,20260630,0.25549882168516674,2.058932616990873,0.04951527552038115
600756.SS,20260924,13.68,20260630,0.6760951873410244,6.237230269754666,0.049422162817326344
300760.SZ,20260924,153.86,20260630,7.6012914608775874,33.467794748964145,0.04940394814037168
300554.SZ,20260924,23.91,20260630,1.1811223130208595,4.286631914731376,0.04939867473947551
688378.SS,20260924,50.72,20260630,2.50382386312175,8.110225628087768,0.049365612443252174
300849.SZ,20260924,22.52,20260630,1.1084812383830238,3.7002314281707545,0.04922207985715026
300400.SZ,20260924,34.92,20260630,1.7170343372477956,2.9903119096940163,0.04917051366688991
000628.SZ,20260924,57.78,20260630,2.8302618123881444,6.403067883719059,0.04898341662146321
688701.SS,20260924,8.62,20260630,0.42194083899705753,0.8203185194896426,0.04894905324791851
688090.SS,20260924,83.31,20260630,4.076796153826808,7.756857947502037,0.0489352557175226
002713.SZ,20260924,10.47,20260630,0.5115261511965863,1.101195800295324,0.04885636592135494
601519.SS,20260924,8.52,20260630,0.4132418618914517,0.6489093974340928,0.048502565949700906
000565.SZ,20260924,6.43,20260630,0.31055175990011996,2.959813192681364,0.048297318802507
002836.SZ,20260924,12.27,20260630,0.592238358827073,1.599765853990957,0.048267184908481905
603648.SS,20260924,9.7,20260630,0.4677448246379805,5.005200837184347,0.04822111594205985
000151.SZ,20260924,10.01,20260630,0.48261055909152567,2.517967672857602,0.04821284306608648
002940.SZ,20260924,22.84,20260630,1.1010704095691197,8.437643065583607,0.048207986408455326
603200.SS,20260924,38.32,20260630,1.8401982588305181,6.187723619013376,0.0480218752304415
600746.SS,20260924,6.85,20260630,0.3271036513019261,4.880000091139097,0.04775235785429578
605399.SS,20260924,11.59,20260630,0.5478422924504913,6.574186512905414,0.04726853256691038
603979.SS,20260924,72.35,20260630,3.4176501490287046,19.867114823648592,0.04723773530101873
300476.SZ,20260924,232.69,20260630,10.959925996970288,40.124578207973286,0.04710097553384455
605366.SS,20260924,9.22,20260630,0.4342310038331084,3.2504412131778104,0.04709663815977314
688017.SS,20260924,284.34,20260630,13.390187968289444,19.67333036509957,0.04709217123264207
600936.SS,20260924,4.31,20260630,0.20289898212663554,0.6112905394060661,0.04707632995977623
603516.SS,20260924,82.68,20260630,3.8871625157066174,8.951188670561791,0.04701454421512599
002575.SZ,20260924,5.06,20260630,0.23699170048670404,1.3516077135060791,0.04683630444401266
688309.SS,20260924,77.2,20260630,3.6000583567499405,10.573933812065397,0.04663288026878161
603518.SS,20260924,7.72,20260630,0.3582365578649752,11.02610210862434,0.04640369920530767
300449.SZ,20260924,6.73,20260630,0.31189696462441635,0.6939696797631866,0.04634427408980926
000518.SZ,20260924,3.67,20260630,0.16985574408956924,0.2999232006000379,0.04628221909797527
688617.SS,20260924,236.04,20260630,10.87867904715172,22.17464899085945,0.04608828608351009
600151.SS,20260924,9.35,20260630,0.4295188607286038,3.0783983392016734,0.04593784606723035
605589.SS,20260924,40.08,20260630,1.8331651930356183,13.25355688539959,0.04573765451685675
600330.SS,20260924,28.6,20260630,1.306926217745327,6.1860902292292606,0.045696720900186255
688234.SS,20260924,110.35,20260630,5.0415312066104505,14.161808794146532,0.04568673499420436
600703.SS,20260924,12.47,20260630,0.5685242876593085,7.371383429581414,0.04559136228222201
002361.SZ,20260924,10.14,20260630,0.4618884492353509,2.2767889452864063,0.04555112911591231
000988.SZ,20260924,102.9,20260630,4.6780518128818604,11.809427500480464,0.04546211674326395
300058.SZ,20260924,13.15,20260630,0.5949753583249036,2.218003780411608,0.045245274397331066
605068.SS,20260924,20.8,20260630,0.9390511854009497,10.197446344986124,0.04514669160581489
301180.SZ,20260924,11.55,20260630,0.5212819604509887,3.221680680482988,0.04513263726848387
300535.SZ,20260924,15.82,20260630,0.7126166595970318,8.88324636996127,0.045045300859483675
002741.SZ,20260924,28.6,20260630,1.2867854129717347,4.267799461786738,0.04499249695705366
601689.SS,20260924,46.44,20260630,2.0864873683849883,13.935682589143443,0.04492866856987486
603115.SS,20260924,79.4,20260630,3.5480936738291393,8.64172273062511,0.04468631831019067
688012.SS,20260924,339.3,20260630,15.118275576598332,31.35981029103549,0.04455725192041949
002292.SZ,20260924,8.73,20260630,0.387411284463259,2.071348503409015,0.04437700852958293
603893.SS,20260924,219.05,20260630,9.703405048810835,11.687023891846025,0.04429767198726699
688072.SS,20260924,700.9,20260630,31.041278113908117,45.12198533633545,0.04428774163776304
300288.SZ,20260924,9.7,20260630,0.428089207607655,3.183027485339012,0.04413290800078918
000756.SZ,20260924,13.92,20260630,0.6097795851856302,7.566211731444426,0.04380600468287574
301132.SZ,20260924,70.37,20260630,3.0779959251989695,12.16304177574246,0.04374017230636591
002851.SZ,20260924,122.61,20260630,5.340151276405434,15.731302003137255,0.04355396196399506
002119.SZ,20260924,29.61,20260630,1.2879352156112547,3.896003347760315,0.04349663004428418
600660.SS,20260924,52.47,20260630,2.279750198074253,14.623286173164084,0.0434486410915619
688690.SS,20260924,46.99,20260630,2.0416201237423626,5.1529930871796585,0.04344797028606858
603991.SS,20260924,175.89,20260630,7.609956042663401,24.004966321884574,0.04326542749822845
002218.SZ,20260924,3.77,20260630,0.16303526145547542,2.779016907566911,0.04324542744177067
300119.SZ,20260924,16.66,20260630,0.7197856231937179,10.362406531493685,0.043204419159286786
688766.SS,20260924,408.7,20260630,17.648660583723284,22.552720612627056,0.04318243353003006
688661.SS,20260924,102.5,20260630,4.418868797292549,7.958282140400113,0.043110915095537064
600520.SS,20260924,25.79,20260630,1.109547794627001,2.3763872264310875,0.04302240382423424
300751.SZ,20260924,194.5,20260630,8.357029114432951,28.894903815813887,0.042966730665465046
603611.SS,20260924,15.67,20260630,0.67257127715885,12.017452469701462,0.04292094940388322
603329.SS,20260924,10.2,20260630,0.437564918461191,6.130364866311866,0.042898521417763825
301269.SZ,20260924,87.56,20260630,3.7252182673109697,9.49237298649931,0.04254474951245968
002738.SZ,20260924,42.58,20260630,1.7958374159214547,18.02434741340824,0.042175608640710543
002122.SZ,20260924,2.73,20260630,0.11512494069605751,1.0577612529539244,0.04217030794727381
002639.SZ,20260924,14.28,20260630,0.6016541074396424,3.293440308893428,0.042132640577005775
600273.SS,20260924,6.27,20260630,0.2632605451859395,7.688888656938642,0.0419873277808516
688002.SS,20260924,178.85,20260630,7.46600957091883,17.55418798796599,0.041744532127027285
603199.SS,20260924,32.3,20260630,1.3474289844597036,15.536277322009395,0.04171606763033139
688257.SS,20260924,58.21,20260630,2.42645744961013,8.128055084939806,0.0416845464629811
300083.SZ,20260924,12.14,20260630,0.5059251514253863,3.369660036420618,0.04167422993619327
002467.SZ,20260924,4.82,20260630,0.20062069569456725,1.1243992591085945,0.04162255097397661
002294.SZ,20260924,30.22,20260630,1.2564642691974683,7.710386769747807,0.0415772425280433
603530.SS,20260924,44.81,20260630,1.8554644005344634,4.362038812391525,0.04140737336608934
603032.SS,20260924,18.25,20260630,0.7545317619533145,5.107130318550519,0.04134420613442819
002471.SZ,20260924,5.52,20260630,0.22812758230507682,1.338081058128883,0.04132746056251392
300626.SZ,20260924,29.12,20260630,1.2005203055555556,2.951769838888889,0.041226658844627596
603738.SS,20260924,37.8,20260630,1.5519794156106252,4.774617456484132,0.04105765649763559
603327.SS,20260924,8.27,20260630,0.339149784016865,2.31705791284846,0.04100964740228114
300522.SZ,20260924,15.75,20260630,0.6454060113913501,2.4130409444791336,0.04097815945341905
000691.SZ,20260924,9.08,20260630,0.3717123684020581,0.926899811303245,0.0409374855068346
603955.SS,20260924,25.74,20260630,1.0523156613481486,10.326572666351897,0.0408825043258799
603938.SS,20260924,48.03,20260630,1.9544751658065953,6.856635302889598,0.04069279962120748
605289.SS,20260924,102.05,20260630,4.151266709428846,12.642679479351242,0.04067875266466287
688628.SS,20260924,110.89,20260630,4.48421066400753,11.87065169555238,0.040438368329042566
688266.SS,20260924,108.95,20260630,4.396909901380987,6.499558774506505,0.04035713539587872
300329.SZ,20260924,11.77,20260630,0.47260664549846776,2.2717391416099995,0.04015349579426234
600961.SS,20260924,23.61,20260630,0.9475986145953794,5.462395440402961,0.040135477111197776
600004.SS,20260924,7.58,20260630,0.30336377835721434,8.030705766174236,0.04002160664343197
300911.SZ,20260924,35.15,20260630,1.3961447814024222,6.179231588062451,0.039719623937480006
300795.SZ,20260924,13.1,20260630,0.5177731775392121,1.945954814179126,0.03952467004116123
002213.SZ,20260924,29.2,20260630,1.1539402891069104,2.389507493284389,0.03951850305160652
688120.SS,20260924,247.17,20260630,9.696362209484631,16.021090878080958,0.03922952708453547
300454.SZ,20260924,141.99,20260630,5.570186653810152,25.93540502095712,0.03922942921198783
601956.SS,20260924,5.14,20260630,0.20086991141494656,3.842499546292292,0.03907974930251879
688516.SS,20260924,43.91,20260630,1.7145437596913269,12.115951117900048,0.039046772026675634
300033.SZ,20260924,204.1,20260630,7.951153750797194,10.19382504517432,0.03895714723565504
300640.SZ,20260924,6.41,20260630,0.24829230807107758,2.5426559207280333,0.038735149465066704
300615.SZ,20260924,13.86,20260630,0.5366666010325967,2.3315407597938123,0.03872053398503584
002388.SZ,20260924,7.76,20260630,0.2999822725648064,1.8518581541776071,0.03865750935113485
605086.SS,20260924,23.54,20260630,0.9021536272321429,8.927232974330357,0.03832428322991261
002003.SZ,20260924,11.58,20260630,0.4424183932232439,3.81426107423613,0.03820538801582417
600118.SS,20260924,57.91,20260630,2.20269058455239,5.416211397155882,0.038036445942883614
002825.SZ,20260924,9.43,20260630,0.3585271908412643,4.762781767211543,0.038019850566411904
000521.SZ,20260924,4.33,20260630,0.16452765448328488,5.85352585751396,0.03799714884140528
002988.SZ,20260924,31.0,20260630,1.1740404937217903,11.576482323757714,0.037872273991025496
300408.SZ,20260924,123.31,20260630,4.6646051825375086,11.84725690840322,0.03782827980323987
603811.SS,20260924,6.87,20260630,0.2594670489320793,3.191043297729399,0.03776812939331576
603439.SS,20260924,13.48,20260630,0.5021278350693152,3.625304869780901,0.037249839396833476
300618.SZ,20260924,31.28,20260630,1.1634397205235616,17.970219048650993,0.037194364466865776
600410.SS,20260924,15.5,20260630,0.5764633060240749,3.797876645973668,0.037191181033811284
601001.SS,20260924,17.65,20260630,0.6559459568620422,11.430775224950708,0.03716407687603639
002853.SZ,20260924,21.26,20260630,0.7893515682220299,3.8525572779769415,0.03712848392389604
300733.SZ,20260924,13.39,20260630,0.496995321864041,4.513679787524124,0.03711690230500679
300373.SZ,20260924,88.13,20260630,3.2681575384711214,18.55956372795076,0.037083371592773424
603499.SS,20260924,13.18,20260630,0.4880602899289895,2.250385474760454,0.03703037101130421
002062.SZ,20260924,9.61,20260630,0.3544447333801296,4.051317542950726,0.03688290669928508
300739.SZ,20260924,30.16,20260630,1.1110559882480473,7.63045636174364,0.03683872640079732
688626.SS,20260924,44.06,20260630,1.6227696433551466,13.619253854086272,0.036830904297665605
603728.SS,20260924,51.07,20260630,1.8805461268971608,7.093419238091828,0.03682291221650991
603985.SS,20260924,16.75,20260630,0.6150847218090935,7.539062970444679,0.036721475928901105
002785.SZ,20260924,41.0,20260630,1.504149697507042,3.676814029200268,0.036686577987976636
600152.SS,20260924,7.66,20260630,0.28082873198374064,3.075828365072821,0.036661714358190683
300502.SZ,20260924,435.0,20260630,15.930604320133371,24.44319915083452,0.036622078896858326
603939.SS,20260924,22.08,20260630,0.8060085148036789,9.8119635376889,0.036504008822630385
603976.SS,20260924,31.3,20260630,1.1364329081385207,7.845994429230587,0.036307760643403214
603324.SS,20260924,26.51,20260630,0.9582590894771169,11.10586948118386,0.036147079950098714
300426.SZ,20260924,7.85,20260630,0.28313817305771505,0.3416485544819084,0.03606855707741593
002273.SZ,20260924,25.17,20260630,0.90641815086575,7.341844076469865,0.036011845485329756
688131.SS,20260924,103.54,20260630,3.7224293805701576,15.542062720439656,0.03595160692070849
688786.SS,20260924,28.59,20260630,1.0270415443430332,4.60034104426655,0.03592310403438381
301005.SZ,20260924,60.86,20260630,2.176150268421622,6.015734594896369,0.03575665902763099
002214.SZ,20260924,18.22,20260630,0.6428274029397935,2.0845583486853485,0.03528141618769448
300825.SZ,20260924,11.93,20260630,0.4193946114258971,4.24992117286245,0.035154619566294815
300811.SZ,20260924,83.28,20260630,2.9269845690026908,11.190154180111175,0.03514630846545018
001376.SZ,20260924,13.12,20260630,0.45933753308743763,2.8877508288131915,0.035010482704835186
300720.SZ,20260924,61.8,20260630,2.1632565110299398,2.737931197222123,0.035004150663914886
300681.SZ,20260924,22.51,20260630,0.783867286876942,10.20881492543146,0.03482306916379129
002636.SZ,20260924,80.88,20260630,2.8143004093406594,5.889161361263736,0.034795999126368195
603319.SS,20260924,30.85,20260630,1.072676505292807,7.81994177527964,0.03477071329960476
002969.SZ,20260924,11.1,20260630,0.3845894919334733,2.967613120673908,0.034647701975988585
000929.SZ,20260924,9.17,20260630,0.31712716963578685,1.8667789060836888,0.03458311555461144
605255.SS,20260924,58.1,20260630,2.008585294800752,5.637156324306804,0.03457117546989246
300766.SZ,20260924,21.65,20260630,0.7437349353453814,3.982264001748328,0.03435265290278898
000533.SZ,20260924,10.34,20260630,0.3547661620460441,1.4776054998726145,0.03431007369884372
002309.SZ,20260924,2.85,20260630,0.09737244059687068,0.598458203583674,0.03416576863048094
600360.SS,20260924,11.67,20260630,0.3985759401945846,3.558145403177313,0.034153893761318305
603078.SS,20260924,31.96,20260630,1.0907771275852403,5.16300899681766,0.03412944704584606
603721.SS,20260924,18.19,20260630,0.6201409153846154,3.651721123076923,0.03409240876221085
300573.SZ,20260924,35.88,20260630,1.2088630870347954,6.053455229421763,0.03369183631646587
300684.SZ,20260924,118.62,20260630,3.991196784091035,6.941531120794898,0.033646912696771496
603701.SS,20260924,18.81,20260630,0.6299338823679584,3.0799878326566046,0.0334893079408803
688003.SS,20260924,79.3,20260630,2.649479535553859,10.45860641091782,0.033410839035988134
600698.SS,20260924,6.94,20260630,0.23183218885924012,0.6954018915131047,0.03340521453303172
601952.SS,20260924,9.11,20260630,0.3026312116089858,4.979964697918008,0.033219671965860134
300232.SZ,20260924,5.3,20260630,0.17552296827100755,4.258342550858585,0.033117541183208976
301536.SZ,20260924,130.6,20260630,4.287162171807308,9.242216031568836,0.032826662877544474
300010.SZ,20260924,5.34,20260630,0.17440739580798242,0.8511731326813672,0.03266056101273079
000837.SZ,20260924,9.61,20260630,0.3136961754591577,4.885597553545683,0.03264268214975626
688047.SS,20260924,104.7,20260630,3.3990697030940744,5.733927331998302,0.032464849122197464
603886.SS,20260924,12.5,20260630,0.405479925,5.6021747125,0.032438394
300346.SZ,20260924,54.4,20260630,1.7586055029244205,5.126646876592073,0.03232730703905185
300461.SZ,20260924,35.95,20260630,1.1542750053592112,3.5735997228312946,0.032107788744345236
688108.SS,20260924,15.2,20260630,0.48696817561585215,2.3134252590742634,0.032037379974727116
002530.SZ,20260924,7.03,20260630,0.22357423770916815,1.7392621524042968,0.031802878763750805
300238.SZ,20260924,11.99,20260630,0.38107694693692445,2.199143864532636,0.03178289799307126
600106.SS,20260924,4.46,20260630,0.14164685707032965,3.975845926523242,0.031759384993347455
601698.SS,20260924,23.56,20260630,0.7447789739561715,3.758463811719664,0.03161201077912443
688793.SS,20260924,18.25,20260630,0.5766799761209965,2.2640794730744003,0.03159890280115049
000902.SZ,20260924,13.71,20260630,0.4329746131029827,10.04215058125244,0.03158093458081566
300100.SZ,20260924,21.14,20260630,0.6625505911067907,5.742213377902495,0.031341087564181205
605333.SS,20260924,16.67,20260630,0.5210547182393422,7.200025602942861,0.03125703168802293
002052.SZ,20260924,8.3,20260630,0.259193981331878,0.3726798363192147,0.03122819052191301
688025.SS,20260924,444.59,20260630,13.785601789824428,26.928544366055096,0.0310074490875288
600222.SS,20260924,8.03,20260630,0.24714455298236304,2.9302621871347867,0.030777652924329147
300672.SZ,20260924,193.3,20260630,5.946384105405854,18.570894784682952,0.030762463038830075
688226.SS,20260924,30.64,20260630,0.9387998337992367,10.257094924321423,0.03063968125976621
688070.SS,20260924,36.43,20260630,1.1131420570991006,6.829929219374678,0.030555642522621485
603558.SS,20260924,13.31,20260630,0.4060892180630933,6.866493968779867,0.030510084001735032
600938.SS,20260924,32.8,20260630,0.9964242759418619,18.010831653655714,0.030378788900666524
603352.SS,20260924,25.62,20260630,0.7762048003291105,13.063335395495097,0.03029683061393874
688333.SS,20260924,108.27,20260630,3.277574856239854,19.16832360916733,0.0302722347486825
300030.SZ,20260924,6.81,20260630,0.20539501801441423,2.1240987794343344,0.030160795596830284
000625.SZ,20260924,7.03,20260630,0.20971431163655269,7.785763262768834,0.029831338781870935
300201.SZ,20260924,13.29,20260630,0.3957227947674509,1.8720691252431343,0.029775981547588485
002831.SZ,20260924,29.0,20260630,0.8556859535205683,8.841081091434305,0.029506412190364425
600285.SS,20260924,18.83,20260630,0.5529962921873024,5.698370001837685,0.029367832829915157
600868.SS,20260924,2.72,20260630,0.0796979139661749,1.0669264980788986,0.029300703664034887
002342.SZ,20260924,7.89,20260630,0.23034502291666667,2.5424975197916666,0.02919455296789185
300139.SZ,20260924,44.92,20260630,1.3113138279164647,4.365937100398722,0.0291922045395473
300593.SZ,20260924,33.42,20260630,0.971691305835517,4.457592966337162,0.029075143801182434
002921.SZ,20260924,20.89,20260630,0.6066418475501565,9.105030602508158,0.029039820370998396
300037.SZ,20260924,70.58,20260630,2.0457785203120196,15.244613577888158,0.028985243982884948
688390.SS,20260924,56.8,20260630,1.6445816306554395,13.083744507082958,0.02895390194815915
688041.SS,20260924,248.3,20260630,7.135092006035361,10.938584572159897,0.028735771268769073
300808.SZ,20260924,20.84,20260630,0.5979043625,5.80627953125,0.028690228526871402
002272.SZ,20260924,15.55,20260630,0.4456293458159415,3.0306292664144103,0.02865783574379045
002474.SZ,20260924,6.36,20260630,0.1811076068788171,2.09067481356477,0.02847603881742407
688191.SS,20260924,22.05,20260630,0.6234291854715243,2.4837699860951195,0.028273432447688176
300583.SZ,20260924,13.52,20260630,0.3812476827075139,8.940815434992453,0.02819879309966819
300395.SZ,20260924,95.56,20260630,2.682287604866807,9.994637660883246,0.02806914613715788
603011.SS,20260924,25.99,20260630,0.7214893605544128,3.757646593560131,0.027760267816637662
688276.SS,20260924,17.75,20260630,0.487254821317219,9.172731936619716,0.027450975848857407
301392.SZ,20260924,169.51,20260630,4.651962868364434,7.288269646468926,0.027443589572086802
300756.SZ,20260924,32.39,20260630,0.8745942163083655,7.105867698876078,0.02700198259673867
002588.SZ,20260924,7.54,20260630,0.20214801478173328,6.769263940009375,0.026810081536038897
603351.SS,20260924,27.16,20260630,0.727949784852431,13.205176108187109,0.026802274847291273
603039.SS,20260924,35.68,20260630,0.9540008377217378,8.714041700661852,0.026737691640183234
300236.SZ,20260924,87.95,20260630,2.3484456563804383,21.79040948129551,0.02670205408050527
301189.SZ,20260924,75.79,20260630,2.0164100097269393,12.195602221215472,0.026605225092056196
603296.SS,20260924,79.11,20260630,2.1015907699331904,21.181656121380488,0.026565424977034388
688028.SS,20260924,122.6,20260630,3.2569135867080936,13.539732525554989,0.026565363676248725
300671.SZ,20260924,60.15,20260630,1.597549402976135,7.567866919232549,0.026559424820883377
000651.SZ,20260924,38.5,20260630,1.0189422311878367,26.62459020978319,0.026466031978904847
688361.SS,20260924,370.3,20260630,9.762918261462154,14.513629716074393,0.026364888634788426
002891.SZ,20260924,27.83,20260630,0.7334807306198704,10.593564872420924,0.026355757478256213
300456.SZ,20260924,37.54,20260630,0.984714625454943,12.345945806265748,0.026231076863477438
300870.SZ,20260924,202.1,20260630,5.294449278369274,25.15332679471324,0.026197176043390766
600186.SS,20260924,13.04,20260630,0.3412486263219372,1.073071629579491,0.02616937318419764
301133.SZ,20260924,26.77,20260630,0.7005388986525221,10.96066558168275,0.02616880458171543
300688.SZ,20260924,35.61,20260630,0.9307632750205455,1.7304962772699914,0.026137693766373083
300920.SZ,20260924,33.68,20260630,0.8736493824880558,6.574677211761571,0.02593970850617743
002290.SZ,20260924,73.89,20260630,1.9102263865435554,4.352089168649534,0.025852299181804782
300173.SZ,20260924,3.31,20260630,0.08528396637165486,1.0499289948936503,0.025765548752765818
300843.SZ,20260924,122.91,20260630,3.1639649797822607,10.419995031388869,0.025742128222132135
300907.SZ,20260924,56.44,20260630,1.4446245,8.351972625,0.025595756555634303
002707.SZ,20260924,5.09,20260630,0.13007108033117878,0.944331355313662,0.025554239750722747
000681.SZ,20260924,15.96,20260630,0.40376039849433076,5.25262638424836,0.02529827058235155
600113.SS,20260924,29.1,20260630,0.734113833283799,6.051583103234087,0.025227279494288622
600353.SS,20260924,32.57,20260630,0.8182329323584795,2.303611123315004,0.02512228837453115
601567.SS,20260924,16.25,20260630,0.40791827494842103,8.388377322559569,0.025102663073748987
000700.SZ,20260924,12.47,20260630,0.311877389454089,4.515950290894307,0.025010215673944586
002599.SZ,20260924,5.58,20260630,0.13843637771129239,2.2967435492994754,0.024809386686611538
000711.SZ,20260924,4.82,20260630,0.11957190314617387,0.2486123067884469,0.02480744878551325
603099.SS,20260924,41.76,20260630,1.0355843408343646,5.494499121258943,0.02479847559469264
605009.SS,20260924,24.88,20260630,0.6112895173301635,15.847391623636868,0.024569514362144836
600929.SS,20260924,6.0,20260630,0.14736725049547705,4.662785866502236,0.024561208415912843
300570.SZ,20260924,219.11,20260630,5.370578088425449,7.335236706667649,0.02451087621936675
002046.SZ,20260924,63.9,20260630,1.5616404933528731,8.079087652531737,0.024438818362329785
603373.SS,20260924,50.8,20260630,1.2338753694383469,12.460026285121325,0.02428888522516431
300142.SZ,20260924,13.58,20260630,0.3296688186629695,4.368972279453964,0.024276054393443998
002600.SZ,20260924,12.23,20260630,0.29599852093785717,4.312785185528098,0.024202659111844414
002434.SZ,20260924,6.17,20260630,0.14914364010361114,4.460926813957032,0.024172388995723038
301165.SZ,20260924,111.7,20260630,2.69948076399154,4.791849807799425,0.024167240501267145
600962.SS,20260924,26.15,20260630,0.6319379033291557,3.5897945371640843,0.024165885404556622
002491.SZ,20260924,23.8,20260630,0.5748436184064237,2.1723706317385973,0.024153093210353936
301176.SZ,20260924,58.43,20260630,1.4107516434207805,9.059716215442544,0.024144303327413668
300252.SZ,20260924,12.2,20260630,0.2932504340015163,4.538391699484026,0.024036920819796418
301007.SZ,20260924,32.27,20260630,0.7749030866361988,4.301383614822748,0.024013110834713317
002626.SZ,20260924,16.19,20260630,0.38745673472947717,6.938991243288649,0.023931855140795377
000993.SZ,20260924,19.32,20260630,0.46128517705004346,5.511377717972312,0.023876044360768296
688683.SS,20260924,31.86,20260630,0.7588393758729639,7.580222283822879,0.0238179339570924
600789.SS,20260924,7.54,20260630,0.17897773212875956,4.954670489944957,0.023737099751824874
688568.SS,20260924,30.3,20260630,0.7184707265322128,4.277462045686944,0.023711905166079628
000815.SZ,20260924,15.27,20260630,0.3581282787456117,2.0387342137353817,0.023453063441100964
300803.SZ,20260924,56.5,20260630,1.3153023798671803,5.19223140239974,0.02327968813924213
688595.SS,20260924,31.65,20260630,0.7360276638495489,5.072574524162467,0.023255218447063155
603330.SS,20260924,9.81,20260630,0.22786727600962906,1.4704840272346194,0.02322806075531387
300053.SZ,20260924,12.13,20260630,0.28121868683056644,1.9981379009712767,0.023183733456765575
603067.SS,20260924,40.89,20260630,0.9446559261666305,6.026142490126829,0.023102370412487905
002837.SZ,20260924,57.22,20260630,1.3075916582277884,2.8067277586358936,0.022852003813837618
600099.SS,20260924,9.42,20260630,0.21284538326516445,2.5352554470431987,0.022595051302034444
300285.SZ,20260924,70.0,20260630,1.5504567213413722,7.41872380565235,0.022149381733448176
300258.SZ,20260924,8.95,20260630,0.19776216126032659,8.140442762798621,0.022096330867075596
603618.SS,20260924,36.35,20260630,0.8025250459512879,4.337575363664547,0.022077717907875872
688388.SS,20260924,30.0,20260630,0.6611456305642053,12.686857152665675,0.02203818768547351
002451.SZ,20260924,7.62,20260630,0.16670887750455374,1.7575849863387978,0.02187780544679183
000408.SZ,20260924,71.46,20260630,1.5516572078477808,10.96955729280465,0.021713646905230633
002159.SZ,20260924,13.46,20260630,0.29052423240075437,7.819150441339348,0.021584266894558272
688668.SS,20260924,232.0,20260630,4.992918441095891,16.222752509599907,0.02152120017713746
000159.SZ,20260924,5.46,20260630,0.1174266939789943,4.281236278919407,0.021506720508973315
002899.SZ,20260924,21.14,20260630,0.4524892826142981,11.041514316039493,0.021404412611840024
603598.SS,20260924,18.26,20260630,0.38876489253739,0.8596112639440154,0.021290519854183457
002099.SZ,20260924,5.82,20260630,0.12348917430523226,2.547915835290206,0.021218071186466025
688227.SS,20260924,77.0,20260630,1.6320710054109637,11.324530467478048,0.02119572734299953
000702.SZ,20260924,5.69,20260630,0.12001221273893996,0.9367425797637624,0.021091777282766247
300394.SZ,20260924,267.93,20260630,5.646043220642116,8.037623679086847,0.021072829547426997
300964.SZ,20260924,76.26,20260630,1.5981751237520168,6.498922372792344,0.020956925304904492
300134.SZ,20260924,8.42,20260630,0.1764025534158847,4.684675989894363,0.02095042202088892
603161.SS,20260924,15.03,20260630,0.3146945250720554,8.02371857676124,0.02093775948583203
688239.SS,20260924,55.45,20260630,1.1548697563440364,10.634030838218807,0.02082722734615034
002170.SZ,20260924,10.7,20260630,0.2225456523833569,3.9626186636475,0.020798659101248312
600066.SS,20260924,26.01,20260630,0.5369967301588187,5.770119663753379,0.0206457797062214
300740.SZ,20260924,21.3,20260630,0.4397500590701084,5.832591977344653,0.02064554267934781
002536.SZ,20260924,50.67,20260630,1.044508831086681,5.793038431381948,0.02061394969580977
002338.SZ,20260924,45.85,20260630,0.9438266458333333,8.045678204166666,0.020585095874227553
002253.SZ,20260924,8.7,20260630,0.17870573436995396,3.7085027465462272,0.020540889008040686
603816.SS,20260924,22.55,20260630,0.4571492660420779,12.657154760219026,0.02027269472470412
002173.SZ,20260924,17.66,20260630,0.3579194994973344,3.577960618208598,0.02026724232714238
688519.SS,20260924,295.08,20260630,5.930928897526471,14.329675224000804,0.020099393037571068
000895.SZ,20260924,23.18,20260630,0.46490635042647677,6.032222117874357,0.02005635679147872
000975.SZ,20260924,23.17,20260630,0.4587882538090058,5.742175405112925,0.019800960457876812
688117.SS,20260924,18.82,20260630,0.3712046792478595,5.191665386563821,0.019723946825072235
000657.SZ,20260924,57.18,20260630,1.1268224190210463,4.950337982319353,0.019706583053883286
002715.SZ,20260924,13.11,20260630,0.25673939855072464,3.348426811594203,0.019583478150322246
002378.SZ,20260924,22.5,20260630,0.4365568085462129,2.4006430616278287,0.01940252482427613
001239.SZ,20260924,12.43,20260630,0.2394868125,5.656046916666667,0.01926683930008045
601606.SS,20260924,31.9,20260630,0.6121997701277663,2.9548969910597265,0.01919121536450678
600501.SS,20260924,14.74,20260630,0.28256589973171226,3.550100274832513,0.019170006766059174
688656.SS,20260924,132.15,20260630,2.5221354450056346,13.253954558348624,0.01908539875146148
002929.SZ,20260924,51.4,20260630,0.9801058155654608,25.924730994480644,0.019068206528510913
688037.SS,20260924,344.98,20260630,6.570461740053491,13.963844174648608,0.019045920749183983
603669.SS,20260924,5.9,20260630,0.11192668321063891,0.9116707096308864,0.018970624272989643
301183.SZ,20260924,306.6,20260630,5.779824954558992,12.921078433270248,0.01885135340691126
002230.SZ,20260924,38.32,20260630,0.7215763483025709,9.50826263563818,0.018830280488062914
300145.SZ,20260924,4.99,20260630,0.09392598404845173,1.5575106067000812,0.018822842494679706
002734.SZ,20260924,19.86,20260630,0.3718789877809188,8.535644747348199,0.01872502456097275
300553.SZ,20260924,65.71,20260630,1.2173697345969148,7.619629739945077,0.01852639985690024
688510.SS,20260924,23.98,20260630,0.4437242142476502,4.676185920695287,0.018503928867708515
600682.SS,20260924,5.76,20260630,0.10656337032313197,12.170022931150944,0.018500585125543745
600933.SS,20260924,13.67,20260630,0.2527005088181407,9.010132349600616,0.01848577240805711
002371.SZ,20260924,653.06,20260630,12.037993089555664,55.91245989243406,0.01843321148065364
002676.SZ,20260924,5.26,20260630,0.09659830833333333,1.9053180319444445,0.018364697401774398
688300.SS,20260924,167.8,20260630,3.019529965707012,7.396898349640383,0.017994815051889223
601598.SS,20260924,6.68,20260630,0.1198932013090841,5.759703353593864,0.017948084028306003
688256.SS,20260924,1091.48,20260630,19.292559264130595,21.576250672279297,0.017675595763670057
000007.SZ,20260924,11.64,20260630,0.20376463692644697,0.5114341291332419,0.017505553000553863
300308.SZ,20260924,895.86,20260630,15.634254316531763,35.74060608829313,0.017451671373352715
600378.SS,20260924,45.09,20260630,0.7857360996741999,14.47700366376852,0.01742595031435351
300819.SZ,20260924,48.83,20260630,0.8494650818601678,5.623289672946633,0.017396376855624982
603895.SS,20260924,25.87,20260630,0.44890675429743687,1.8046465625066528,0.017352406428196247
300131.SZ,20260924,14.51,20260630,0.2503095362929988,1.5506260663846323,0.017250829517091577
688301.SS,20260924,89.1,20260630,1.5277451843449368,24.865495280629755,0.017146410598708608
001267.SZ,20260924,36.75,20260630,0.6258540606104281,2.0874633724614005,0.01703004246558988
300305.SZ,20260924,7.16,20260630,0.12186112042508761,5.260253466304901,0.01701970955657648
002549.SZ,20260924,13.05,20260630,0.2173530915713514,2.953227423347036,0.01665540931581237
600667.SS,20260924,19.41,20260630,0.3196496102408507,4.193425731622994,0.01646829522106392
300731.SZ,20260924,52.82,20260630,0.8494524842815657,4.883347365667581,0.016082023557015632
300363.SZ,20260924,23.83,20260630,0.37744131082931215,9.232231435503191,0.015838913589144448
300249.SZ,20260924,13.31,20260630,0.21006401160196325,1.442179798983373,0.015782420105331575
000520.SZ,20260924,4.07,20260630,0.06421805304583306,0.441815062573076,0.015778391411752593
002210.SZ,20260924,2.11,20260630,0.031873724023210905,0.3542801585082237,0.015106030342753984
600880.SS,20260924,4.26,20260630,0.06369094944667553,2.690603493233966,0.014950927100158575
600590.SS,20260924,8.38,20260630,0.12511688097742943,3.703114158990866,0.014930415391101362
300602.SZ,20260924,37.47,20260630,0.5593482347578568,7.449727331291937,0.014927895243070638
688670.SS,20260924,18.21,20260630,0.2689186525974026,8.506847678571429,0.014767636056968842
688048.SS,20260924,329.66,20260630,4.867603468371256,17.256803824635075,0.01476552650722337
688386.SS,20260924,49.11,20260630,0.7203102985079131,15.095404978485076,0.014667283618568786
600633.SS,20260924,10.13,20260630,0.1469229554741938,8.040622204356248,0.014503746838518636
688662.SS,20260924,128.28,20260630,1.8546525981746105,6.341587747549131,0.014457846883182184
002716.SZ,20260924,9.09,20260630,0.1303635306982127,1.450311158772356,0.014341422519055302
300623.SZ,20260924,33.94,20260630,0.4860651540372049,7.461264246661864,0.014321306836688419
002248.SZ,20260924,9.48,20260630,0.1319451270197037,0.3896266450641895,0.013918262343850601
603360.SS,20260924,12.55,20260630,0.17038326807709683,2.035809085269684,0.013576356022079428
600750.SS,20260924,22.14,20260630,0.3005708764993025,6.274700698445013,0.013575920347755305
688299.SS,20260924,13.37,20260630,0.18121067120370615,8.95421015560755,0.013553528137898741
603221.SS,20260924,30.8,20260630,0.41741080786976853,6.614712035628727,0.013552298956810666
300179.SZ,20260924,44.29,20260630,0.5798542050072201,2.3918832981686373,0.013092215059995938
300401.SZ,20260924,15.96,20260630,0.20745758629504263,6.568474210137236,0.012998595632521467
688383.SS,20260924,143.01,20260630,1.83435380551638,12.677669703895988,0.012826752013959724
600851.SS,20260924,8.11,20260630,0.1035404366906074,4.169948205713605,0.012767008223256155
603779.SS,20260924,8.15,20260630,0.1032087712691036,1.452839309445139,0.012663652916454429
300032.SZ,20260924,3.78,20260630,0.04775326981745056,0.7600985967586562,0.012633140163346709
300548.SZ,20260924,231.02,20260630,2.845492226393969,7.14127621427517,0.012317081752203137
002938.SZ,20260924,82.94,20260630,1.009640761249067,15.07770065919127,0.012173146385930396
603353.SS,20260924,44.17,20260630,0.5321959091872953,9.70468954760763,0.012048809354478046
002980.SZ,20260924,108.11,20260630,1.2757151464895973,6.62138024529691,0.011800158602253235
000547.SZ,20260924,14.56,20260630,0.17110578502199847,2.2890385470642083,0.011751770949313081
603301.SS,20260924,78.48,20260630,0.9198466369002504,21.809010030434,0.011720777738280458
300878.SZ,20260924,30.9,20260630,0.36056946173762106,6.153779579923317,0.011668914619340488
603290.SS,20260924,85.95,20260630,1.000574902941439,28.72888185866905,0.011641360127300047
603660.SS,20260924,9.64,20260630,0.11198688449450557,1.0250967092231784,0.011616896731795183
300765.SZ,20260924,44.15,20260630,0.5103059561522811,2.826795373328388,0.011558458802996175
603628.SS,20260924,10.33,20260630,0.11927522124084138,4.821292159576183,0.011546488019442533
000590.SZ,20260924,8.97,20260630,0.10317885026264967,2.224248711224299,0.011502658892157153
002568.SZ,20260924,19.25,20260630,0.22123472895214305,4.975648245252593,0.011492713192319119
688585.SS,20260924,136.2,20260630,1.562202388720429,2.918473844400032,0.011469914748314458
301018.SZ,20260924,97.6,20260630,1.112496009318808,7.28973949459981,0.011398524685643526
300604.SZ,20260924,261.0,20260630,2.973353519857474,8.873681304060854,0.011392159079913693
000333.SZ,20260924,82.65,20260630,0.910408197991595,28.25287444960525,0.011015223206189896
300185.SZ,20260924,2.75,20260630,0.030099233973209735,1.8251681704095424,0.010945175990258085
603226.SS,20260924,31.0,20260630,0.33902782334454606,2.3314209327546456,0.010936381398211164
000633.SZ,20260924,5.25,20260630,0.057365472370409204,0.5200744886140848,0.010926756641982706
000021.SZ,20260924,35.53,20260630,0.3774649454725489,8.459536316757703,0.010623837474600306
688313.SS,20260924,157.3,20260630,1.6450053418429949,3.7986869439112767,0.010457758053674474
688055.SS,20260924,3.71,20260630,0.03866809812663804,1.1666513337669733,0.010422667958662543
301611.SZ,20260924,94.53,20260630,0.9825034751361486,4.223196176680654,0.010393562627061764
300620.SZ,20260924,278.0,20260630,2.8840457026851753,9.059397598636764,0.010374265117572574
000889.SZ,20260924,3.7,20260630,0.036233348175867985,0.2127418914866645,0.009792796804288644
600580.SS,20260924,26.77,20260630,0.2604733008474184,7.023462829699411,0.00973004485795362
300998.SZ,20260924,29.63,20260630,0.2861918344538366,9.278766801752298,0.009658853677146022
300534.SZ,20260924,13.84,20260630,0.13132131731197152,2.360657525260017,0.009488534487859215
300814.SZ,20260924,138.43,20260630,1.2949081791956687,8.288004654367095,0.009354245316735307
600882.SS,20260924,19.04,20260630,0.17732046050693345,9.437237117705957,0.009313049396372555
002249.SZ,20260924,6.45,20260630,0.05912434124147854,3.965506859612813,0.009166564533562564
003032.SZ,20260924,9.0,20260630,0.08247100185572018,3.3390436237531524,0.009163444650635575
002708.SZ,20260924,16.45,20260630,0.1498570475703262,3.2805904695482666,0.009109850916129253
300655.SZ,20260924,13.34,20260630,0.12058220425377608,2.535375038070426,0.009039145746160127
600183.SS,20260924,137.33,20260630,1.2156917736362085,7.726765052777097,0.008852339427919671
688235.SS,20260924,258.0,20260630,2.2159393422210387,3.5670799980501977,0.008588912179151312
300151.SZ,20260924,20.63,20260630,0.17251851689503853,3.018902930405754,0.008362506878092028
002810.SZ,20260924,21.23,20260630,0.1765210935938138,6.874374162846118,0.008314700593208374
000430.SZ,20260924,6.84,20260630,0.0562515541872842,2.247832531704161,0.008223911430889503
003041.SZ,20260924,41.31,20260630,0.3355768834815408,10.28847045948375,0.00812338134789496
301128.SZ,20260924,117.7,20260630,0.9530210915525197,9.278171717360278,0.00809703561217094
000541.SZ,20260924,4.9,20260630,0.03952486160713452,4.409373080513063,0.00806629828717031
688258.SS,20260924,88.14,20260630,0.7041655172648814,8.288828972296864,0.007989170833502172
603663.SS,20260924,48.2,20260630,0.3838702410513446,3.2465555300166367,0.007964112884882668
688359.SS,20260924,111.09,20260630,0.8830605987116004,7.158686460690483,0.00794905570898911
002655.SZ,20260924,37.43,20260630,0.28681926798762425,2.400106241634301,0.007662817739450287
003007.SZ,20260924,40.76,20260630,0.3021885954736036,13.750089871763247,0.0074138517044554375
002023.SZ,20260924,9.77,20260630,0.07073950324786969,5.055654498719316,0.007240481396916038
605488.SS,20260924,32.22,20260630,0.23156365524977196,7.366467542463491,0.0071869539183666035
300736.SZ,20260924,34.98,20260630,0.24906614032387495,0.4365006682693247,0.007120244148767152
300691.SZ,20260924,21.68,20260630,0.15422966716322348,6.214728917963685,0.0071139145370490535
300712.SZ,20260924,20.44,20260630,0.14517956372584798,6.751444525024386,0.007102718381890801
003010.SZ,20260924,28.45,20260630,0.19889522129129233,2.5960202047104826,0.0069910446851069365
002718.SZ,20260924,85.96,20260630,0.5969198293777488,7.095899955185807,0.006944158089550359
300001.SZ,20260924,35.34,20260630,0.23464497401112278,8.367651771782457,0.006639642728101945
002222.SZ,20260924,68.07,20260630,0.4475351519232413,4.033701136342134,0.006574631290190118
300136.SZ,20260924,57.3,20260630,0.3606979679266809,8.313506045409223,0.006294903454217817
002463.SZ,20260924,124.05,20260630,0.778388449583266,9.348128834868897,0.006274796046620444
002668.SZ,20260924,8.93,20260630,0.05568566702720894,3.5311785718026765,0.006235796979530676
688127.SS,20260924,65.78,20260630,0.40928222308231854,5.88323974735506,0.006221985756800221
002161.SZ,20260924,6.54,20260630,0.0405276220284928,1.9667711384647149,0.006196884102216024
002892.SZ,20260924,8.63,20260630,0.053429861622949576,1.6925091304038118,0.006191177476587436
605376.SS,20260924,133.01,20260630,0.8182033295107034,6.973514147553517,0.0061514422187106494
605318.SS,20260924,76.46,20260630,0.4637737410162425,4.578602663533829,0.006065573384988786
000953.SZ,20260924,6.02,20260630,0.03628994193595382,0.4232666923745886,0.006028229557467413
300909.SZ,20260924,64.71,20260630,0.3864141115358833,11.62815373030027,0.005971474448089682
002653.SZ,20260924,61.31,20260630,0.3571342033202664,4.300191499739932,0.005825056325562981
603399.SS,20260924,13.22,20260630,0.07457810243502266,3.3606157737654265,0.005641308807490367
002176.SZ,20260924,8.29,20260630,0.04633892499755299,1.7161906646457477,0.005589737635410493
603739.SS,20260924,12.85,20260630,0.07093740670880717,6.936826297873767,0.005520420755549197
301205.SZ,20260924,308.0,20260630,1.6169280584905898,12.500064882033872,0.005249766423670746
300085.SZ,20260924,30.51,20260630,0.15570348102448633,0.5969062438598688,0.005103358932300437
000504.SZ,20260924,13.73,20260630,0.06886019838526575,0.8234086209323446,0.005015309423544482
600769.SS,20260924,15.72,20260630,0.0778765055582046,0.3500557233879819,0.004953976180547367
300503.SZ,20260924,65.32,20260630,0.2594063037058898,5.146769713735294,0.003971315121033219
300021.SZ,20260924,3.82,20260630,0.014980475543492707,2.679926760329716,0.0039215904564117035
002366.SZ,20260924,5.58,20260630,0.02176884791223249,2.221533424711372,0.0039012272244144243
601006.SS,20260924,4.66,20260630,0.018104563319110315,8.288932475251364,0.003885099424701784
688625.SS,20260924,74.1,20260630,0.28385314665008954,6.330681337408605,0.0038306767429161885
688498.SS,20260924,1700.03,20260630,6.190908724419282,25.290285309886546,0.0036416467500098716
300635.SZ,20260924,11.88,20260630,0.04255500415171818,2.343900327714896,0.003582071056541934
300410.SZ,20260924,8.79,20260630,0.027623975069574765,0.774919541039366,0.003142659279815104
002654.SZ,20260924,13.21,20260630,0.03961931055066126,1.8742709308585728,0.002999190806257476
002732.SZ,20260924,14.17,20260630,0.04223366024161781,9.706382138006118,0.0029804982527606074
603322.SS,20260924,29.12,20260630,0.0779986351140739,1.991641412647288,0.0026785245574888015
002510.SZ,20260924,5.65,20260630,0.014502230960145792,2.4923417411446005,0.002566766541618724
002861.SZ,20260924,14.73,20260630,0.037368783255748016,5.380207432994151,0.002536916717973389
000960.SZ,20260924,31.61,20260630,0.07693816985024732,13.654536656888745,0.002433981962994221
601116.SS,20260924,10.02,20260630,0.020250446247286728,6.024443538397716,0.0020210026194896935
002569.SZ,20260924,11.43,20260630,0.022216434540389973,0.2183332404828226,0.0019436950604015725
688521.SS,20260924,207.45,20260630,0.3621699588446605,5.565704965417642,0.0017458180710757318
002643.SZ,20260924,13.06,20260630,0.020493326223023085,7.751999685773565,0.0015691673983938043
688678.SS,20260924,32.63,20260630,0.050288348023534546,8.560181369273796,0.0015411691089039087
603958.SS,20260924,18.7,20260630,0.028489154814004377,2.9997691694018966,0.0015234842146526406
300334.SZ,20260924,8.6,20260630,0.012241402883546339,1.6639088371783015,0.0014234189399472488
603179.SS,20260924,41.29,20260630,0.045774337141137315,14.904907292136464,0.0011086058886204241
300835.SZ,20260924,189.93,20260630,0.1213148866846169,12.132755194745704,0.0006387347269236924
603341.SS,20260924,37.33,20260630,0.023372971322861813,14.27171141747081,0.0006261176352226577
603580.SS,20260924,78.74,20260630,0.048782344046063006,3.4243199294116926,0.0006195370084590171
300666.SZ,20260924,243.62,20260630,0.12889554084186422,26.419491545061625,0.0005290843971835819
688050.SS,20260924,38.35,20260630,0.0027856044311259983,14.939790572758836,7.263636065517596e-05
002164.SZ,20260924,13.06,20260630,-0.001700117915741607,2.9287237101244603,-0.0001301774820629102
002872.SZ,20260924,5.94,20260630,-0.0022582200109030706,6.051524746704585,-0.00038017171900725093
002779.SZ,20260924,82.86,20260630,-0.035557076477438145,6.607338100911769,-0.0004291223325783025
300024.SZ,20260924,13.22,20260630,-0.005852134804490707,2.588870302144528,-0.000442672829386589
601869.SS,20260924,438.0,20260630,-0.3765476865730831,19.91028005023665,-0.000859697914550418
003004.SZ,20260924,58.06,20260630,-0.05260428460286555,7.67962439445559,-0.0009060331485164579
300049.SZ,20260924,47.02,20260630,-0.053522300453871484,7.471224309735275,-0.001138287972221852
603358.SS,20260924,44.73,20260630,-0.06426491744606365,7.274364589037604,-0.0014367296545062297
002520.SZ,20260924,6.46,20260630,-0.00984004166315104,0.4177702884662226,-0.0015232262636456718
600873.SS,20260924,7.36,20260630,-0.01128191591831929,5.596270376650051,-0.0015328690106412078
300606.SZ,20260924,35.98,20260630,-0.059531143280247535,5.239032532380074,-0.0016545620700457904
002402.SZ,20260924,18.37,20260630,-0.032140695206088095,7.703659353777104,-0.0017496295702824221
002852.SZ,20260924,8.09,20260630,-0.015710720788649407,6.40691789611255,-0.0019419926809208167
002203.SZ,20260924,17.78,20260630,-0.03490585244051419,7.63656256729553,-0.0019632087986790883
300757.SZ,20260924,565.86,20260630,-1.154405134963904,9.931647239911916,-0.0020400896599227793
002102.SZ,20260924,2.65,20260630,-0.005576823566249614,1.217285640503713,-0.002104461723113062
300997.SZ,20260924,15.4,20260630,-0.03439555062270773,2.329898117016354,-0.0022334773131628396
002315.SZ,20260924,24.76,20260630,-0.06104402846541053,6.7070537898652445,-0.0024654292595076947
603256.SS,20260924,152.0,20260630,-0.39148033834551405,3.1691488045970755,-0.002575528541746803
003029.SZ,20260924,17.59,20260630,-0.04657382646204623,5.0590382835754575,-0.00264774454019592
002896.SZ,20260924,61.22,20260630,-0.18638308241995694,6.081242041948647,-0.0030444802747461113
600397.SS,20260924,17.7,20260630,-0.055420210452528214,0.1951422249654355,-0.003131085336301029
300750.SZ,20260924,293.5,20260630,-0.9284975508510477,82.49811235900322,-0.0031635350965964148
603009.SS,20260924,47.14,20260630,-0.15410361589297883,5.882223788825892,-0.0032690627045604335
002813.SZ,20260924,23.1,20260630,-0.07939169166666667,1.6893248916666668,-0.003436869769119769
001226.SZ,20260924,46.69,20260630,-0.16131446387786708,10.106873859406177,-0.003455011006165498
300331.SZ,20260924,47.31,20260630,-0.17356505639310385,6.054365931197636,-0.0036686758907863845
688138.SS,20260924,40.15,20260630,-0.1495625442517529,9.161918431707928,-0.0037250945019116537
300054.SZ,20260924,70.11,20260630,-0.26936207885422864,5.916219780011634,-0.0038419922814752335
002428.SZ,20260924,91.63,20260630,-0.35721124142577165,2.350022908500735,-0.003898409270171032
688347.SS,20260924,224.1,20260630,-0.9501069236790016,4.01258173264493,-0.004239656062824639
300589.SZ,20260924,13.6,20260630,-0.058250326299822346,1.7900183551692848,-0.004283112227928113
688611.SS,20260924,66.43,20260630,-0.29049583544125546,5.501513609788408,-0.0043729615451039506
002323.SZ,20260924,1.25,20260630,-0.0055288467221492115,0.06138898335,-0.004423077377719369
002886.SZ,20260924,25.51,20260630,-0.12178054846048911,7.100256246948529,-0.0047738356903366955
300932.SZ,20260924,11.06,20260630,-0.05318704938654122,3.9832834149210665,-0.004808955640736096
002181.SZ,20260924,9.58,20260630,-0.04607054426542455,3.554905724301804,-0.0048090338481654015
002259.SZ,20260924,4.74,20260630,-0.023094648655544933,0.6256962161970713,-0.004872288745895555
002629.SZ,20260924,4.29,20260630,-0.021977198350367086,0.1172730214687225,-0.005122890058360626
002229.SZ,20260924,10.52,20260630,-0.05442529355645286,2.130321532554435,-0.005173506992058257
300205.SZ,20260924,5.36,20260630,-0.028221661830087244,0.8987303513960972,-0.005265235416061053
300405.SZ,20260924,5.8,20260630,-0.030540883070827963,1.439732632694918,-0.005265669494970339
300730.SZ,20260924,11.38,20260630,-0.06161643815941424,0.5740426273977796,-0.005414449750387894
600343.SS,20260924,20.3,20260630,-0.11038042667667104,1.942424939652904,-0.005437459442200544
002702.SZ,20260924,5.55,20260630,-0.03149558688042452,1.8432450496616173,-0.0056748805189954085
002923.SZ,20260924,10.85,20260630,-0.06809582620297738,3.2223640727153904,-0.006276113014099298
300686.SZ,20260924,14.77,20260630,-0.09270106499824018,3.0628330866148383,-0.006276307718228855
601595.SS,20260924,22.96,20260630,-0.15050357429718875,3.727141334225792,-0.006555033723745154
601965.SS,20260924,13.04,20260630,-0.0890535363630076,8.045754055898984,-0.006829258923543528
002652.SZ,20260924,4.58,20260630,-0.03183466242941251,0.4594918611338331,-0.006950799657076968
003033.SZ,20260924,91.74,20260630,-0.6719536609798664,17.678125745051126,-0.007324543939174476
002348.SZ,20260924,11.01,20260630,-0.0833072730152027,0.4031719594594594,-0.0075665098106451134
603306.SS,20260924,79.92,20260630,-0.6054340607052886,11.819042246731806,-0.007575501260076184
300700.SZ,20260924,17.42,20260630,-0.1331363513504379,1.9581472674851708,-0.00764272969864741
600322.SS,20260924,2.69,20260630,-0.020821135027584335,0.0689808727502939,-0.007740198895012764
002082.SZ,20260924,12.0,20260630,-0.09418625874333578,4.174735589907833,-0.00784885489527798
300705.SZ,20260924,10.76,20260630,-0.08548615554927995,5.2537528951475565,-0.007944809995286241
603703.SS,20260924,10.23,20260630,-0.08415345147429247,1.4677971526570182,-0.008226143839129273
300299.SZ,20260924,5.42,20260630,-0.045523682720620774,0.5749984066069617,-0.008399203453989073
000559.SZ,20260924,11.1,20260630,-0.0953819550257957,2.493283665288048,-0.008592968921242856
688488.SS,20260924,15.95,20260630,-0.1395659444337374,2.1741042946792635,-0.008750215951958459
002201.SZ,20260924,9.87,20260630,-0.0909493476130957,1.83558424891227,-0.009214726201934722
600536.SS,20260924,30.69,20260630,-0.28312912159046527,3.855648243609659,-0.009225451990565828
688321.SS,20260924,25.35,20260630,-0.24025839154693712,5.784045712136786,-0.009477648581733219
600570.SS,20260924,19.94,20260630,-0.19102260033507326,5.128942973814929,-0.009579869625630554
002827.SZ,20260924,76.59,20260630,-0.7386066485507247,3.862563347826087,-0.009643643407112216
600380.SS,20260924,9.25,20260630,-0.08940354274760406,8.320084403068797,-0.009665247864605845
002418.SZ,20260924,4.47,20260630,-0.044088315733896516,1.2841270820133757,-0.009863157882303472
688528.SS,20260924,10.31,20260630,-0.10220300412796536,2.7256774592978217,-0.009912997490588299
300624.SZ,20260924,48.74,20260630,-0.48531846861902955,4.985501959060946,-0.009957293160012917
300649.SZ,20260924,27.63,20260630,-0.27601466249623213,3.2344229966286595,-0.009989672909744196
600119.SS,20260924,5.0,20260630,-0.050698421007978285,0.1871417711762385,-0.010139684201595656
688183.SS,20260924,114.08,20260630,-1.1572662578749005,7.774918795293887,-0.010144339567627107
601086.SS,20260924,15.32,20260630,-0.15594211019335028,2.66745920452019,-0.010178988916015031
688277.SS,20260924,15.29,20260630,-0.15766696873381125,2.5580619594737564,-0.010311770355383339
301015.SZ,20260924,25.23,20260630,-0.269159902786486,4.51000857821471,-0.01066824822776401
002859.SZ,20260924,65.63,20260630,-0.7038967389179778,7.566916968878467,-0.010725228385158887
300097.SZ,20260924,10.19,20260630,-0.11075054811447384,0.6457476095735878,-0.010868552317416472
300706.SZ,20260924,50.36,20260630,-0.5475641650990577,4.804137775464119,-0.010872997718408613
603228.SS,20260924,103.55,20260630,-1.1448567756032968,13.282952139041472,-0.011056077021760471
603950.SS,20260924,56.1,20260630,-0.6221080075931333,9.732082991179842,-0.011089269297560309
001696.SZ,20260924,15.64,20260630,-0.17751739963245033,4.835841571873555,-0.01135021736780373
603186.SS,20260924,213.3,20260630,-2.450992189463906,15.711469975499412,-0.011490821328944707
603178.SS,20260924,15.85,20260630,-0.18585673788535187,4.794588965687389,-0.011725977153649961
600362.SS,20260924,42.4,20260630,-0.5022376992627164,25.38442511590757,-0.011845228756196143
300003.SZ,20260924,11.41,20260630,-0.13633867161407853,8.895220915004808,-0.011949050974064727
688319.SS,20260924,31.52,20260630,-0.3825758733211103,2.1443165881986426,-0.012137559432776343
300353.SZ,20260924,16.86,20260630,-0.20843881586588087,3.607980310964114,-0.012362919090503018
000025.SZ,20260924,14.92,20260630,-0.18802976590267415,4.434041639655627,-0.012602531226720788
002427.SZ,20260924,4.52,20260630,-0.05720712190193365,0.98901673634913,-0.012656442898657888
605020.SS,20260924,31.04,20260630,-0.393922804527327,11.80079119359825,-0.01269081200152471
688577.SS,20260924,41.37,20260630,-0.5253678621396072,6.520659894194846,-0.012699247332356955
000506.SZ,20260924,17.48,20260630,-0.22686066386194742,0.9708559500833912,-0.012978298847937495
002019.SZ,20260924,9.36,20260630,-0.12424705681483748,7.273335814801548,-0.013274258206713407
002136.SZ,20260924,11.72,20260630,-0.15639732583015534,5.260609450283694,-0.013344481726122468
002795.SZ,20260924,7.94,20260630,-0.10765210934888751,0.9743078209029776,-0.013558200169885076
003018.SZ,20260924,48.5,20260630,-0.6662815316208364,5.278736641309023,-0.013737763538573946
688981.SS,20260924,119.98,20260630,-1.6490767329185163,3.1226071930057047,-0.013744596873799935
300453.SZ,20260924,9.02,20260630,-0.12441786743255404,2.847134505413984,-0.013793555147733264
002916.SZ,20260924,394.5,20260630,-5.517496215404253,27.041515326393256,-0.013986048708249058
002076.SZ,20260924,2.11,20260630,-0.030300265058575415,0.2651357660212489,-0.01436031519363764
002541.SZ,20260924,18.26,20260630,-0.26233276038803244,13.24902196141248,-0.014366525760571326
300167.SZ,20260924,4.02,20260630,-0.06064866633461021,0.1634389612769625,-0.015086732919057268
002743.SZ,20260924,4.75,20260630,-0.071935586015702,4.757283865263967,-0.015144333898042527
000921.SZ,20260924,26.36,20260630,-0.4031451034162904,12.605943733258156,-0.015293820311695388
600988.SS,20260924,40.28,20260630,-0.6178991214082901,7.599010279272353,-0.015340097353731133
002752.SZ,20260924,6.15,20260630,-0.09560090223171319,3.6425438979101,-0.01554486215149808
600458.SS,20260924,11.11,20260630,-0.17393573972194057,8.720825466230846,-0.01565578215318997
300067.SZ,20260924,5.26,20260630,-0.08279505816627593,2.1654854570627435,-0.01574050535480531
600259.SS,20260924,80.37,20260630,-1.2739851432625013,11.436259458748028,-0.015851501098202082
300584.SZ,20260924,30.24,20260630,-0.49331425,8.945380075,-0.01631330191798942
600358.SS,20260924,5.72,20260630,-0.09436149872738493,0.0939614643943658,-0.016496765511780583
600601.SS,20260924,14.24,20260630,-0.23510875986981872,1.258537718045153,-0.016510446620071537
002893.SZ,20260924,10.15,20260630,-0.16942417620233435,4.964758653863678,-0.016692037064269395
000058.SZ,20260924,7.04,20260630,-0.11858125106676355,1.6528234237351034,-0.016843927708347094
603121.SS,20260924,13.14,20260630,-0.22172895072690543,3.249656301261638,-0.01687434937038854
002125.SZ,20260924,12.02,20260630,-0.20285120016626687,5.562567238518937,-0.016876139780887426
688398.SS,20260924,23.57,20260630,-0.3991819672945644,6.818813751950722,-0.01693601897728317
002472.SZ,20260924,38.94,20260630,-0.6649423196316161,12.226045330250145,-0.017076073950478072
601633.SS,20260924,13.91,20260630,-0.23758674964339835,10.234631581905951,-0.017080283942731728
300973.SZ,20260924,25.39,20260630,-0.44026257810699276,16.280016872924538,-0.017339999137731106
002178.SZ,20260924,5.07,20260630,-0.08817931118734317,0.598825413920885,-0.017392369070481885
603659.SS,20260924,21.5,20260630,-0.37457880233449203,10.170303280109144,-0.017422269876022887
301182.SZ,20260924,68.91,20260630,-1.201604396498914,6.499041688886756,-0.017437300776359223
300077.SZ,20260924,22.3,20260630,-0.3954798830366066,2.592196619009397,-0.01773452390298684
688659.SS,20260924,9.3,20260630,-0.16631385770076207,3.150120090060049,-0.017883210505458286
301013.SZ,20260924,37.62,20260630,-0.674544496414901,2.693941081184461,-0.017930475715441284
300680.SZ,20260924,20.68,20260630,-0.37342738321411123,6.886458276479602,-0.018057416983274236
688607.SS,20260924,37.96,20260630,-0.6946207926932402,9.449148458025595,-0.018298756393394105
601208.SS,20260924,56.44,20260630,-1.0412020320560886,6.155728002625758,-0.01844794528802425
300780.SZ,20260924,20.13,20260630,-0.3739664348537533,6.78497418013227,-0.018577567553589334
000820.SZ,20260924,3.58,20260630,-0.06664592879793649,0.1264744680135945,-0.018616181228473878
600127.SS,20260924,16.49,20260630,-0.3089027703432407,1.030895686337501,-0.018732733192434247
600753.SS,20260924,13.47,20260630,-0.2554706643420901,0.3753624176059647,-0.018965899357244995
300260.SZ,20260924,62.0,20260630,-1.179243458011681,5.382124861284941,-0.019020055774381952
002570.SZ,20260924,4.38,20260630,-0.08428877833199774,1.5693949059966386,-0.019244013317807705
002913.SZ,20260924,86.8,20260630,-1.679506208711909,12.752445033950412,-0.01934914986995287
002925.SZ,20260924,23.02,20260630,-0.44810958629757613,7.051851450444449,-0.01946609844906934
300322.SZ,20260924,17.73,20260630,-0.35054874459510316,2.242474527976813,-0.01977150279724214
688622.SS,20260924,142.39,20260630,-2.8278741740943065,4.033278899619575,-0.019860061620158066
002420.SZ,20260924,6.08,20260630,-0.12124932792137828,2.947749368546367,-0.01994232367127932
002436.SZ,20260924,43.31,20260630,-0.8647564888748579,2.723462019775772,-0.01996667025802027
300478.SZ,20260924,34.77,20260630,-0.694684921017107,0.4275227712298595,-0.01997943402407555
001217.SZ,20260924,11.03,20260630,-0.2208448432868492,9.362077027544515,-0.020022197940784154
300893.SZ,20260924,13.73,20260630,-0.27556178887690336,4.493447357918911,-0.020070050173117505
600489.SS,20260924,22.12,20260630,-0.44511654066300477,6.70384951887332,-0.020122809252396238
002377.SZ,20260924,2.95,20260630,-0.06072941877619677,0.4380543438023196,-0.020586243652948054
002796.SZ,20260924,29.16,20260630,-0.6011681521470551,3.357036664664642,-0.020616191774590367
000796.SZ,20260924,3.59,20260630,-0.07428951013245257,0.5544150257564713,-0.0206934568614074
600301.SS,20260924,47.65,20260630,-0.9956562910816349,8.050088316348619,-0.020895200232563166
002256.SZ,20260924,3.14,20260630,-0.0676511493691093,0.6965432908260416,-0.02154495202837876
002211.SZ,20260924,3.8,20260630,-0.0833391018644769,0.1119083827351172,-0.021931342595914977
600550.SS,20260924,10.29,20260630,-0.22575936919531106,0.5325694946623905,-0.021939686024811573
002552.SZ,20260924,49.88,20260630,-1.0980198578693172,4.221867163838728,-0.022013228906762574
002554.SZ,20260924,2.76,20260630,-0.061338021878314095,1.4198688921398517,-0.022223920970403658
688655.SS,20260924,73.8,20260630,-1.6692888508977834,5.361060363084442,-0.022619090120566173
603188.SS,20260924,4.5,20260630,-0.10183058035322798,1.229422651139134,-0.022629017856272884
002031.SZ,20260924,5.35,20260630,-0.12114491704896373,0.8645786840164144,-0.022643909728778267
600105.SS,20260924,42.53,20260630,-0.9633903021222917,2.489056849601576,-0.02265201744938377
603977.SS,20260924,11.1,20260630,-0.2517213731461752,5.533557228538707,-0.02267760118434011
603800.SS,20260924,58.59,20260630,-1.3342740044059038,3.768297823093656,-0.022773067151491785
002862.SZ,20260924,15.35,20260630,-0.351425066877881,1.7340935533935082,-0.022894141164682802
000532.SZ,20260924,12.87,20260630,-0.29466419350341216,4.772713535158447,-0.022895430730645858
301665.SZ,20260924,22.06,20260630,-0.5064165577777778,8.120879657777778,-0.022956326281857564
300567.SZ,20260924,202.7,20260630,-4.709510325069599,20.79706218727461,-0.02323389405559743
600156.SS,20260924,9.17,20260630,-0.21499209687783938,0.8633366738893709,-0.023445157783842898
300664.SZ,20260924,4.59,20260630,-0.10900204616808176,6.081892937108352,-0.023747722476706267
002424.SZ,20260924,4.61,20260630,-0.10954273040296429,1.998059712644004,-0.023761980564634334
603026.SS,20260924,57.54,20260630,-1.3690581167815625,23.23773730096423,-0.023793154619074774
603389.SS,20260924,43.82,20260630,-1.047083814616665,0.8075926296354872,-0.023895112154647763
600226.SS,20260924,5.78,20260630,-0.13824461393251453,1.2539600229805647,-0.023917753275521543
688345.SS,20260924,48.11,20260630,-1.1550011293253386,12.514607469583565,-0.02400750632561502
002747.SZ,20260924,29.35,20260630,-0.7158686179466336,3.798308434576512,-0.024390753592730276
688799.SS,20260924,56.88,20260630,-1.4027620563001184,16.063593669707934,-0.024661780174052714
002274.SZ,20260924,5.95,20260630,-0.14820226747476303,5.520026565538847,-0.02490794411340555
300591.SZ,20260924,6.47,20260630,-0.16117817741026924,0.4157647291064613,-0.02491161938334919
300786.SZ,20260924,14.83,20260630,-0.37016065415251076,6.158986530402199,-0.024960259888908345
600363.SS,20260924,14.55,20260630,-0.36770066077319125,10.255611227122806,-0.025271523077195275
002077.SZ,20260924,14.67,20260630,-0.37451387077130327,5.85924668682661,-0.025529234544737784
002199.SZ,20260924,12.1,20260630,-0.3089329608585832,0.6894700492206445,-0.02553164965773415
300352.SZ,20260924,3.08,20260630,-0.07909286307780869,0.6511318224498501,-0.025679500999288535
300702.SZ,20260924,21.3,20260630,-0.5480488861997765,10.341191036780405,-0.025729994657266504
300204.SZ,20260924,20.02,20260630,-0.5179223155670798,1.6894683580139926,-0.02587024553282117
002442.SZ,20260924,5.42,20260630,-0.14044633497972872,3.7850229200461967,-0.025912607929839248
002421.SZ,20260924,3.11,20260630,-0.0811312117561912,1.2796391150871411,-0.026087206352473056
300596.SZ,20260924,40.68,20260630,-1.0632598731187952,21.71464706897253,-0.02613716502258592
600609.SS,20260924,3.54,20260630,-0.09259119222326438,1.2550957296756369,-0.026155704017871293
601007.SS,20260924,6.8,20260630,-0.17816543038122915,4.169470980357441,-0.026200798585474874
002316.SZ,20260924,4.3,20260630,-0.11368959291099057,0.187134182836414,-0.026439440211858272
603629.SS,20260924,105.89,20260630,-2.82060279179014,10.006198252765117,-0.026637102576165268
688269.SS,20260924,27.69,20260630,-0.7384562029600462,8.19249695791269,-0.02666869638714504
300818.SZ,20260924,16.4,20260630,-0.44040019984103784,8.554709756598529,-0.026853670722014503
600463.SS,20260924,8.15,20260630,-0.22102153666666666,2.826066866666667,-0.027119206952965234
002481.SZ,20260924,4.16,20260630,-0.11322611528904848,2.0445546675944093,-0.027217816175252037
300952.SZ,20260924,16.95,20260630,-0.4617533353075392,7.522028295655318,-0.027242084678910868
003037.SZ,20260924,5.8,20260630,-0.1582947847625702,4.618905193758764,-0.027292204269408656
603309.SS,20260924,11.07,20260630,-0.3086047603331958,6.094007776396934,-0.02787757545918661
605319.SS,20260924,22.29,20260630,-0.6241533300840153,8.363356612065036,-0.028001495293136624
600189.SS,20260924,9.1,20260630,-0.25535378735191094,1.7688037110493844,-0.028060855752957248
002409.SZ,20260924,132.62,20260630,-3.723462924969873,16.809693173591807,-0.028076179497586135
603681.SS,20260924,19.86,20260630,-0.5712870693450688,15.215268861297748,-0.02876571346148383
000065.SZ,20260924,9.85,20260630,-0.2836262379532352,9.534887192875471,-0.028794541924186318
003017.SZ,20260924,22.9,20260630,-0.6606922098561334,11.671913664037,-0.028851188203324604
002126.SZ,20260924,36.11,20260630,-1.0455649253829744,8.930672599211897,-0.028954996548960797
300246.SZ,20260924,15.71,20260630,-0.4551171743862982,4.2157180557621725,-0.028969902889006884
301565.SZ,20260924,19.95,20260630,-0.5838006899827505,6.157507672308192,-0.02926319248033837
603019.SS,20260924,82.17,20260630,-2.404961338308936,15.084385021629217,-0.029268119000960643
300687.SZ,20260924,29.45,20260630,-0.8619963154328546,6.6630714366812445,-0.029269823953577405
603167.SS,20260924,8.06,20260630,-0.23678721862803112,7.0601376160641065,-0.029378066827299144
600149.SS,20260924,5.05,20260630,-0.15082817234848483,0.6593142860900674,-0.029866964821482146
688711.SS,20260924,28.58,20260630,-0.8561857476617446,5.216155683298853,-0.029957513913986867
300364.SZ,20260924,24.48,20260630,-0.7344891150724563,0.3615895460980556,-0.030003640321587265
003026.SZ,20260924,35.55,20260630,-1.0692428116205164,5.280644420050055,-0.03007715363208204
002384.SZ,20260924,185.99,20260630,-5.6363764247139025,13.34569125747391,-0.030304728344071736
605296.SS,20260924,30.3,20260630,-0.9243984278189369,7.979815524037959,-0.030508198937918708
000620.SZ,20260924,3.13,20260630,-0.09707930718471677,0.6334048207690138,-0.031015753094158716
000880.SZ,20260924,25.19,20260630,-0.7935588067871421,4.794868136352352,-0.03150293000345939
603978.SS,20260924,26.01,20260630,-0.8287701535740621,7.55275816915217,-0.03186351993748797
603336.SS,20260924,10.3,20260630,-0.33284844453132634,2.3557369074491348,-0.03231538296420644
605337.SS,20260924,9.01,20260630,-0.291289258355587,4.306365337144357,-0.03232955142681321
300433.SZ,20260924,32.87,20260630,-1.06275035484444,10.027729377258613,-0.032331924394415575
302132.SZ,20260924,58.1,20260630,-1.9026568648302093,7.818607622346519,-0.03274796669243045
603286.SS,20260924,46.06,20260630,-1.5171479851443626,6.911755062909041,-0.032938514657932315
603058.SS,20260924,8.88,20260630,-0.2936266721386792,2.7558027213833847,-0.03306606668228369
002048.SZ,20260924,18.36,20260630,-0.6127603329891839,14.228491112800008,-0.03337474580551111
603848.SS,20260924,13.32,20260630,-0.4456999827221981,6.42650684894112,-0.033460959663828685
300530.SZ,20260924,18.98,20260630,-0.6403953701928977,0.508635203884466,-0.03374053583734972
002453.SZ,20260924,5.02,20260630,-0.17015758993192048,0.8722635455340552,-0.033895934249386556
600816.SS,20260924,2.33,20260630,-0.07924237884050456,1.535366284422155,-0.03400960465257706
600361.SS,20260924,3.43,20260630,-0.11766693356379165,2.983777111297915,-0.03430522844425413
300368.SZ,20260924,9.37,20260630,-0.3233171710833563,0.0651486569524276,-0.034505567885096726
002950.SZ,20260924,8.55,20260630,-0.29813437088154315,6.000879107295323,-0.03486951706216879
300473.SZ,20260924,36.36,20260630,-1.271522825344005,11.219899315404064,-0.03497037473443358
300429.SZ,20260924,11.51,20260630,-0.40302575585332406,3.636893428367359,-0.035015269839559
300903.SZ,20260924,103.6,20260630,-3.6322651145852802,4.16544565241471,-0.035060474079008495
605268.SS,20260924,10.15,20260630,-0.35830594484167516,4.008934738395188,-0.03530107830952465
600101.SS,20260924,7.8,20260630,-0.2774507852696755,5.652076782126409,-0.03557061349611224
600611.SS,20260924,4.41,20260630,-0.15702877395398082,4.018559789272169,-0.03560743173559656
300703.SZ,20260924,13.7,20260630,-0.4955320745868196,4.317075880377886,-0.03617022442239559
601117.SS,20260924,7.22,20260630,-0.2612780536619083,11.599379139666118,-0.036188096075056554
601199.SS,20260924,6.61,20260630,-0.24042488403239257,5.0126887568512775,-0.036372902274189496
300749.SZ,20260924,23.97,20260630,-0.8726052471762359,3.29789263408676,-0.03640405703697271
603876.SS,20260924,17.94,20260630,-0.6551899255600294,8.322953803588412,-0.03652117756744868
002647.SZ,20260924,11.75,20260630,-0.4296821718681117,0.6723914226796004,-0.03656869547813717
000833.SZ,20260924,19.05,20260630,-0.7021832852719472,5.559418309310711,-0.03686001497490536
300220.SZ,20260924,11.21,20260630,-0.4160230804861858,0.3893819882528309,-0.03711178238056965
600741.SS,20260924,14.7,20260630,-0.5483572329115126,21.105307454025446,-0.037303213123232155
300985.SZ,20260924,37.73,20260630,-1.421973541768923,4.70719320451068,-0.037688140518656855
300347.SZ,20260924,56.81,20260630,-2.144829563087283,23.28823748106725,-0.03775443694925688
002241.SZ,20260924,23.94,20260630,-0.9041595593427177,10.834052143676924,-0.0377677343083842
000995.SZ,20260924,11.44,20260630,-0.4332342672169029,0.9304262785610408,-0.03787012825322578
600359.SS,20260924,7.62,20260630,-0.2888492161285694,1.7552973763765003,-0.03790672127671514
603993.SS,20260924,17.08,20260630,-0.6513415982784231,4.839234920173721,-0.03813475399756576
300210.SZ,20260924,7.13,20260630,-0.27251670069035755,0.7372754897607452,-0.03822113614170513
600460.SS,20260924,32.72,20260630,-1.26672644233098,7.421583121010019,-0.03871413332307397
300842.SZ,20260924,66.21,20260630,-2.5907855371137325,11.305207533303523,-0.03912982233973316
688141.SS,20260924,112.4,20260630,-4.422035403590859,2.4204514178665586,-0.039341951989242514
000066.SZ,20260924,14.8,20260630,-0.5838496281452231,3.512314628070848,-0.03944929919900156
002432.SZ,20260924,61.68,20260630,-2.45216343767178,55.26673321469463,-0.039756216564069066
002138.SZ,20260924,51.3,20260630,-2.074848389943636,8.36541866189933,-0.040445387718199534
300298.SZ,20260924,16.15,20260630,-0.6534397106261008,5.72889159010359,-0.0404606631966626
600818.SS,20260924,9.11,20260630,-0.376704172691619,1.559468232349061,-0.041350622688432384
603162.SS,20260924,13.43,20260630,-0.5599617459870163,3.542220525332901,-0.041694843334848575
603626.SS,20260924,22.51,20260630,-0.9418197623893954,3.913181195283494,-0.04184006052374035
002228.SZ,20260924,3.27,20260630,-0.13707222409610953,2.1965398202239923,-0.041918111344376
603683.SS,20260924,16.19,20260630,-0.6795173592835807,5.979789750511884,-0.04197142429175915
000930.SZ,20260924,5.26,20260630,-0.2214736917697499,5.554883540270107,-0.04210526459500949
603657.SS,20260924,35.7,20260630,-1.5179475874809212,6.367097771745151,-0.04251954026557202
603881.SS,20260924,23.95,20260630,-1.0328314740876905,3.922856328597724,-0.043124487435811716
600770.SS,20260924,6.21,20260630,-0.26928202613830843,2.702166309334872,-0.04336264511083872
300418.SZ,20260924,41.76,20260630,-1.8227175892084595,11.780500096686712,-0.04364745184886158
002085.SZ,20260924,9.44,20260630,-0.4167074184347911,3.35642367136805,-0.0441427350036855
605196.SS,20260924,34.7,20260630,-1.5417834349005046,6.7798380748556,-0.044431799276671596
600114.SS,20260924,26.78,20260630,-1.2131893730175378,5.687742418182959,-0.04530206770043083
600233.SS,20260924,17.92,20260630,-0.8203505661190736,10.852221518750966,-0.04577849141289473
603565.SS,20260924,11.69,20260630,-0.5352666038435703,5.234726534310241,-0.04578841777960396
600375.SS,20260924,3.62,20260630,-0.16682283241105386,2.1210549498885785,-0.04608365536216957
000088.SZ,20260924,4.5,20260630,-0.2077839739271664,3.480968513328132,-0.0461742164282592
600666.SS,20260924,3.28,20260630,-0.1521494048316259,0.4049412864650395,-0.04638701366817863
300759.SZ,20260924,43.5,20260630,-2.028899151002504,8.898339872432587,-0.04664135979316101
300313.SZ,20260924,12.37,20260630,-0.5782429256501093,0.1596072756898796,-0.04674558816896599
300645.SZ,20260924,13.92,20260630,-0.6515992467811753,7.384844404330276,-0.046810290717038454
002311.SZ,20260924,41.1,20260630,-1.9364676171000912,14.656322655318457,-0.047116000416060615
600671.SS,20260924,23.03,20260630,-1.0875493866339077,0.6285215072375415,-0.047223160513847486
601298.SS,20260924,9.75,20260630,-0.4614002249233566,7.271537643850811,-0.047323099992139135
300489.SZ,20260924,271.15,20260630,-12.988128480153488,5.5904829505288,-0.04790016035461364
600267.SS,20260924,11.43,20260630,-0.5510592234795447,7.762173029287877,-0.04821165559751048
300991.SZ,20260924,28.91,20260630,-1.4090219166666667,4.283465270833333,-0.048738219185979474
300713.SZ,20260924,13.55,20260630,-0.6607189693651387,2.6610795270009016,-0.04876154755462278
300829.SZ,20260924,27.56,20260630,-1.344021097712867,10.914152554295876,-0.04876709353094583
300300.SZ,20260924,10.81,20260630,-0.5290034206676866,0.3590702616493971,-0.04893648664825963
000158.SZ,20260924,12.55,20260630,-0.6148459915927528,3.281982042398517,-0.04899171247751018
000509.SZ,20260924,3.69,20260630,-0.1816283228250431,0.1006855869141105,-0.04922176770326371
300436.SZ,20260924,84.68,20260630,-4.179469423432985,1.3142999339682984,-0.04935603948314814
600182.SS,20260924,12.59,20260630,-0.6222313264705882,3.1752391852941177,-0.04942266294444704
603650.SS,20260924,68.68,20260630,-3.4039358691451844,6.849360446635757,-0.0495622578501046
301121.SZ,20260924,36.19,20260630,-1.7975339661285066,14.794120793585208,-0.049669355239804
603168.SS,20260924,5.85,20260630,-0.29056970086265616,3.6796275672910608,-0.049670034335496785
300056.SZ,20260924,7.9,20260630,-0.39543886176187254,0.1174338192347871,-0.05005555212175602
002681.SZ,20260924,4.49,20260630,-0.22601880946319375,1.1570403183247735,-0.05033826491385161
002848.SZ,20260924,15.44,20260630,-0.7778589470535447,0.4201582650314089,-0.05037946548274254
002009.SZ,20260924,15.49,20260630,-0.7822478689582683,5.12546364427838,-0.05050018521357445
600234.SS,20260924,21.39,20260630,-1.0844902361381998,1.722105722958752,-0.050700805803562406
300015.SZ,20260924,7.91,20260630,-0.4031632920520184,2.478754726992148,-0.05096881062604531
600610.SS,20260924,7.47,20260630,-0.38130074492571747,0.1452241386102125,-0.05104427642914558
002693.SZ,20260924,8.98,20260630,-0.4649369944639336,1.0274741225217163,-0.05177472098707501
300723.SZ,20260924,33.2,20260630,-1.7388578006818698,4.085277726326067,-0.05237523496029728
000816.SZ,20260924,2.86,20260630,-0.15024047260088103,1.3652651978066184,-0.052531633776531826
002005.SZ,20260924,2.8,20260630,-0.148493047441648,0.1742913557426245,-0.05303323122916001
603998.SS,20260924,10.29,20260630,-0.5525269576463004,4.0473242931560565,-0.05369552552442182
300927.SZ,20260924,27.18,20260630,-1.4652210376835688,7.074605285397617,-0.053908058781588254
600649.SS,20260924,4.0,20260630,-0.21583973415424657,7.552519216983831,-0.05395993353856164
002458.SZ,20260924,8.09,20260630,-0.43784824409130363,4.49228177914237,-0.0541221562535604
300962.SZ,20260924,13.16,20260630,-0.7127577950699346,3.962885209874079,-0.0541609266770467
300658.SZ,20260924,10.56,20260630,-0.5746953345243544,4.189266504580434,-0.05442190667844265
688077.SS,20260924,27.86,20260630,-1.5227028891373453,10.038758200732769,-0.054655523658914046
002847.SZ,20260924,43.15,20260630,-2.3806279388139875,7.773541948410118,-0.05517098351828476
605287.SS,20260924,35.42,20260630,-1.9554528558913293,11.531278028834524,-0.05520759051076593
600176.SS,20260924,43.06,20260630,-2.3873787617275903,8.348047107429519,-0.05544307389056178
002319.SZ,20260924,10.22,20260630,-0.5763817822239922,0.8687233656853897,-0.05639743465988181
300424.SZ,20260924,13.52,20260630,-0.765232193874764,3.01461454607103,-0.05660001433984942
000070.SZ,20260924,17.94,20260630,-1.0182104576254454,1.2216732934343528,-0.05675643576507499
688135.SS,20260924,39.55,20260630,-2.254235821778749,6.85209968200409,-0.05699711306646648
600869.SS,20260924,19.83,20260630,-1.1311377634863748,1.991695072543224,-0.05704174298973146
300227.SZ,20260924,10.56,20260630,-0.6043810334116313,3.0667532940638105,-0.05723305240640448
002397.SZ,20260924,3.62,20260630,-0.20799759669885257,1.673348842383616,-0.05745789964056701
300497.SZ,20260924,18.58,20260630,-1.0716167313532639,4.388601372410773,-0.057675819771435086
600298.SS,20260924,39.7,20260630,-2.3000660563856146,14.497204962603645,-0.05793617270492731
000030.SZ,20260924,3.92,20260630,-0.2282914008487951,4.851954964849638,-0.058237602257345686
002723.SZ,20260924,7.38,20260630,-0.43133754012625514,2.32282694213788,-0.05844682115531912
300637.SZ,20260924,9.43,20260630,-0.5512240525702797,3.041639597814067,-0.058454300378608666
300501.SZ,20260924,9.45,20260630,-0.5585689397941039,5.4427754113195626,-0.0591078243168364
600308.SS,20260924,3.29,20260630,-0.1945375126672483,12.271958817217705,-0.05912994305995389
600136.SS,20260924,1.48,20260630,-0.08765362613462115,0.1905065605793987,-0.059225423063933205
603117.SS,20260924,3.95,20260630,-0.23416305530737463,1.7186679435117096,-0.059281786153765725
002748.SZ,20260924,12.11,20260630,-0.7209554985654465,6.133644962618827,-0.05953389748682465
000868.SZ,20260924,3.99,20260630,-0.23845764164624836,0.8549079967330155,-0.05976381996146575
000156.SZ,20260924,7.02,20260630,-0.4200740524697012,8.024389551482507,-0.05983960861391755
600530.SS,20260924,3.89,20260630,-0.23344226023227194,0.4059026314250001,-0.06001086381292337
300839.SZ,20260924,13.08,20260630,-0.7911884136382363,3.075330015562124,-0.06048841082861134
603326.SS,20260924,7.56,20260630,-0.45848720332011467,3.6147463320735618,-0.06064645546562364
002250.SZ,20260924,14.51,20260630,-0.8811449946731774,7.687518110676251,-0.060726739812072876
002772.SZ,20260924,10.64,20260630,-0.66848353186533,9.504195297735258,-0.0628273996114032
300093.SZ,20260924,21.13,20260630,-1.3290747771833413,3.548635402043271,-0.0628998948028084
301125.SZ,20260924,14.71,20260630,-0.9313894055406207,2.9578752256228507,-0.06331675088651398
600246.SS,20260924,14.34,20260630,-0.9096967068471674,2.390510441701084,-0.06343770619575784
300930.SZ,20260924,25.67,20260630,-1.63371796,9.49998754,-0.06364308375535645
603166.SS,20260924,10.99,20260630,-0.7025349372283561,4.280324865626424,-0.0639249260444364
000878.SZ,20260924,16.36,20260630,-1.0471551676548225,7.861600886999075,-0.0640070395877031
002765.SZ,20260924,6.88,20260630,-0.44317771779441495,3.21364771899708,-0.06441536595849054
000766.SZ,20260924,15.19,20260630,-0.9806927085426863,2.3979801298591075,-0.06456173196462714
300853.SZ,20260924,30.33,20260630,-1.9668433913169816,3.373142517704095,-0.06484811708925096
605188.SS,20260924,12.71,20260630,-0.8250418601205196,2.459415207917166,-0.06491281354213371
600365.SS,20260924,2.9,20260630,-0.18866590526118704,0.4764055560756413,-0.06505720871075416
600257.SS,20260924,5.48,20260630,-0.35686000434363774,1.6959829505112975,-0.065120438748839
002227.SZ,20260924,6.35,20260630,-0.41392631587825274,3.6367637658093823,-0.06518524659500044
000670.SZ,20260924,7.93,20260630,-0.5173311780761883,0.0430842211828967,-0.06523722296042728
603633.SS,20260924,6.3,20260630,-0.4160661695417231,4.05559799609853,-0.06604224913360685
002562.SZ,20260924,5.0,20260630,-0.3308874325692513,3.1909511794915986,-0.06617748651385026
603616.SS,20260924,5.6,20260630,-0.3715479699083772,0.5324135594455273,-0.06634785176935307
600338.SS,20260924,12.06,20260630,-0.8003383473634698,5.195735895599883,-0.06636304704506382
300953.SZ,20260924,96.8,20260630,-6.45271104089852,20.201923002470533,-0.06666023802581116
600712.SS,20260924,5.57,20260630,-0.3730941636193574,1.389465837626201,-0.06698279418659916
002291.SZ,20260924,5.45,20260630,-0.3654657988989037,3.152875417800232,-0.06705794475209241
000426.SZ,20260924,32.77,20260630,-2.1975580837303705,6.498532582757392,-0.06706005748338023
600191.SS,20260924,9.06,20260630,-0.6079511659300795,3.538645966300543,-0.06710277769647675
300088.SZ,20260924,7.15,20260630,-0.48260731880250746,3.4807595981139747,-0.0674975271052458
688757.SS,20260924,31.7,20260630,-2.1435361357845495,2.6207962096295776,-0.06761943646008042
002992.SZ,20260924,33.53,20260630,-2.2722718176095045,4.026786634399048,-0.0677683214318373
000790.SZ,20260924,4.68,20260630,-0.3193933032997834,1.157686427064336,-0.06824643232901355
601900.SS,20260924,12.49,20260630,-0.8587547363213497,10.086275868758692,-0.0687553832122778
002759.SZ,20260924,13.89,20260630,-0.955995987056453,7.148136273056279,-0.06882620497166687
000938.SZ,20260924,33.4,20260630,-2.305254150395102,6.2481405370708885,-0.06901958534117071
603038.SS,20260924,16.75,20260630,-1.1562005679483611,4.726709783026496,-0.06902689957900664
600160.SS,20260924,33.97,20260630,-2.3496646757425186,8.17065284592592,-0.06916881588879949
002346.SZ,20260924,18.41,20260630,-1.2741752135947713,7.284877471530254,-0.06921103821807557
000593.SZ,20260924,21.77,20260630,-1.5083909656230323,2.5257757428528373,-0.06928759603229363
603773.SS,20260924,97.7,20260630,-6.78208204359332,4.52411356703346,-0.06941742112173306
300397.SZ,20260924,12.12,20260630,-0.844553925552561,2.7219203458981647,-0.06968266712479877
000737.SZ,20260924,13.96,20260630,-0.9733091576962216,4.149345940830295,-0.06972128636792418
300255.SZ,20260924,23.11,20260630,-1.6112652256752897,1.2921811431951735,-0.0697215588782038
600596.SS,20260924,11.2,20260630,-0.7873173320787248,9.315696861752697,-0.07029619036417185
688733.SS,20260924,29.15,20260630,-2.052315983587293,10.68152353125672,-0.07040535106645945
300577.SZ,20260924,19.34,20260630,-1.3667611969812714,8.904451295594917,-0.07067017564536046
300328.SZ,20260924,12.99,20260630,-0.9222156224091992,1.498071483941163,-0.07099427424243257
000656.SZ,20260924,1.23,20260630,-0.0873582719056584,0.4147998784900779,-0.07102298528915317
603103.SS,20260924,16.01,20260630,-1.1410271570482498,1.8550736392305267,-0.07126965378190192
600807.SS,20260924,2.64,20260630,-0.18888790293329377,0.2479889049005083,-0.0715484480807931
603858.SS,20260924,14.52,20260630,-1.044685676187428,9.618511833390912,-0.07194804932420303
002532.SZ,20260924,12.11,20260630,-0.8733100850917486,6.995667524968919,-0.07211478819915347
600400.SS,20260924,3.41,20260630,-0.24723594984498662,0.6695789389764117,-0.07250321109823654
688365.SS,20260924,16.07,20260630,-1.1671013070138454,2.728098279291796,-0.07262609253353114
300619.SZ,20260924,26.69,20260630,-1.9411348444076293,7.097257441554207,-0.07272891886128248
002324.SZ,20260924,8.99,20260630,-0.6539528827220473,4.236667265830381,-0.07274225614260815
002149.SZ,20260924,32.93,20260630,-2.4121182761649447,13.534439107775862,-0.07324987173291664
600941.SS,20260924,97.45,20260630,-7.161484242586765,67.73062788269743,-0.07348880700448193
605358.SS,20260924,48.34,20260630,-3.559798399549225,14.839582337752026,-0.07364084401218918
601177.SS,20260924,13.72,20260630,-1.0118169545935858,7.4580581565450625,-0.07374759144268117
002902.SZ,20260924,27.86,20260630,-2.0614488729800557,2.6043342617996577,-0.07399313973367035
688126.SS,20260924,24.8,20260630,-1.8614490351354678,5.86673829391561,-0.07505842883610757
002190.SZ,20260924,23.46,20260630,-1.7683478042107081,9.751511997166064,-0.07537714425450588
688520.SS,20260924,35.75,20260630,-2.70911525549174,1.3466803012114024,-0.07577944770606265
002368.SZ,20260924,12.98,20260630,-0.9848797914808147,5.96671312486068,-0.0758767173714033
600071.SS,20260924,16.67,20260630,-1.2670612117730846,1.84383817634454,-0.07600847101218264
600488.SS,20260924,5.7,20260630,-0.4333772070981621,2.7737481020204453,-0.07603108896458984
000828.SZ,20260924,10.04,20260630,-0.7638275228886302,9.979420614415508,-0.07607843853472412
600763.SS,20260924,33.48,20260630,-2.5479635624579706,9.24812736948393,-0.07610404905788444
000935.SZ,20260924,19.99,20260630,-1.5323603538984152,10.22917372499199,-0.07665634586785469
600210.SS,20260924,6.2,20260630,-0.4759682230770686,4.420743773156623,-0.07676906823823687
601766.SS,20260924,5.97,20260630,-0.4594702172361974,7.254419121201895,-0.07696318546669974
603588.SS,20260924,17.22,20260630,-1.3287336841427093,6.931455461069624,-0.077162234851493
002120.SZ,20260924,6.83,20260630,-0.5273233754301426,7.445724677929707,-0.07720693637337374
002768.SZ,20260924,78.01,20260630,-6.051980738064647,25.80923850364711,-0.07757955054563065
600892.SS,20260924,4.12,20260630,-0.3202408372919841,-0.024314743091295,-0.07772835856601555
688559.SS,20260924,58.33,20260630,-4.545501211481394,9.82142173898741,-0.07792733090144684
603729.SS,20260924,12.51,20260630,-0.9783933831786652,3.0245743453867027,-0.07820890353146805
300863.SZ,20260924,41.25,20260630,-3.239451139749192,7.919850217089206,-0.07853214884240466
688316.SS,20260924,45.92,20260630,-3.6123830331731313,0.6423148145801887,-0.07866687790011175
603238.SS,20260924,12.79,20260630,-1.010081922606741,8.246442755015238,-0.0789743489137405
600584.SS,20260924,68.78,20260630,-5.453334594229888,16.175475605409876,-0.07928663265818389
300569.SZ,20260924,5.28,20260630,-0.41877819054012005,5.352338173757596,-0.0793140512386591
002485.SZ,20260924,5.88,20260630,-0.466512425664704,1.851261366270348,-0.07933884790216054
605179.SS,20260924,24.38,20260630,-1.9342959355209464,2.894510354822,-0.0793394559278485
688136.SS,20260924,23.27,20260630,-1.848830761296644,9.258248248554745,-0.07945125746869978
300382.SZ,20260924,15.69,20260630,-1.2518781778397117,3.434097514812747,-0.07978828411980317
002357.SZ,20260924,11.72,20260630,-0.9360012673617076,6.447597934493633,-0.07986358936533342
600685.SS,20260924,28.63,20260630,-2.2881332906161105,13.432988556348771,-0.07992082747523963
600692.SS,20260924,6.44,20260630,-0.5174797758761396,2.809022427600791,-0.08035400246523906
600391.SS,20260924,40.98,20260630,-3.2934941683028156,5.42340846338581,-0.08036833011963923
002943.SZ,20260924,31.05,20260630,-2.4986260362001027,3.955874815563841,-0.0804710478647376
605011.SS,20260924,17.3,20260630,-1.3972801349662585,6.216219085228693,-0.0807676378593213
600990.SS,20260924,17.85,20260630,-1.4473820150109198,5.467042748792793,-0.0810858271714801
000630.SZ,20260924,5.89,20260630,-0.4779489453425161,2.8384441982503112,-0.08114583112776165
002207.SZ,20260924,5.38,20260630,-0.4372488474554413,0.0328021964884078,-0.08127301997313036
300081.SZ,20260924,3.47,20260630,-0.2825495660151626,1.2063785661571846,-0.08142638790062323
300459.SZ,20260924,3.49,20260630,-0.2864433223154039,0.2196454551733221,-0.08207545052017304
688180.SS,20260924,34.88,20260630,-2.876627823689849,5.79382778586844,-0.08247212797275942
603787.SS,20260924,10.46,20260630,-0.8670949670204006,6.588277159249007,-0.08289626835759087
000510.SZ,20260924,18.55,20260630,-1.546536713972513,1.5551406769052187,-0.08337125142708965
300746.SZ,20260924,15.0,20260630,-1.2549107345209007,3.685261521029783,-0.08366071563472671
600203.SS,20260924,9.98,20260630,-0.836653216244572,2.8996594926506467,-0.08383298759965652
301588.SZ,20260924,26.72,20260630,-2.2402839124898413,8.07818357533701,-0.0838429607967755
600388.SS,20260924,17.46,20260630,-1.465425114799974,8.674038362146195,-0.08393041894616116
600477.SS,20260924,2.4,20260630,-0.20181053240680155,2.1202637244612967,-0.08408772183616732
002490.SZ,20260924,7.15,20260630,-0.6013834217295225,0.635086662721802,-0.08410956947266049
300052.SZ,20260924,10.13,20260630,-0.8537512571330976,1.2575723269146646,-0.08427949231323767
600624.SS,20260924,4.62,20260630,-0.39092655610648924,0.5993413202635722,-0.08461613768538728
600255.SS,20260924,3.44,20260630,-0.2913704637234783,0.8212423457347937,-0.08470071619868555
002922.SZ,20260924,22.75,20260630,-1.929018854294169,9.38996415356121,-0.08479203755139204
002596.SZ,20260924,3.22,20260630,-0.27445014189409583,0.4162578647052284,-0.08523296332114777
603043.SS,20260924,12.88,20260630,-1.101157337057036,6.628893058586374,-0.08549358206964565
600549.SS,20260924,46.9,20260630,-4.018177723388165,11.77399589608077,-0.08567543120230629
000678.SZ,20260924,9.68,20260630,-0.8329125208183434,1.3987019674209382,-0.08604468190272144
002475.SZ,20260924,52.0,20260630,-4.486477482384104,12.796627306361843,-0.08627841312277124
002823.SZ,20260924,12.92,20260630,-1.1161780221539948,6.396353530335395,-0.08639148778281693
601808.SS,20260924,12.12,20260630,-1.0526153535339988,9.915385682598178,-0.08684945161171607
000981.SZ,20260924,2.74,20260630,-0.23916243501637044,0.3069691109922356,-0.08728556022495271
605567.SS,20260924,9.38,20260630,-0.8275316922048708,5.72333784700269,-0.08822299490457043
600198.SS,20260924,7.36,20260630,-0.650586480725124,0.15731110000107,-0.08839490227243532
688260.SS,20260924,108.64,20260630,-9.652356941666667,1.1626672083333334,-0.08884717361622485
600499.SS,20260924,11.25,20260630,-1.00058553433153,6.954374636545126,-0.08894093638502489
603661.SS,20260924,35.05,20260630,-3.126841180621636,27.180912924762232,-0.08921087533870574
000859.SZ,20260924,9.02,20260630,-0.8087813812203068,2.9990969816654887,-0.08966534159870365
603569.SS,20260924,5.81,20260630,-0.5217400756823225,2.7264910546828784,-0.08980035726029648
000949.SZ,20260924,6.86,20260630,-0.617019244225448,4.226775738231551,-0.08994449624277667
000036.SZ,20260924,3.9,20260630,-0.3523393502787007,3.732622740570149,-0.0903434231483848
002238.SZ,20260924,8.43,20260630,-0.7645153660697113,2.401021391370077,-0.09068984176390407
605166.SS,20260924,8.7,20260630,-0.7897372954739402,6.419093002529857,-0.09077440177861383
603826.SS,20260924,17.02,20260630,-1.5490613066587942,2.3144883893456227,-0.09101417782954137
000819.SZ,20260924,12.05,20260630,-1.0982833686190998,5.726317348807062,-0.09114384801818255
000572.SZ,20260924,3.88,20260630,-0.35393385358473145,0.9180628418113366,-0.09122006535688955
600108.SS,20260924,4.13,20260630,-0.3789935973030513,2.2248554854775784,-0.0917660041896008
601127.SS,20260924,46.33,20260630,-4.268132913266658,21.54839229044632,-0.09212460421469153
300675.SZ,20260924,13.1,20260630,-1.2093525839917878,3.351171652469446,-0.09231699114441129
300806.SZ,20260924,53.45,20260630,-4.934478714111705,4.665633785491576,-0.09231952692444724
002271.SZ,20260924,10.4,20260630,-0.9673387740709992,8.598032047614307,-0.093013343660673
688499.SS,20260924,37.75,20260630,-3.513981383950374,14.145190019293478,-0.09308559957484434
600497.SS,20260924,9.26,20260630,-0.8798916672973713,3.525635405290494,-0.09502069841224313
300737.SZ,20260924,4.57,20260630,-0.4350628324324139,3.5769336730556067,-0.0951997445147514
300558.SZ,20260924,48.23,20260630,-4.592006728586367,15.7482862176124,-0.0952105894378264
300199.SZ,20260924,23.3,20260630,-2.2236351186806322,0.9626358757738214,-0.0954349836343619
300069.SZ,20260924,24.69,20260630,-2.3616934957264957,2.3783290769230767,-0.09565384753853769
300166.SZ,20260924,12.2,20260630,-1.1677135324855676,4.965774064958353,-0.09571422397422687
688609.SS,20260924,9.24,20260630,-0.8879511990598723,1.918644939057676,-0.09609861461686929
600690.SS,20260924,20.14,20260630,-1.937388626893897,13.098900686355492,-0.09619605893216965
002895.SZ,20260924,30.17,20260630,-2.9467585140517225,12.21209432709414,-0.09767181021053106
300894.SZ,20260924,10.26,20260630,-1.0076475699958742,2.410896032001701,-0.09821126413215149
300791.SZ,20260924,17.52,20260630,-1.7226246975300616,9.885491601750813,-0.09832332748459256
600284.SS,20260924,5.11,20260630,-0.5046886429998463,8.24092580112486,-0.09876490078274877
000917.SZ,20260924,6.84,20260630,-0.6790085608576356,7.259662335198137,-0.09927025743532684
601156.SS,20260924,18.21,20260630,-1.814992325219767,12.582172673269268,-0.09967008924875162
000677.SZ,20260924,1.8,20260630,-0.179882811083044,0.6088709060430788,-0.09993489504613555
300677.SZ,20260924,49.14,20260630,-4.914392854523112,29.73366390076569,-0.10000799459753992
002305.SZ,20260924,2.01,20260630,-0.20176287175614832,0.1452390165959568,-0.10037953818713848
002582.SZ,20260924,9.45,20260630,-0.9497199296855444,10.188388722377884,-0.10049946345878778
603008.SS,20260924,10.47,20260630,-1.0549131317345686,9.547788742931958,-0.1007557909966159
002047.SZ,20260924,3.19,20260630,-0.32231429003447787,0.0205675211091509,-0.10103896239325325
000893.SZ,20260924,37.18,20260630,-3.7807635376317896,16.00043465788642,-0.10168809945217293
300337.SZ,20260924,9.09,20260630,-0.924947905232774,2.225137356112564,-0.10175444502010715
603685.SS,20260924,25.79,20260630,-2.6273151711831453,7.560331377765519,-0.1018734071804244
603557.SS,20260924,3.14,20260630,-0.3220047271248409,0.0680958262450456,-0.10254927615440793
603268.SS,20260924,215.9,20260630,-22.16465585757946,13.453155019679093,-0.10266167604251719
002300.SZ,20260924,8.19,20260630,-0.8437889717730185,2.631018385269855,-0.10302673648022204
000890.SZ,20260924,7.35,20260630,-0.7633133948335037,0.0034239182576993,-0.10385216256238146
301118.SZ,20260924,23.42,20260630,-2.434557970956037,13.07530267302486,-0.10395209098872916
600426.SS,20260924,19.71,20260630,-2.0590042422004067,12.725708339640338,-0.10446495394218197
688737.SS,20260924,17.3,20260630,-1.8304533109832404,14.555692161898726,-0.10580654976781736
002528.SZ,20260924,5.73,20260630,-0.608456876222943,-0.1813102493441171,-0.1061879365136026
001211.SZ,20260924,25.68,20260630,-2.735748586295672,8.780983735353718,-0.10653226582148256
601058.SS,20260924,13.56,20260630,-1.4554242696395796,6.930135473833439,-0.10733217327725512
600033.SS,20260924,3.73,20260630,-0.40069171002769277,4.552962820288587,-0.10742405094576214
600743.SS,20260924,2.56,20260630,-0.2753397921456978,0.2311887557823739,-0.1075546063069132
601038.SS,20260924,13.96,20260630,-1.5041593540274532,7.315881517857137,-0.10774780472976025
600266.SS,20260924,4.27,20260630,-0.46282163319323827,8.626084552170058,-0.10838914126305348
600521.SS,20260924,15.88,20260630,-1.7291689388572167,6.561801341248722,-0.10888973166607158
603080.SS,20260924,19.8,20260630,-2.172942296819788,11.369746558303888,-0.10974456044544383
002873.SZ,20260924,8.38,20260630,-0.9232990268229946,5.617601422696923,-0.11017888148245758
600230.SS,20260924,14.34,20260630,-1.591334630870977,9.926681252822805,-0.11097173158096074
600133.SS,20260924,7.89,20260630,-0.8788889526383544,8.365350406727192,-0.11139276966265582
000672.SZ,20260924,15.56,20260630,-1.7410137936999808,10.27064885233369,-0.11189034663881624
601686.SS,20260924,5.02,20260630,-0.564799877418059,5.324677814275653,-0.11250993574064921
002496.SZ,20260924,2.13,20260630,-0.2404448899659055,0.8620910058141769,-0.1128849248666223
688596.SS,20260924,64.69,20260630,-7.341261285092835,11.505937554894968,-0.1134837113169398
603010.SS,20260924,12.63,20260630,-1.4391313841075497,4.535972608565179,-0.11394547775990099
001268.SZ,20260924,25.99,20260630,-2.969788953297948,10.207868902565776,-0.11426660074251437
300657.SZ,20260924,36.04,20260630,-4.152189257649657,3.2674111538304422,-0.11521057873611701
603222.SS,20260924,8.27,20260630,-0.9556027550744093,2.315146407580199,-0.11555051451927562
603089.SS,20260924,9.62,20260630,-1.127141410749111,6.660159094959901,-0.1171664668138369
600526.SS,20260924,4.56,20260630,-0.5356966534012223,5.38167813550093,-0.11747733627219788
300169.SZ,20260924,5.72,20260630,-0.6721074362038373,0.2750208767697246,-0.1175013000356359
300283.SZ,20260924,14.45,20260630,-1.70140219494321,2.3445465457923333,-0.11774409653586229
002186.SZ,20260924,9.39,20260630,-1.1096924241119202,2.8024136216837245,-0.1181781069341768
600734.SS,20260924,1.93,20260630,-0.22865334058794662,0.097914766963565,-0.11847323346525732
300955.SZ,20260924,28.77,20260630,-3.410658541666667,8.540053799603175,-0.11854913248754491
300161.SZ,20260924,26.59,20260630,-3.1551417061320524,7.689605393251568,-0.11865895848559806
603725.SS,20260924,11.39,20260630,-1.361413834642022,2.904607712773021,-0.11952711454275872
002696.SZ,20260924,6.65,20260630,-0.7951756283376928,3.7022788234608575,-0.11957528245679591
603636.SS,20260924,7.94,20260630,-0.952171926070168,2.9810159485985577,-0.11992089748994558
000558.SZ,20260924,3.57,20260630,-0.42839976815773645,0.7891721353933937,-0.11999993505818948
002134.SZ,20260924,26.31,20260630,-3.1659086116395248,2.170358366317716,-0.12033100006231566
300790.SZ,20260924,19.67,20260630,-2.371527071727988,7.332347947850015,-0.12056568742897751
603536.SS,20260924,9.91,20260630,-1.2097022265349098,1.4771305209341508,-0.12206884223359332
300956.SZ,20260924,11.33,20260630,-1.383254101763782,5.592163413971125,-0.12208774066758889
000722.SZ,20260924,13.29,20260630,-1.6291181122107234,6.630225063643336,-0.12258225073067898
600688.SS,20260924,2.75,20260630,-0.3383750762085412,2.2216759737323297,-0.12304548225765134
600552.SS,20260924,18.2,20260630,-2.2463564785289405,4.582777293386978,-0.12342618013895278
002162.SZ,20260924,4.11,20260630,-0.5076015659068054,0.9005711470575656,-0.1235040306342592
603801.SS,20260924,6.2,20260630,-0.7706084379111402,7.104079039982758,-0.12429168353405487
601068.SS,20260924,4.28,20260630,-0.5331843373436236,2.3336956470132817,-0.12457577975318307
002793.SZ,20260924,4.66,20260630,-0.5845165034231523,1.035575726019593,-0.12543272605647046
603177.SS,20260924,11.11,20260630,-1.3955372884344146,1.4687126576947187,-0.1256109170508024
002640.SZ,20260924,3.6,20260630,-0.4531064364988575,0.4365667465788588,-0.12586289902746042
600165.SS,20260924,3.21,20260630,-0.40448334843884426,0.6655661456839617,-0.12600727365696082
002456.SZ,20260924,6.69,20260630,-0.8451982951319126,1.3355054453339936,-0.12633756279998692
603366.SS,20260924,7.3,20260630,-0.9245225123525626,5.317626132675759,-0.12664691950035104
002374.SZ,20260924,3.22,20260630,-0.4092684759943567,0.4753734376881485,-0.12710201117837164
002189.SZ,20260924,19.06,20260630,-2.434255527747763,1.56534753548577,-0.12771540019662977
300900.SZ,20260924,22.65,20260630,-2.8974749227517513,5.9994393352690185,-0.12792383764908397
000534.SZ,20260924,22.64,20260630,-2.899082398454685,3.8094279130875455,-0.12805134268792778
002556.SZ,20260924,5.08,20260630,-0.6550841068744876,3.945866530917791,-0.12895356434537159
002501.SZ,20260924,1.3,20260630,-0.16813626707044035,0.0453637598955309,-0.12933559005418488
688469.SS,20260924,8.59,20260630,-1.121635604202549,1.60466847467707,-0.1305745755765482
002918.SZ,20260924,10.56,20260630,-1.3818193668101961,8.979332191624788,-0.13085410670551098
603007.SS,20260924,4.55,20260630,-0.596831090945752,0.3269903092453674,-0.13117166833972574
600178.SS,20260924,9.72,20260630,-1.2774066540133442,5.465049792758863,-0.13142043765569383
605580.SS,20260924,21.89,20260630,-2.881420067857143,3.6968198892857145,-0.13163179844025322
002868.SZ,20260924,22.42,20260630,-2.9675919835634255,0.4565229603981736,-0.13236360319194582
002583.SZ,20260924,8.03,20260630,-1.0631088512522566,1.1470853191132906,-0.13239213589691864
600748.SS,20260924,3.96,20260630,-0.5258561500975918,5.524575252595941,-0.13279195709535146
002321.SZ,20260924,2.27,20260630,-0.30266828435668874,0.4411810529567989,-0.13333404597210957
605177.SS,20260924,25.86,20260630,-3.449111308525258,15.13330556904464,-0.13337630736756606
300761.SZ,20260924,20.43,20260630,-2.754540220677759,10.957031597035304,-0.13482820463425155
603213.SS,20260924,13.62,20260630,-1.8471761210969,4.180722351759426,-0.13562232900858298
000967.SZ,20260924,8.15,20260630,-1.1053304603799579,5.613319234570423,-0.13562336937177397
601012.SS,20260924,11.04,20260630,-1.4974056155265927,6.433297038633394,-0.1356345666237856
603081.SS,20260924,9.4,20260630,-1.2755055584739179,7.627439114676181,-0.13569208068871466
688062.SS,20260924,26.47,20260630,-3.6052888882909877,2.0379470247776106,-0.13620282917608567
000802.SZ,20260924,3.91,20260630,-0.5327713439632732,0.8267291565638568,-0.13625865574508264
300715.SZ,20260924,14.52,20260630,-1.978655376462534,4.808173859398949,-0.13627103143681366
688106.SS,20260924,26.82,20260630,-3.6704180754564897,7.585760503854964,-0.13685376865982438
603698.SS,20260924,20.95,20260630,-2.8675645646374,6.573005656821955,-0.13687659019748927
000607.SZ,20260924,4.03,20260630,-0.5525303021746885,1.177445283617963,-0.13710429334359514
600875.SS,20260924,23.5,20260630,-3.229504721076308,13.335171772960017,-0.1374257328117578
603903.SS,20260924,14.97,20260630,-2.061750967846245,5.586974570056308,-0.13772551555419138
002669.SZ,20260924,15.15,20260630,-2.0907168120099495,9.41288843032353,-0.13800110970362703
000716.SZ,20260924,4.97,20260630,-0.7008961688229896,3.3895400421335764,-0.14102538608108442
002157.SZ,20260924,2.92,20260630,-0.4121832120587821,1.0969870519969949,-0.14115863426670622
601216.SS,20260924,4.47,20260630,-0.6332770783730276,3.255311494445735,-0.14167272446823884
688728.SS,20260924,14.39,20260630,-2.042507037158739,3.0708313698828493,-0.14193933545230986
300787.SZ,20260924,11.7,20260630,-1.663847364046015,4.992176675665162,-0.14220917641418931
603335.SS,20260924,6.13,20260630,-0.8741347215550687,0.6026272453778838,-0.14259946518027222
600250.SS,20260924,9.07,20260630,-1.293536506521132,2.002611695812459,-0.14261703489758895
002165.SZ,20260924,6.89,20260630,-0.9843188097492116,2.2268444615810017,-0.14286194626258514
688071.SS,20260924,35.65,20260630,-5.10995519314451,12.074834341192949,-0.14333675156085585
300323.SZ,20260924,11.56,20260630,-1.660447277489995,4.083054336558648,-0.14363730774134903
002042.SZ,20260924,3.87,20260630,-0.562234713993107,3.6494436771958463,-0.14528028785351602
000933.SZ,20260924,25.72,20260630,-3.737130931387355,12.392295305079408,-0.1453005805360558
002856.SZ,20260924,17.79,20260630,-2.592708470142288,-0.5479883222851942,-0.14573965543239392
601212.SS,20260924,5.79,20260630,-0.8457190682440215,2.082819669537402,-0.14606546947219715
002915.SZ,20260924,16.82,20260630,-2.47001896929887,4.476859844473761,-0.14685011708078893
002168.SZ,20260924,3.59,20260630,-0.5275193905066183,-0.0081176926656682,-0.14694133440295776
300621.SZ,20260924,7.09,20260630,-1.0428648536672935,1.965876124152695,-0.1470895421251472
603085.SS,20260924,9.74,20260630,-1.4367693986297894,2.528729319969551,-0.14751225858622066
600638.SS,20260924,5.06,20260630,-0.7478487371337112,7.053656092145352,-0.14779619310942912
688076.SS,20260924,28.83,20260630,-4.264493870081221,9.758754493401554,-0.14791862192442667
601969.SS,20260924,8.94,20260630,-1.328842467897293,3.609758988144752,-0.14864009708023412
603713.SS,20260924,69.43,20260630,-10.327145033602319,31.01234768278138,-0.14874182678384443
300370.SZ,20260924,2.14,20260630,-0.3184302249736565,0.2611312285702206,-0.1487991705484376
300575.SZ,20260924,6.25,20260630,-0.9310116874801012,4.304567569531667,-0.14896186999681618
600597.SS,20260924,6.69,20260630,-1.0122653619924924,5.604038961143994,-0.15131021853400484
000603.SZ,20260924,32.12,20260630,-4.86449417943747,5.442375996180386,-0.15144751492644676
002714.SZ,20260924,40.48,20260630,-6.151191086689122,14.059417663927212,-0.15195630154864434
600738.SS,20260924,4.2,20260630,-0.638511817974641,2.872449319069604,-0.15202662332729547
300582.SZ,20260924,10.6,20260630,-1.616375384252079,2.6747029283548107,-0.15248824379736595
300665.SZ,20260924,8.86,20260630,-1.3512748173276263,1.9096764482712936,-0.15251408773449507
002172.SZ,20260924,5.42,20260630,-0.8272385432424457,0.2613125583461041,-0.15262703749860623
603755.SS,20260924,25.22,20260630,-3.8735299046524054,7.926735650606269,-0.15358960763887414
300444.SZ,20260924,8.64,20260630,-1.3302125227118236,2.5426272499031546,-0.15395978272127586
600618.SS,20260924,9.72,20260630,-1.5004372924684322,8.135931187532297,-0.15436597659140247
601968.SS,20260924,4.51,20260630,-0.697807300633222,3.611978425462644,-0.15472445690315345
000782.SZ,20260924,8.21,20260630,-1.2747885272921546,2.471647554613924,-0.15527265862267411
603316.SS,20260924,17.09,20260630,-2.654953659976387,2.0871336731450367,-0.15535129666333453
002430.SZ,20260924,24.9,20260630,-3.868646913653052,10.306924785808528,-0.15536734592984144
688326.SS,20260924,57.98,20260630,-9.02583386983726,33.09409570532389,-0.1556715051713912
603308.SS,20260924,38.95,20260630,-6.066564206329067,7.784351125064721,-0.1557526112022867
300460.SZ,20260924,9.06,20260630,-1.4164041768726643,1.5310285669428845,-0.15633600186232496
600619.SS,20260924,13.18,20260630,-2.0664990823704903,5.779610164362854,-0.15679052218289002
600545.SS,20260924,4.32,20260630,-0.6786603980942314,1.4082751325438505,-0.15709731437366467
300317.SZ,20260924,3.98,20260630,-0.6272861230819046,1.7055538929142235,-0.15760957866379513
000972.SZ,20260924,3.96,20260630,-0.6267254161260964,-0.0515980672784426,-0.15826399397123647
603861.SS,20260924,10.95,20260630,-1.733625388159172,7.458355819755345,-0.1583219532565454
002055.SZ,20260924,6.88,20260630,-1.09287026008901,2.298699331539168,-0.1588474215245654
603828.SS,20260924,6.1,20260630,-0.9729462478311386,0.5563393941951977,-0.1594993848903506
603880.SS,20260924,9.12,20260630,-1.4560802789905964,0.5514729278097993,-0.15965792532791628
603333.SS,20260924,9.32,20260630,-1.4884248370637594,4.027852601915079,-0.15970223573645487
300438.SZ,20260924,48.9,20260630,-7.858630863830209,12.47980878301444,-0.16070819762433966
600673.SS,20260924,31.69,20260630,-5.106633747417345,3.481666460849421,-0.16114338111130783
300663.SZ,20260924,7.49,20260630,-1.2141957844383344,0.6894956693969827,-0.16210891648041847
601069.SS,20260924,25.6,20260630,-4.153828904399505,5.64134714979303,-0.16225894157810566
002066.SZ,20260924,19.93,20260630,-3.234009926406926,2.628122476190476,-0.16226843584580664
600326.SS,20260924,6.97,20260630,-1.1332810111842457,2.8240944468316584,-0.16259411925168518
603185.SS,20260924,13.92,20260630,-2.2651788541663014,16.739863390041446,-0.1627283659602228
002876.SZ,20260924,32.54,20260630,-5.29544365883051,14.04470775909343,-0.16273643696467455
300383.SZ,20260924,11.07,20260630,-1.808277075882245,6.591936713464237,-0.16334932934798962
002244.SZ,20260924,8.32,20260630,-1.3626570016661943,9.86499550149368,-0.16378088962334064
688323.SS,20260924,26.61,20260630,-4.37529349349855,6.070737214318782,-0.1644229046786377
000589.SZ,20260924,4.2,20260630,-0.6911466131198996,5.702590009309913,-0.1645587174094999
002812.SZ,20260924,46.3,20260630,-7.620100251158017,26.52477061337109,-0.16458099894509756
300115.SZ,20260924,23.41,20260630,-3.865566972180362,6.107962932453626,-0.1651246036813482
605286.SS,20260924,24.95,20260630,-4.124493779761905,12.85708069047619,-0.1653103719343449
300214.SZ,20260924,9.86,20260630,-1.6305465586465973,5.394821710208143,-0.16536983353413767
300879.SZ,20260924,17.71,20260630,-2.9321279770713145,6.219309607326327,-0.1655634092078664
601872.SS,20260924,20.93,20260630,-3.4717308270800515,5.813140246755385,-0.1658734269985691
600399.SS,20260924,4.31,20260630,-0.7150703739589874,2.681124300425658,-0.1659095995264472
603809.SS,20260924,8.63,20260630,-1.4328705856846902,3.589014550843813,-0.166033671574124
002058.SZ,20260924,17.22,20260630,-2.8602111804269708,0.5049839268957133,-0.1660982102454687
605500.SS,20260924,7.32,20260630,-1.218763945075687,4.883769401806449,-0.16649780670432884
300796.SZ,20260924,6.87,20260630,-1.1444513588785996,4.832333148279232,-0.16658680624142644
300261.SZ,20260924,4.83,20260630,-0.8079786210261396,1.7658584963709965,-0.1672833583905051
600415.SS,20260924,10.84,20260630,-1.8161618380594473,4.030595308828712,-0.16754260498703388
601880.SS,20260924,1.45,20260630,-0.2431760821411265,1.718709617056492,-0.1677076428559493
002108.SZ,20260924,4.36,20260630,-0.7317138273047472,3.0806048705599527,-0.16782427231760255
002637.SZ,20260924,10.47,20260630,-1.7583037323736166,8.217093425952054,-0.16793731923339222
600860.SS,20260924,7.55,20260630,-1.2753676117826052,1.4500479928264391,-0.16892286248776228
600405.SS,20260924,5.05,20260630,-0.8540933372818807,0.0629431717321063,-0.16912739352116452
600506.SS,20260924,18.18,20260630,-3.0816825101441454,2.032677314350249,-0.1695094890068287
603356.SS,20260924,17.11,20260630,-2.9090328086237687,1.9920165709125093,-0.17001945111769542
300472.SZ,20260924,6.87,20260630,-1.187281835082512,0.0451773546666192,-0.17282122781404832
600073.SS,20260924,5.4,20260630,-0.9387758050543601,5.006798380759435,-0.17384737130636296
300565.SZ,20260924,9.78,20260630,-1.7008897136429342,2.0415236343331937,-0.1739151036444718
600588.SS,20260924,9.3,20260630,-1.6179335888166866,1.6319087867608404,-0.17397135363620284
300721.SZ,20260924,22.21,20260630,-3.893480367846403,6.75632284118159,-0.17530303322135987
002187.SZ,20260924,5.44,20260630,-0.9563448614417253,6.334059542897768,-0.17579868776502303
002407.SZ,20260924,30.92,20260630,-5.439245761959426,7.510579693689539,-0.17591351105948982
600336.SS,20260924,6.35,20260630,-1.127109860544448,2.584969621032164,-0.17749761583377135
000839.SZ,20260924,2.83,20260630,-0.5024537676254696,0.3112756169357983,-0.17754550092772775
600540.SS,20260924,5.43,20260630,-0.9647873915591687,0.8055304716399841,-0.17767723601457988
002352.SZ,20260924,30.54,20260630,-5.431751639142169,20.527697551806835,-0.17785696264381692
603709.SS,20260924,12.81,20260630,-2.2964753074835036,5.613661711431037,-0.17927207708692455
300432.SZ,20260924,13.06,20260630,-2.342659158640092,2.8146146885312824,-0.17937665839510658
002106.SZ,20260924,12.51,20260630,-2.247880427294489,7.944827948857732,-0.17968668483569056
600281.SS,20260924,4.64,20260630,-0.8340726312060219,0.1009366090193484,-0.17975703258750475
002466.SZ,20260924,40.9,20260630,-7.386804013591706,28.401232960963508,-0.18060645510004172
600235.SS,20260924,5.86,20260630,-1.063989245658981,4.305094272701395,-0.18156813065852917
600238.SS,20260924,4.06,20260630,-0.7396693886657743,0.1552783801874163,-0.18218457848910696
002482.SZ,20260924,1.33,20260630,-0.24500352976854523,0.113249943390195,-0.18421318027710165
600819.SS,20260924,5.65,20260630,-1.0441302492648767,3.669698197456553,-0.18480181402918172
300128.SZ,20260924,4.88,20260630,-0.90267219645738,0.2830291574549043,-0.18497381074946312
603866.SS,20260924,4.15,20260630,-0.7689365393639985,3.1465947796318035,-0.18528591309975867
300586.SZ,20260924,9.37,20260630,-1.74097358651007,2.6261154398360538,-0.1858029441312775
002226.SZ,20260924,4.99,20260630,-0.9327097334437096,3.6194648424368703,-0.18691577824523237
300611.SZ,20260924,27.82,20260630,-5.2007701616779505,6.235071181849678,-0.186943571591587
301187.SZ,20260924,15.72,20260630,-2.9480162597838286,5.6965757324584025,-0.18753284095316974
002426.SZ,20260924,2.8,20260630,-0.5254874349001172,0.4501975816741862,-0.187674083892899
002659.SZ,20260924,4.69,20260630,-0.8873197236565256,3.5873345648584727,-0.1891939709288967
603031.SS,20260924,39.54,20260630,-7.484819974736732,12.742643450178871,-0.18929741969490976
603055.SS,20260924,9.51,20260630,-1.8011540253917049,6.128897045841596,-0.18939579657115718
002196.SZ,20260924,10.13,20260630,-1.928580869661245,2.9003723864748707,-0.19038310658057697
603936.SS,20260924,21.31,20260630,-4.0609833609181285,6.755935309084513,-0.19056702772961656
000010.SZ,20260924,1.5,20260630,-0.2862307962377984,0.2309168213004379,-0.19082053082519893
600888.SS,20260924,9.72,20260630,-1.8559896591973906,8.598153186212981,-0.19094543818903195
300272.SZ,20260924,5.85,20260630,-1.1172674722924725,2.081989949778182,-0.19098589269956795
002579.SZ,20260924,19.22,20260630,-3.674863897745716,3.7750823083687775,-0.19119999467979795
600710.SS,20260924,11.29,20260630,-2.158657851153848,6.436112856685814,-0.1912008725556996
300035.SZ,20260924,12.21,20260630,-2.340485246451695,7.219114155247104,-0.1916859333703272
300301.SZ,20260924,3.6,20260630,-0.6906246727151563,0.0647810390267925,-0.19184018686532117
300110.SZ,20260924,3.45,20260630,-0.6642165345465645,0.7328871330225335,-0.19252653175262738
300340.SZ,20260924,8.55,20260630,-1.6487994185257124,0.1895236138641346,-0.19284203725446927
002040.SZ,20260924,9.08,20260630,-1.7522719583972837,7.219715848843702,-0.19298149321555988
300758.SZ,20260924,11.31,20260630,-2.1834027387832307,4.505065316509578,-0.19305064003388422
002156.SZ,20260924,61.02,20260630,-11.793270382590235,11.098085419008813,-0.193268934490171
002845.SZ,20260924,14.02,20260630,-2.7170453875225276,8.284484936747585,-0.19379781651373235
000609.SZ,20260924,9.94,20260630,-1.9298026452910269,-0.503987495759702,-0.1941451353411496
002900.SZ,20260924,12.61,20260630,-2.4527021303157857,6.206775985352006,-0.19450453055636682
000690.SZ,20260924,5.06,20260630,-0.9869638778287371,5.969117597844296,-0.19505214976852514
600078.SS,20260924,9.99,20260630,-1.9661470589571883,2.71620536839344,-0.19681151741313196
688472.SS,20260924,8.32,20260630,-1.639564652451499,6.648294244255401,-0.1970630591888821
603059.SS,20260924,25.6,20260630,-5.052998727157628,10.95038721428725,-0.19738276277959482
002355.SZ,20260924,4.64,20260630,-0.9165546482133663,1.289122759804895,-0.19753332935632895
000032.SZ,20260924,14.17,20260630,-2.8009833357013103,5.958644896646039,-0.19766996017652155
002183.SZ,20260924,4.2,20260630,-0.8317167650607966,3.476036734443607,-0.19802780120495156
688280.SS,20260924,4.88,20260630,-0.9666710100630718,0.946379867481212,-0.19808832173423602
600110.SS,20260924,11.89,20260630,-2.3575138816342216,3.4903535114359108,-0.1982770295739463
300891.SZ,20260924,7.6,20260630,-1.5122889977636593,3.268325373872698,-0.19898539444258675
600172.SS,20260924,16.89,20260630,-3.362589549518867,0.2427524992743849,-0.1990875991426209
300647.SZ,20260924,9.56,20260630,-1.9047990061353488,0.9606674916393084,-0.1992467579639486
600096.SS,20260924,27.56,20260630,-5.511996209924778,13.935762573002354,-0.19999986247912838
600884.SS,20260924,11.54,20260630,-2.308986833232712,10.720417422901535,-0.20008551414494907
600429.SS,20260924,4.54,20260630,-0.9124084082477562,3.2793187758661286,-0.2009710150325454
000931.SZ,20260924,4.52,20260630,-0.9131198090576444,2.111997531645998,-0.2020176568711603
600192.SS,20260924,7.2,20260630,-1.456996192551737,1.5311266347743953,-0.20236058229885234
601899.SS,20260924,30.01,20260630,-6.080642411010746,7.636149659623205,-0.20262054018696254
002310.SZ,20260924,2.26,20260630,-0.4589518369413469,0.4018345409673557,-0.20307603404484378
603108.SS,20260924,9.98,20260630,-2.028658460988061,6.402473153135047,-0.20327239088056723
300385.SZ,20260924,13.36,20260630,-2.718737802079014,-0.1752275776201294,-0.20349833847896812
002742.SZ,20260924,4.14,20260630,-0.8443434873482566,0.2166958700829252,-0.20394770225803302
002128.SZ,20260924,27.82,20260630,-5.680286843975701,17.89282906810934,-0.2041799728244321
600386.SS,20260924,3.51,20260630,-0.7166980295138888,2.031878315972222,-0.20418747279597974
000999.SZ,20260924,23.39,20260630,-4.775972065070822,13.719075835082164,-0.20418863040063367
300587.SZ,20260924,4.79,20260630,-0.9818864572174487,1.6122553285951982,-0.2049867342833922
600777.SS,20260924,4.01,20260630,-0.8232400375563316,3.309242732155296,-0.2052967674704069
600227.SS,20260924,3.8,20260630,-0.7815167075242583,1.3683883532210048,-0.2056622914537522
600318.SS,20260924,6.79,20260630,-1.4001722165814539,2.163712951596882,-0.20621093027709186
300986.SZ,20260924,11.59,20260630,-2.3907365130807707,3.870149725918604,-0.2062757992304375
003030.SZ,20260924,26.87,20260630,-5.544738925581734,7.358805130858852,-0.2063542584883414
600009.SS,20260924,22.46,20260630,-4.634998845128543,17.332784626163264,-0.20636682302442308
600989.SS,20260924,22.33,20260630,-4.609404752441218,7.611124087120213,-0.2064220668357017
000978.SZ,20260924,7.91,20260630,-1.6373836455685387,2.3042652297438746,-0.2070017251034815
002664.SZ,20260924,14.72,20260630,-3.0540942381185694,8.728346707496325,-0.20747922813305497
601326.SS,20260924,3.47,20260630,-0.7200542574978495,3.72318675509902,-0.2075084315555762
600063.SS,20260924,5.54,20260630,-1.1516404354892618,4.144280519808095,-0.20787733492585952
603139.SS,20260924,36.3,20260630,-7.571796676011213,5.356807398878654,-0.20858944011050176
002075.SZ,20260924,3.47,20260630,-0.7242432298436579,3.032209368872554,-0.20871562819701955
600661.SS,20260924,9.56,20260630,-2.002743402444837,0.9557579218487684,-0.20949198770343483
688669.SS,20260924,66.92,20260630,-14.023800388646745,8.623571557552355,-0.20956067526369912
002855.SZ,20260924,12.91,20260630,-2.71495540684936,0.7511602624339073,-0.21029863724627113
600784.SS,20260924,7.14,20260630,-1.5020017148518687,5.022111739509382,-0.21036438583359507
002572.SZ,20260924,7.45,20260630,-1.5691306734381287,6.950769882543364,-0.2106215669044468
000762.SZ,20260924,20.95,20260630,-4.4142509712198805,5.739126770739115,-0.21070410363818046
000838.SZ,20260924,2.31,20260630,-0.4891612966577488,-0.2274828057015354,-0.21175813708127655
002185.SZ,20260924,17.58,20260630,-3.7332800713071905,5.717881951751567,-0.212359503487326
600418.SS,20260924,22.93,20260630,-4.885669653103888,5.506550026760418,-0.2130688902356689
605588.SS,20260924,47.14,20260630,-10.12771016711686,12.632950925689403,-0.2148432364683254
300442.SZ,20260924,68.01,20260630,-14.635484324640696,8.915778051621032,-0.21519606417645487
603595.SS,20260924,32.55,20260630,-7.015345065323363,7.311824022707005,-0.21552519401915093
300656.SZ,20260924,29.58,20260630,-6.376260567302869,4.601290794740368,-0.21555985690679072
605368.SS,20260924,6.66,20260630,-1.4372246474626174,4.818588478022407,-0.2157994966160086
600653.SS,20260924,1.76,20260630,-0.38029818506431184,0.3232681236572534,-0.21607851424108626
002675.SZ,20260924,12.68,20260630,-2.742931751937184,5.382003294567425,-0.2163195387963079
000980.SZ,20260924,2.04,20260630,-0.44257820486669314,0.049536641587117,-0.21695010042484958
600293.SS,20260924,3.78,20260630,-0.8208260779833559,1.422265993109279,-0.21714975608025291
600128.SS,20260924,8.55,20260630,-1.8587847629854013,8.639716846829506,-0.2174017266649592
002574.SZ,20260924,4.97,20260630,-1.0862101475335586,8.197317076467302,-0.21855334960433775
000679.SZ,20260924,6.48,20260630,-1.4247704657687992,0.3530010942760943,-0.219871985458148
600707.SS,20260924,9.49,20260630,-2.0899173111333607,6.030928595913171,-0.22022310970846792
300763.SZ,20260924,53.15,20260630,-11.761007370735378,23.66900865223956,-0.22127953660837965
002132.SZ,20260924,4.09,20260630,-0.9056878346277165,2.694655797516982,-0.22143956836863485
600711.SS,20260924,10.43,20260630,-2.3121548390042057,5.895852078367561,-0.22168311016339462
603737.SS,20260924,21.5,20260630,-4.803039301382408,3.551189520260842,-0.2233971768084841
600513.SS,20260924,14.77,20260630,-3.3041710206610633,4.4223414850898175,-0.22370826138531236
600389.SS,20260924,18.11,20260630,-4.068259024730059,9.985271190061535,-0.22464158060353723
603220.SS,20260924,18.18,20260630,-4.105147701122572,7.258675871225473,-0.22580570413215467
603529.SS,20260924,20.88,20260630,-4.715756324291351,11.662639862328929,-0.22585039867295742
002529.SZ,20260924,6.59,20260630,-1.4923339153846154,0.2193349115384615,-0.22645431189447882
688685.SS,20260924,34.52,20260630,-7.870559794190147,5.504645841030868,-0.22799999403795324
300027.SZ,20260924,1.68,20260630,-0.38410315536553835,-0.012964786553434,-0.22863283057472522
605006.SS,20260924,15.85,20260630,-3.63111565176755,4.853866324749326,-0.2290924701430631
600798.SS,20260924,3.39,20260630,-0.7768932766265556,3.2506428512345527,-0.2291720580019338
300779.SZ,20260924,52.14,20260630,-11.96145887514584,10.390085310178277,-0.22941041187468048
002068.SZ,20260924,9.84,20260630,-2.2751038435428854,3.422057605291692,-0.23120974019744772
000153.SZ,20260924,6.09,20260630,-1.4105548690467462,4.654177066910585,-0.2316182050979879
002080.SZ,20260924,57.2,20260630,-13.255817516715146,12.162529741313737,-0.231745061481034
688079.SS,20260924,17.51,20260630,-4.071240731445224,2.9590135942417675,-0.23250946495975006
603789.SS,20260924,5.85,20260630,-1.3661400425790147,0.2146972004871033,-0.23352821240666918
300848.SZ,20260924,11.23,20260630,-2.6375946037813334,3.592870111198612,-0.23487040104909468
002069.SZ,20260924,3.67,20260630,-0.8640910874325409,0.0403286151495807,-0.2354471627881583
300430.SZ,20260924,4.59,20260630,-1.0829442400781732,4.803349759870466,-0.2359355642871837
600783.SS,20260924,15.3,20260630,-3.6257526023731717,5.854961609059205,-0.2369772942727563
603863.SS,20260924,12.33,20260630,-2.9327460614545724,1.0710065679267065,-0.23785450620069526
002846.SZ,20260924,11.28,20260630,-2.6979490646322706,3.425598515422092,-0.23917988161633605
600173.SS,20260924,5.78,20260630,-1.3832239541608664,5.178735146292987,-0.23931210279599763
300123.SZ,20260924,4.36,20260630,-1.044131545409352,0.1492364245502887,-0.23947971224985137
300086.SZ,20260924,5.37,20260630,-1.2894900975358998,1.906260319568817,-0.24012850978322156
002648.SZ,20260924,26.64,20260630,-6.400805051515322,11.335139586003075,-0.24027045989171628
002909.SZ,20260924,8.29,20260630,-1.9926816473647648,2.247877574163741,-0.2403717306833251
300876.SZ,20260924,15.19,20260630,-3.6550134997429224,6.6798313938357925,-0.24061971690210154
001283.SZ,20260924,46.3,20260630,-11.161230373331165,27.98455447129872,-0.2410632910006731
000708.SZ,20260924,12.92,20260630,-3.1174233186791764,8.784306432145687,-0.24128663457269167
000688.SZ,20260924,24.94,20260630,-6.027605708713487,2.880975563711301,-0.24168427059797462
002946.SZ,20260924,14.33,20260630,-3.470544340508014,4.152907335857397,-0.24218732313384606
600026.SS,20260924,21.4,20260630,-5.184402289383359,8.799389796819852,-0.24226178922352146
300198.SZ,20260924,2.27,20260630,-0.5521910303172394,0.4221970613094653,-0.24325596049217593
002163.SZ,20260924,7.56,20260630,-1.842698922406743,0.6292095958436706,-0.24374324370459563
002973.SZ,20260924,12.35,20260630,-3.0194580215564946,6.296038116240243,-0.24449052806125463
603208.SS,20260924,11.34,20260630,-2.774053044443018,5.637625121498774,-0.24462548892795574
002254.SZ,20260924,12.39,20260630,-3.0393095454213963,8.374310435389066,-0.24530343385160583
603813.SS,20260924,26.72,20260630,-6.56721624560125,4.528736212108695,-0.24577905110783121
603690.SS,20260924,24.3,20260630,-5.987834384040113,8.495294690987919,-0.24641293761481944
002512.SZ,20260924,3.88,20260630,-0.9580147532851913,0.294115511953551,-0.2469110188879359
603386.SS,20260924,18.47,20260630,-4.565449728694826,5.9518296838800175,-0.24718190193258402
002479.SZ,20260924,5.83,20260630,-1.4434312034682082,5.097987359537572,-0.24758682735303741
000923.SZ,20260924,15.75,20260630,-3.9084358706737388,14.89392444929374,-0.2481546584554755
600593.SS,20260924,49.05,20260630,-12.172049891304347,1.636861094720497,-0.24815596108673493
603505.SS,20260924,14.91,20260630,-3.700575984679283,2.262439574801072,-0.2481942310314744
300857.SZ,20260924,268.58,20260630,-67.03432677155526,17.530009500922922,-0.24958793198136592
603995.SS,20260924,25.32,20260630,-6.3237331645060815,16.675398505698734,-0.2497524946487394
601088.SS,20260924,48.03,20260630,-11.997316296958234,20.790445707343032,-0.2497879720374398
600887.SS,20260924,26.9,20260630,-6.7334617332106035,8.491431212802969,-0.2503145625728849
600839.SS,20260924,6.57,20260630,-1.6496417933027556,3.6243689397066303,-0.25108703094410284
600448.SS,20260924,3.27,20260630,-0.8218949664991564,1.422594429895712,-0.2513440264523414
002313.SZ,20260924,8.98,20260630,-2.2653052263927416,0.2296506782147624,-0.25226116106823404
002299.SZ,20260924,15.7,20260630,-3.972461957455611,9.29103882875262,-0.25302305461500707
600973.SS,20260924,5.89,20260630,-1.4906847969908619,2.613154736910224,-0.2530874018660207
300716.SZ,20260924,17.85,20260630,-4.517689988751406,-1.4950973128358955,-0.2530918761205269
600177.SS,20260924,8.29,20260630,-2.1031288325484443,9.365029482439647,-0.2536946722012599
002320.SZ,20260924,6.76,20260630,-1.7196865913257509,1.812536567191912,-0.2543915075925667
603060.SS,20260924,5.45,20260630,-1.3895332148898125,2.5396763354053187,-0.2549602229155619
300254.SZ,20260924,8.85,20260630,-2.261811029696435,1.8140101611682569,-0.25557186776230906
300257.SZ,20260924,18.65,20260630,-4.796036652967478,6.520990676276669,-0.25716014225026695
000721.SZ,20260924,6.13,20260630,-1.5810306788866466,0.1808937354459544,-0.25791691335834366
600644.SS,20260924,8.82,20260630,-2.279744979622836,2.805967014084316,-0.2584744874855823
001203.SZ,20260924,23.11,20260630,-5.975406519978305,4.825814034361606,-0.25856367459880164
300020.SZ,20260924,3.79,20260630,-0.9810061515559257,1.0746506131299922,-0.2588406732337535
002628.SZ,20260924,5.0,20260630,-1.2948612173195018,3.6682759683865713,-0.25897224346390035
603568.SS,20260924,13.36,20260630,-3.4651570924058572,7.198776225207162,-0.2593680458387618
301539.SZ,20260924,15.2,20260630,-3.968764777027027,5.132681412162162,-0.26110294585704125
600674.SS,20260924,16.27,20260630,-4.255784180549299,9.16616779149188,-0.26157247575594955
600959.SS,20260924,3.09,20260630,-0.8102788784385698,4.520005832418831,-0.2622261742519644
002258.SZ,20260924,14.23,20260630,-3.734550108906229,9.965300157178596,-0.2624420315464672
300498.SZ,20260924,14.51,20260630,-3.8406686285609446,5.421139342196309,-0.26469115289875567
688005.SS,20260924,23.35,20260630,-6.181960850130025,11.031432676349963,-0.26475207066938006
002234.SZ,20260924,7.75,20260630,-2.056291196413536,4.781620116884961,-0.265327896311424
000968.SZ,20260924,6.85,20260630,-1.8230958972247167,6.611671633026828,-0.26614538645616304
600665.SS,20260924,3.39,20260630,-0.9027655003103432,1.206800786528743,-0.26630250746617795
300014.SZ,20260924,48.91,20260630,-13.026428899527726,23.61958169534122,-0.26633467388116394
002306.SZ,20260924,2.15,20260630,-0.5752099083333333,0.0685141095238095,-0.267539492248062
600589.SS,20260924,7.66,20260630,-2.053678529367187,0.4135890556536722,-0.26810424665367977
601777.SS,20260924,8.28,20260630,-2.2234992668004585,2.2840921087411163,-0.2685385587923259
002571.SZ,20260924,10.97,20260630,-2.946483963416828,1.909995313186072,-0.26859470951839814
603665.SS,20260924,22.37,20260630,-6.0239789665086025,4.108069699891869,-0.26928828638840424
600018.SS,20260924,5.36,20260630,-1.4434731171421449,6.307431130381463,-0.2693046860339822
002240.SZ,20260924,25.69,20260630,-6.95677699844551,12.912218623431578,-0.2707970805155901
002215.SZ,20260924,9.62,20260630,-2.6080508066092842,4.673168313999184,-0.2711071524541876
002121.SZ,20260924,4.19,20260630,-1.141265909403678,0.1170333192435818,-0.27237849866436226
603069.SS,20260924,13.43,20260630,-3.6592124493670886,2.3691409588607595,-0.2724655584041019
001202.SZ,20260924,15.08,20260630,-4.111678897553638,5.588743483917804,-0.27265775182716434
000567.SZ,20260924,5.9,20260630,-1.6166463530086153,3.555597480641684,-0.27400785644213815
600716.SS,20260924,3.69,20260630,-1.0238186899845874,4.35844480644143,-0.2774576395622188
002798.SZ,20260924,6.6,20260630,-1.837103474773647,4.169761017706195,-0.2783490113293405
000090.SZ,20260924,3.5,20260630,-0.9772039613140068,5.913407187721613,-0.2792011318040019
688529.SS,20260924,15.6,20260630,-4.3787080843835025,3.940495208610472,-0.28068641566560915
601020.SS,20260924,21.0,20260630,-5.923445571311657,5.373325069660499,-0.2820688367291265
002044.SZ,20260924,4.48,20260630,-1.2652608977574342,2.0348100632452115,-0.2824243075351415
603825.SS,20260924,7.81,20260630,-2.2236575320564085,-0.2671936499712051,-0.28471927427098703
601816.SS,20260924,4.69,20260630,-1.3408862553317265,4.281653984113087,-0.2859032527359758
002140.SZ,20260924,9.22,20260630,-2.6411092691133033,6.889043429646248,-0.28645436758278775
603169.SS,20260924,6.02,20260630,-1.7311958633303766,1.912797107679612,-0.2875740636761423
002667.SZ,20260924,21.02,20260630,-6.064952677243849,-0.2226244212962963,-0.2885324775092221
603778.SS,20260924,8.36,20260630,-2.415070182187767,0.353952746227771,-0.2888839930846612
001322.SZ,20260924,6.51,20260630,-1.8829002986493626,4.8906911750229405,-0.28923199672033223
601512.SS,20260924,8.34,20260630,-2.4258546097445444,10.3398927332893,-0.2908698572835185
000778.SZ,20260924,3.57,20260630,-1.0418892453239759,6.614844615959925,-0.29184572698150585
300094.SZ,20260924,2.9,20260630,-0.8473223411316301,0.0878761936551264,-0.29218011763159657
002169.SZ,20260924,13.44,20260630,-3.931314963590753,3.5999346400588514,-0.2925085538385977
600997.SS,20260924,5.14,20260630,-1.5045895384707402,8.493908360368023,-0.2927217000915837
002688.SZ,20260924,5.15,20260630,-1.512148300154424,2.9496863845650703,-0.2936210291561988
600132.SS,20260924,37.56,20260630,-11.058072906231086,3.2728513526129297,-0.2944108867473665
300059.SZ,20260924,18.28,20260630,-5.415182033101242,6.225121439743593,-0.29623534097928017
603197.SS,20260924,29.36,20260630,-8.72772961698544,15.808394312549922,-0.2972659951289319
002059.SZ,20260924,4.39,20260630,-1.3066770496801834,0.9384646910850918,-0.29764853067885727
000060.SZ,20260924,5.95,20260630,-1.7742010864285154,4.559738265403788,-0.29818505654260763
600844.SS,20260924,3.28,20260630,-0.9790267765774086,0.0779323904760008,-0.2984837733467709
300890.SZ,20260924,26.25,20260630,-7.848688538300209,19.324567331438143,-0.29899765860191274
002243.SZ,20260924,6.94,20260630,-2.0752022631105667,6.095179414701842,-0.2990204990072862
603668.SS,20260924,12.18,20260630,-3.646065529177044,3.1673749453178264,-0.29934856561387885
300168.SZ,20260924,4.69,20260630,-1.404367545185918,0.6377997031539961,-0.29943870899486524
603318.SS,20260924,8.86,20260630,-2.660015575860895,3.981997909939434,-0.30022749163215523
603381.SS,20260924,14.84,20260630,-4.466810369888813,14.013630720730609,-0.30099800336177984
002326.SZ,20260924,16.57,20260630,-4.9961757065962225,3.221733709400697,-0.30151935465275936
688033.SS,20260924,7.51,20260630,-2.2653428777189095,2.223666972683693,-0.3016435256616391
603233.SS,20260924,17.55,20260630,-5.345686515395189,6.829869720363575,-0.3045975222447401
000818.SZ,20260924,11.86,20260630,-3.6258114690808374,3.319316314464642,-0.30571766181120047
002269.SZ,20260924,1.39,20260630,-0.42660347267784476,0.0697748507403542,-0.30690897314952864
002694.SZ,20260924,2.52,20260630,-0.773817504948336,-0.1085105927938808,-0.3070704384715619
603123.SS,20260924,9.37,20260630,-2.8829559219730356,2.096394255126574,-0.30767939402060146
000059.SZ,20260924,5.6,20260630,-1.7359325657349327,6.306206013451798,-0.3099879581669523
300692.SZ,20260924,9.11,20260630,-2.833175667858038,5.8858716435614005,-0.31099623137848936
603363.SS,20260924,2.8,20260630,-0.8711839368042422,1.0890815713554862,-0.3111371202872294
000909.SZ,20260924,5.32,20260630,-1.6580357557246053,1.381464829868628,-0.3116608563392115
600586.SS,20260924,3.96,20260630,-1.23659698993183,3.473528157235476,-0.31227196715450256
600295.SS,20260924,12.8,20260630,-4.026946638459098,7.647470702549972,-0.314605206129617
002999.SZ,20260924,6.35,20260630,-2.0120029258440932,3.5363165349029897,-0.31685085446363676
000862.SZ,20260924,5.23,20260630,-1.6658028709512698,4.793989459584398,-0.3185091531455582
688087.SS,20260924,33.21,20260630,-10.605427697209558,16.005800240870517,-0.3193444052155844
601168.SS,20260924,35.19,20260630,-11.273415862358371,9.408257658413763,-0.3203585070292234
600963.SS,20260924,3.35,20260630,-1.0737679491036025,4.328563069520046,-0.32052774600107536
601099.SS,20260924,3.52,20260630,-1.1321171159196064,1.4744522109087492,-0.3216241806589791
002460.SZ,20260924,43.68,20260630,-14.053921851281974,23.09466018173068,-0.3217472951300818
603535.SS,20260924,6.21,20260630,-1.9994236358687236,5.073499122504571,-0.3219683793669442
603585.SS,20260924,10.36,20260630,-3.3407987085455466,10.329967381282769,-0.3224709178132767
000529.SZ,20260924,4.97,20260630,-1.603802855042152,5.454188545740386,-0.32269675151753563
002312.SZ,20260924,8.21,20260630,-2.658245327213114,5.122452765294611,-0.32378140404544625
688022.SS,20260924,8.78,20260630,-2.845129659070438,3.7824530781860304,-0.3240466582084781
300374.SZ,20260924,10.05,20260630,-3.272780745600881,2.8009551299092945,-0.3256498254329235
000925.SZ,20260924,7.93,20260630,-2.5824549676796824,4.95602679571859,-0.3256563641462399
601919.SS,20260924,16.3,20260630,-5.3095055626680505,15.310474378546727,-0.32573653758699694
600019.SS,20260924,5.84,20260630,-1.9032972377241368,9.483003294722389,-0.32590706125413305
600207.SS,20260924,5.16,20260630,-1.6833047762708517,1.558811433655799,-0.32622185586644414
601857.SS,20260924,10.95,20260630,-3.5747810360559718,8.950863562104894,-0.326464021557623
600525.SS,20260924,4.88,20260630,-1.5949444290587285,2.244912375281844,-0.3268328748071165
603817.SS,20260924,6.16,20260630,-2.0197736986634,5.827898789848421,-0.32788534069211034
000155.SZ,20260924,11.04,20260630,-3.6220047456539044,6.058669662205702,-0.32808014000488267
000735.SZ,20260924,5.64,20260630,-1.8579195094823275,3.4593582291219844,-0.32941835274509357
600327.SS,20260924,3.8,20260630,-1.254447119460512,3.215621029182124,-0.3301176630159242
603331.SS,20260924,12.46,20260630,-4.133228566358253,5.5529710289121805,-0.3317197886322835
300568.SZ,20260924,17.5,20260630,-5.807574478745709,7.995026318702282,-0.33186139878546905
601699.SS,20260924,15.35,20260630,-5.135961992093893,15.658903761812326,-0.3345903577911331
603520.SS,20260924,8.47,20260630,-2.8400436485600102,5.650716072706399,-0.33530621588666
601018.SS,20260924,3.4,20260630,-1.1452255912650657,4.195970441218711,-0.3368310562544311
002369.SZ,20260924,5.56,20260630,-1.8754159303175206,0.2505258216705933,-0.337305023438403
603997.SS,20260924,14.12,20260630,-4.783287349336803,4.33375311841472,-0.33875972729014187
601728.SS,20260924,6.16,20260630,-2.0988986225435373,5.156784138994882,-0.34073029586745734
600792.SS,20260924,5.7,20260630,-1.948897639441129,2.0599906209760745,-0.3419118665686191
300140.SZ,20260924,5.26,20260630,-1.8026545228475304,4.662773699115127,-0.3427099853322301
000525.SZ,20260924,4.47,20260630,-1.5345346535346978,2.0199242775426254,-0.34329634307263934
301116.SZ,20260924,9.12,20260630,-3.1392052934575134,3.494088057583499,-0.3442111067387625
603105.SS,20260924,8.68,20260630,-3.003514768039027,4.399761355429164,-0.3460270470091045
601225.SS,20260924,25.83,20260630,-8.951876534296028,10.432067870036102,-0.3465689715174614
002564.SZ,20260924,5.28,20260630,-1.8382499931945284,0.1272715824951975,-0.348153407801994
605055.SS,20260924,8.83,20260630,-3.0791729439142834,2.250824350542578,-0.3487172076913118
300483.SZ,20260924,23.14,20260630,-8.073944943303399,10.108839404266451,-0.3489172404193344
600955.SS,20260924,12.38,20260630,-4.32326749950702,13.761144041285522,-0.34921385294887075
603887.SS,20260924,8.65,20260630,-3.0272073098567054,5.845130108682844,-0.34996616298921446
600626.SS,20260924,3.81,20260630,-1.334084818984925,2.4307004678596216,-0.35015349579656824
002100.SZ,20260924,7.58,20260630,-2.6552892124056715,4.645412047024903,-0.35030200691367697
000407.SZ,20260924,4.17,20260630,-1.4634311020188948,3.543235756629304,-0.3509427103162817
300670.SZ,20260924,7.41,20260630,-2.6055199386468173,1.3898927718079084,-0.35162212397392945
000571.SZ,20260924,6.69,20260630,-2.3550530204013445,-0.0149637632913382,-0.3520258625413071
688567.SS,20260924,8.88,20260630,-3.130470919826918,7.27897048621198,-0.35253050898951777
002594.SZ,20260924,84.34,20260630,-29.735816780199336,26.351728872716283,-0.35257074674175165
600668.SS,20260924,7.34,20260630,-2.588510968366947,13.139851733970866,-0.3526581700772407
000952.SZ,20260924,6.48,20260630,-2.2892865491906558,1.7236358923934607,-0.35328496129485426
002034.SZ,20260924,14.15,20260630,-5.001098432547392,17.32226505391347,-0.3534345182012291
600917.SS,20260924,4.79,20260630,-1.702473029898995,3.721110999760826,-0.3554223444465543
002622.SZ,20260924,2.72,20260630,-0.9698042130952381,0.3106637988095238,-0.3565456665791316
000536.SZ,20260924,3.49,20260630,-1.2456814147273396,0.195118581151004,-0.35692877212817753
601118.SS,20260924,6.48,20260630,-2.316614620055009,2.3017303871571784,-0.3575022561813285
000635.SZ,20260924,7.49,20260630,-2.679008268854734,2.5080694029662194,-0.3576780065226614
603180.SS,20260924,15.83,20260630,-5.663321888425854,16.9510678932282,-0.35775880533328197
003039.SZ,20260924,12.62,20260630,-4.5150068403593195,4.684945227491318,-0.35776599368932804
600476.SS,20260924,9.97,20260630,-3.576675570079229,-2.924948456137652,-0.358743788373042
000338.SZ,20260924,25.3,20260630,-9.088102835212407,11.11377509417344,-0.3592135507989094
603959.SS,20260924,4.31,20260630,-1.5491927393742333,-0.169858080262149,-0.35944147085249034
300203.SZ,20260924,14.51,20260630,-5.2378409034474105,5.826375607353343,-0.36098145440712687
688639.SS,20260924,17.95,20260630,-6.482847079329785,10.841912088832084,-0.3611613971771468
002620.SZ,20260924,5.72,20260630,-2.077355302049327,-0.2444504375195506,-0.3631740038547775
600745.SS,20260924,17.04,20260630,-6.203392035763931,19.13754800074236,-0.3640488283899021
300044.SZ,20260924,6.14,20260630,-2.266081787086293,-1.5148214811089271,-0.3690686949651943
603578.SS,20260924,13.83,20260630,-5.107453952388066,5.202696992067162,-0.36930252728764035
300926.SZ,20260924,16.52,20260630,-6.112148960118534,8.599053715814993,-0.3699848038812672
603612.SS,20260924,16.09,20260630,-5.954138343756813,12.212735123968676,-0.37005210340315803
601865.SS,20260924,9.27,20260630,-3.431347071014153,9.345366749700704,-0.3701561025905235
605008.SS,20260924,14.7,20260630,-5.448822151782317,3.365884517556859,-0.37066817359063386
002403.SZ,20260924,10.33,20260630,-3.835118144362948,3.824671305143829,-0.37126022694704236
600727.SS,20260924,7.61,20260630,-2.8405955373416134,6.510771094711493,-0.3732714240921962
688249.SS,20260924,34.82,20260630,-13.026066489676397,11.971082872499643,-0.3740972570268925
600236.SS,20260924,9.24,20260630,-3.4608582509301042,2.6168309158901693,-0.3745517587586693
000637.SZ,20260924,4.22,20260630,-1.5837739451741946,0.8974356494245223,-0.37530188274270015
600104.SS,20260924,10.72,20260630,-4.024998842439519,26.14969895987611,-0.3754663099290596
002870.SZ,20260924,48.2,20260630,-18.185723155254443,11.25661178155146,-0.37729716089739507
000008.SZ,20260924,2.38,20260630,-0.8984617827916791,0.7884053139290137,-0.3775049507528064
002616.SZ,20260924,4.81,20260630,-1.8219290378401793,4.145527657813645,-0.37877942574639906
601827.SS,20260924,7.81,20260630,-2.9630412636676358,7.332843845505081,-0.37939068676922355
000990.SZ,20260924,6.34,20260630,-2.406194685519454,14.65792709084269,-0.37952597563398327
300769.SZ,20260924,40.06,20260630,-15.214584667963228,19.347355974557587,-0.37979492431261175
002910.SZ,20260924,9.98,20260630,-3.7908989017240433,5.1550471905372905,-0.3798495893511065
301193.SZ,20260924,23.81,20260630,-9.053681847319748,9.715402595920146,-0.3802470326467765
601877.SS,20260924,24.9,20260630,-9.47118665021983,21.61920626608506,-0.3803689417758968
300318.SZ,20260924,5.17,20260630,-1.967235134310942,1.5568137818303072,-0.3805096971587896
002612.SZ,20260924,17.14,20260630,-6.5224755304539,6.347838679520607,-0.38054116280361144
600759.SS,20260924,2.31,20260630,-0.8832764744037611,2.212095472715208,-0.3823707681401563
600163.SS,20260924,5.53,20260630,-2.1169276789227838,3.777523342042843,-0.38280789853938224
600576.SS,20260924,5.37,20260630,-2.0569408521083057,2.4860121939608373,-0.38304298921942376
000973.SZ,20260924,11.6,20260630,-4.4470955275475825,9.796656071616876,-0.3833703040989295
002408.SZ,20260924,5.32,20260630,-2.039605765821443,3.973978311547126,-0.38338454244763964
603035.SS,20260924,10.54,20260630,-4.043092032066627,14.425479091242446,-0.3835950694560368
002488.SZ,20260924,7.34,20260630,-2.8183321752441306,3.541827526259864,-0.3839689612049224
002524.SZ,20260924,4.03,20260630,-1.5509305058632348,0.2193886062868586,-0.3848462793705297
000526.SZ,20260924,36.26,20260630,-13.963068593793299,10.65158900166666,-0.3850818696578406
000078.SZ,20260924,1.55,20260630,-0.5987142490603586,0.388868816874283,-0.3862672574582959
002219.SZ,20260924,2.06,20260630,-0.795812954222546,0.5722845917011723,-0.38631696806919713
002078.SZ,20260924,13.54,20260630,-5.230914401688004,11.28289560064033,-0.386330458027179
000553.SZ,20260924,5.46,20260630,-2.11436738018431,7.569718402735545,-0.3872467729275293
000659.SZ,20260924,2.7,20260630,-1.046910849175282,0.0530657752774724,-0.38774475895380817
000055.SZ,20260924,3.79,20260630,-1.475976262194816,5.175859100665813,-0.3894396470171019
002978.SZ,20260924,24.8,20260630,-9.66546122557437,19.00044534908245,-0.389736339740902
002182.SZ,20260924,11.39,20260630,-4.478759873043606,5.303320148361861,-0.3932186016719583
002607.SZ,20260924,1.88,20260630,-0.7420562289451561,0.1346533547804909,-0.39471076007721073
000429.SZ,20260924,12.5,20260630,-4.938618462800505,5.060216485131917,-0.39508947702404046
600256.SS,20260924,6.82,20260630,-2.6947423062865776,3.909426439840431,-0.3951235053206125
000417.SZ,20260924,5.85,20260630,-2.3184717218274202,6.104350230457291,-0.3963199524491317
600064.SS,20260924,7.62,20260630,-3.022796141865429,11.499087516716456,-0.396692407068954
002468.SZ,20260924,14.87,20260630,-5.902344085324824,7.9656447817759,-0.3969296627656237
600100.SS,20260924,6.66,20260630,-2.646226920550687,4.658198266811759,-0.3973313694520551
002905.SZ,20260924,8.78,20260630,-3.4894509107112754,0.0828036643609216,-0.3974317665958173
603906.SS,20260924,17.62,20260630,-7.060032024257864,7.423251139124976,-0.40068286176264833
000809.SZ,20260924,3.46,20260630,-1.3864052236060644,3.2294094464937566,-0.4006951513312325
000564.SZ,20260924,1.48,20260630,-0.6072332570463362,0.8007773016793601,-0.4102927412475245
600755.SS,20260924,6.02,20260630,-2.4758445525637676,8.92298345867296,-0.41126985922986176
600796.SS,20260924,5.06,20260630,-2.083465549329136,4.02648570505138,-0.41175208484765535
002945.SZ,20260924,14.48,20260630,-6.014744349259259,2.727930461111112,-0.41538289704829134
603028.SS,20260924,7.25,20260630,-3.011926624680074,1.2648151910336063,-0.4154381551282861
300966.SZ,20260924,25.48,20260630,-10.611301076333463,6.628320198225006,-0.4164560861983306
003038.SZ,20260924,10.71,20260630,-4.538974688742723,11.36933848310984,-0.4238071604801795
603477.SS,20260924,13.89,20260630,-5.906078404706916,5.456666937695943,-0.42520362884859003
603619.SS,20260924,21.35,20260630,-9.081578587011036,8.899819647337551,-0.4253666785485262
002289.SZ,20260924,34.91,20260630,-14.905251217474417,1.771587267313938,-0.426962223359336
000707.SZ,20260924,4.57,20260630,-1.9538113667199795,4.639404124721881,-0.42752983954485324
603883.SS,20260924,12.95,20260630,-5.551082988238631,9.2005079941495,-0.42865505700684414
001330.SZ,20260924,5.78,20260630,-2.485308295060706,2.6965641652922665,-0.42998413409354774
600185.SS,20260924,4.7,20260630,-2.0260140510602516,0.0298868837164503,-0.43106681937452157
002344.SZ,20260924,3.99,20260630,-1.7206305481879798,6.629230388470772,-0.4312357263629022
000048.SZ,20260924,18.66,20260630,-8.04982634968533,6.80723214668014,-0.4313947668641656
600433.SS,20260924,3.26,20260630,-1.407635418708073,2.539719002082224,-0.43179000573867277
600039.SS,20260924,8.61,20260630,-3.739628882949874,6.088553435772722,-0.4343355264750144
600409.SS,20260924,6.22,20260630,-2.707209338716572,6.781796367646763,-0.43524265895764824
002097.SZ,20260924,6.89,20260630,-3.00840147585792,4.297129191663536,-0.4366330153639942
601106.SS,20260924,2.92,20260630,-1.2752028014140728,0.7551124109822673,-0.4367132881555044
300176.SZ,20260924,4.38,20260630,-1.9205825773702907,2.4660697206303164,-0.4384891729155915
605077.SS,20260924,11.46,20260630,-5.037083260277062,10.55023283806957,-0.43953606110620086
300195.SZ,20260924,6.3,20260630,-2.775271175352287,6.353437247440898,-0.44051923418290273
002911.SZ,20260924,11.17,20260630,-4.925936374402483,2.612905750239356,-0.4409969896510728
601727.SS,20260924,6.56,20260630,-2.906281174476526,3.5581869776236124,-0.4430306668409339
002634.SZ,20260924,4.04,20260630,-1.7935569977554824,-0.803776599919089,-0.44394975191967384
600428.SS,20260924,11.06,20260630,-4.927652793659125,6.200946292394171,-0.44553822727478526
000767.SZ,20260924,3.29,20260630,-1.4719968571499522,4.013078454561645,-0.44741545810028943
002786.SZ,20260924,7.7,20260630,-3.4636695055809787,0.4484443677715632,-0.4498272085170102
601010.SS,20260924,1.43,20260630,-0.6466873725989263,5.94947638435503,-0.4522289318873611
002971.SZ,20260924,43.19,20260630,-19.56982191826923,10.2501556875,-0.45311002357650454
000608.SZ,20260924,7.19,20260630,-3.273192645791542,2.6996877768440832,-0.45524237076377494
300919.SZ,20260924,37.6,20260630,-17.152463496883463,24.02616746585189,-0.45618253981073037
601600.SS,20260924,8.88,20260630,-4.051970566157528,4.934775725384114,-0.45630299168440625
603507.SS,20260924,26.75,20260630,-12.255035580197815,14.352465502684948,-0.45813217122234823
600303.SS,20260924,3.05,20260630,-1.4119813185557346,1.3152232743533276,-0.4629446946084376
600900.SS,20260924,28.36,20260630,-13.156931902437684,8.833146492319138,-0.4639256665175488
600478.SS,20260924,4.41,20260630,-2.0828195408920234,1.7662042695803697,-0.4722946804743817
603313.SS,20260924,6.43,20260630,-3.0538238274325127,6.169300416242021,-0.47493372121812016
002739.SZ,20260924,8.35,20260630,-3.9714439865475653,3.401801376589721,-0.4756220343170737
600874.SS,20260924,5.44,20260630,-2.5909502436734866,6.634875081688835,-0.47627761832233206
002054.SZ,20260924,7.05,20260630,-3.3762464116049813,5.467447964065,-0.47890020022765695
002114.SZ,20260924,7.19,20260630,-3.44727964123235,2.1493976348144885,-0.479454748432872
001201.SZ,20260924,14.66,20260630,-7.064508602563901,10.81089567086661,-0.4818900820302797
603693.SS,20260924,11.49,20260630,-5.543357243720379,7.935304806003276,-0.4824505869208337
600678.SS,20260924,5.68,20260630,-2.7534101104185043,0.7692567363817786,-0.48475530113001836
000698.SZ,20260924,3.66,20260630,-1.78082659426623,1.783709757776738,-0.4865646432421393
600733.SS,20260924,4.68,20260630,-2.2861199828016647,0.7878895306520337,-0.48848717581232154
603348.SS,20260924,14.48,20260630,-7.09700031918372,12.164846361894506,-0.49012433143533973
600483.SS,20260924,10.73,20260630,-5.2653888185649995,9.994486069565406,-0.49071657209366254
002805.SZ,20260924,16.16,20260630,-7.969449162550666,3.627112089186989,-0.4931589828311056
000545.SZ,20260924,2.17,20260630,-1.073213634902249,0.6480590634751067,-0.49456849534665853
002982.SZ,20260924,12.42,20260630,-6.180350248950476,8.61174824594903,-0.497612741461391
000829.SZ,20260924,9.32,20260630,-4.687189273922824,2.857459127197699,-0.5029173040689725
300345.SZ,20260924,7.15,20260630,-3.601707580704652,0.5894551362154511,-0.5037353259726786
600546.SS,20260924,13.36,20260630,-6.75832908969174,8.74394678915822,-0.50586295581525
300571.SZ,20260924,29.1,20260630,-14.783296393403258,11.229729093675315,-0.5080170581925518
601966.SS,20260924,10.41,20260630,-5.290835960832213,15.407377440850787,-0.5082455293786948
600871.SS,20260924,2.11,20260630,-1.0736589012497535,0.5279338926626522,-0.5088430811610206
600719.SS,20260924,7.39,20260630,-3.780102847358228,0.8880055763772381,-0.5115159468685018
600467.SS,20260924,2.38,20260630,-1.2201916711476661,2.194597923599736,-0.5126855761124648
600129.SS,20260924,13.33,20260630,-6.845439885157215,6.514447627439055,-0.5135363754806613
600774.SS,20260924,7.7,20260630,-3.958993844992783,5.16036194631827,-0.5141550448042576
002391.SZ,20260924,5.12,20260630,-2.6329775938592648,6.686901050320069,-0.5142534363006377
600143.SS,20260924,13.07,20260630,-6.73390652008718,7.631513541776724,-0.5152185554772134
300080.SZ,20260924,3.63,20260630,-1.8724056256273063,2.2035582041880173,-0.5158142219358971
000822.SZ,20260924,4.22,20260630,-2.1771229461408415,3.986655744898318,-0.5159059114077824
601898.SS,20260924,14.01,20260630,-7.250122731077787,12.534110038093583,-0.5174962691704345
002683.SZ,20260924,28.26,20260630,-14.693498843886207,9.48935718841638,-0.5199398033930009
000516.SZ,20260924,4.3,20260630,-2.2451426655849906,1.4528769715000789,-0.522126201298835
605069.SS,20260924,12.1,20260630,-6.354718637609149,3.0010146742135086,-0.5251833584800949
601908.SS,20260924,2.89,20260630,-1.5230486530099412,2.968619649125811,-0.5270064543286993
300332.SZ,20260924,4.82,20260630,-2.566339405130648,4.511266274210339,-0.5324355612304248
600726.SS,20260924,5.03,20260630,-2.6781921797150954,0.6659978607384901,-0.5324437733031998
002601.SZ,20260924,15.0,20260630,-7.990213831678748,9.63522902105256,-0.5326809221119165
300738.SZ,20260924,19.31,20260630,-10.31791396041185,3.778249470114215,-0.5343300859871492
000428.SZ,20260924,4.02,20260630,-2.151280575821993,1.2031542457450295,-0.535144421846267
600475.SS,20260924,14.74,20260630,-7.898883971410031,9.023391726821398,-0.5358808664457281
002506.SZ,20260924,2.36,20260630,-1.2723367675636181,0.1202722988207899,-0.5391257489676349
600282.SS,20260924,4.4,20260630,-2.3809799358694335,4.515280626081904,-0.5411318036066893
002865.SZ,20260924,37.6,20260630,-20.369778649366545,12.390853000249344,-0.5417494321640038
603815.SS,20260924,5.09,20260630,-2.764244428071647,2.5781241321989383,-0.5430735615071999
605138.SS,20260924,6.16,20260630,-3.3689590338725877,4.623713150114167,-0.5469089340702252
601615.SS,20260924,9.65,20260630,-5.2807042372335555,12.148539895882177,-0.5472232370190213
600515.SS,20260924,2.69,20260630,-1.47651376651071,2.1130307071743544,-0.5488898760262862
000830.SZ,20260924,11.57,20260630,-6.42017811163888,10.264672338031918,-0.5548987131926431
002701.SZ,20260924,4.32,20260630,-2.3998392646146254,4.054635840263365,-0.5555183482904225
000089.SZ,20260924,6.5,20260630,-3.61193364856099,5.870053797937563,-0.5556820997786138
688538.SS,20260924,2.05,20260630,-1.1401647446160936,0.5188365114180383,-0.5561779242029725
002840.SZ,20260924,7.75,20260630,-4.315070106732653,4.236048192120069,-0.5567832395784069
601778.SS,20260924,3.42,20260630,-1.909645980283876,4.739499951379729,-0.5583760176268644
600739.SS,20260924,10.27,20260630,-5.782007363323075,19.6443498560044,-0.5629997432641748
600686.SS,20260924,10.88,20260630,-6.140234264312258,5.045379756245604,-0.5643597669404649
000039.SZ,20260924,8.66,20260630,-4.899100694834211,8.401089050320088,-0.5657160155697704
600012.SS,20260924,15.54,20260630,-8.843433061620955,7.372717312483976,-0.5690754865907951
000042.SZ,20260924,8.25,20260630,-4.729294229101986,4.995674921297572,-0.5732477853456952
003035.SZ,20260924,5.31,20260630,-3.0503120745716723,1.87551741132312,-0.5744467183750795
000068.SZ,20260924,3.26,20260630,-1.879758095025827,0.56060188516482,-0.5766129125846096
600309.SS,20260924,69.45,20260630,-40.054760112851994,36.2872515710091,-0.5767424062325701
600699.SS,20260924,22.62,20260630,-13.068440337939975,10.827440015375428,-0.5777382996436771
600455.SS,20260924,24.7,20260630,-14.315830974414807,5.745102052579333,-0.5795882985593039
600368.SS,20260924,4.15,20260630,-2.4196070159078884,4.53892634661085,-0.5830378351585273
600801.SS,20260924,23.75,20260630,-13.865650339922043,15.972842795013996,-0.5838168564177703
600717.SS,20260924,4.22,20260630,-2.498618738727452,6.814517875974566,-0.5920897485136143
002986.SZ,20260924,12.8,20260630,-7.59005830087881,10.615643157991885,-0.592973304756157
601021.SS,20260924,39.85,20260630,-23.669552965130247,18.14644486636024,-0.5939661973683876
600505.SS,20260924,10.17,20260630,-6.055386110204915,3.378441305349632,-0.5954165300103161
600141.SS,20260924,27.95,20260630,-16.659697155582013,21.11850604593832,-0.5960535654948842
600010.SS,20260924,2.09,20260630,-1.2495047840096756,1.0456363429436863,-0.597849178951998
600208.SS,20260924,2.84,20260630,-1.7150445995995813,4.96921082515107,-0.6038889435209793
605199.SS,20260924,5.76,20260630,-3.4817313107218752,0.7548812123114469,-0.60446724144477
600729.SS,20260924,18.14,20260630,-10.985659578769853,18.255190759771992,-0.6056041664150966
601101.SS,20260924,13.06,20260630,-7.951484369012904,8.635352715084396,-0.6088426009963939
600866.SS,20260924,4.12,20260630,-2.511025596102873,4.605272555391909,-0.6094722320638041
000758.SZ,20260924,5.8,20260630,-3.5418265548963337,3.272553922287924,-0.6106597508441954
000926.SZ,20260924,2.12,20260630,-1.2993167560621792,1.9162381769639083,-0.6128852622934807
600396.SS,20260924,12.75,20260630,-7.82510756314371,1.0149987836988468,-0.6137339265210753
600166.SS,20260924,2.76,20260630,-1.6978087148437873,2.000557630004212,-0.6151480850883287
000998.SZ,20260924,8.68,20260630,-5.347301513775654,4.498543646041805,-0.6160485614948911
601158.SS,20260924,3.98,20260630,-2.454522446299675,3.5731032145217254,-0.6167141824873555
002514.SZ,20260924,2.49,20260630,-1.5379221288248317,-0.113945780339866,-0.617639409166599
601678.SS,20260924,5.76,20260630,-3.5667981944111333,6.011444579463079,-0.6192357976408218
603393.SS,20260924,24.77,20260630,-15.414603377574348,22.85314916935048,-0.622309381411964
603733.SS,20260924,18.87,20260630,-11.75543947371713,12.747244354245112,-0.6229697654328102
002719.SZ,20260924,6.25,20260630,-3.9034815042967237,0.4184380634273722,-0.6245570406874758
600863.SS,20260924,4.64,20260630,-2.9204008187390937,2.538844098495557,-0.6293967281765289
000582.SZ,20260924,9.11,20260630,-5.759121520228038,8.164936877287488,-0.6321757980491809
002539.SZ,20260924,12.04,20260630,-7.641769125978631,8.250359516900104,-0.6346984323902518
603398.SS,20260924,8.75,20260630,-5.555707439585514,-0.1723908732504131,-0.6349379930954873
601933.SS,20260924,3.0,20260630,-1.905083159393208,0.2429291844859225,-0.635027719797736
600681.SS,20260924,3.41,20260630,-2.168629373078805,2.7123050369636963,-0.6359616929849867
300616.SZ,20260924,10.83,20260630,-6.911245305180382,12.976985538647044,-0.6381574612354923
601636.SS,20260924,5.45,20260630,-3.485069298274665,4.8554506420581,-0.6394622565641587
002382.SZ,20260924,5.95,20260630,-3.8096355960749544,7.115296009167433,-0.640274890096631
600992.SS,20260924,10.27,20260630,-6.584584217089991,5.624716398683246,-0.6411474408072045
600337.SS,20260924,3.43,20260630,-2.203624607590693,0.0649742638252903,-0.6424561538165285
002015.SZ,20260924,14.96,20260630,-9.644372558021965,7.822984783587429,-0.6446773100282062
002783.SZ,20260924,8.02,20260630,-5.1754509771234565,5.406399006174032,-0.645318076948062
600643.SS,20260924,3.99,20260630,-2.581406247711129,6.174909894060334,-0.646968984388754
600419.SS,20260924,8.72,20260630,-5.649281253385737,7.9131956557804415,-0.6478533547460706
000825.SZ,20260924,3.34,20260630,-2.1705602429519026,5.749269022846421,-0.6498683362131445
603768.SS,20260924,11.57,20260630,-7.549854175117214,9.404773069405032,-0.6525370937871403
600403.SS,20260924,7.19,20260630,-4.698770992907038,1.2904199285645164,-0.6535147417116881
000610.SZ,20260924,7.4,20260630,-4.837793256718251,-0.4773544201348589,-0.6537558455024662
002470.SZ,20260924,2.02,20260630,-1.3459375681679804,0.4967499117966972,-0.6663057268158319
600859.SS,20260924,9.7,20260630,-6.486819297743857,17.122663653174673,-0.6687442574993667
001205.SZ,20260924,14.61,20260630,-9.771366648191846,11.70272671317835,-0.6688135967277102
603225.SS,20260924,17.07,20260630,-11.41749144020502,13.62042406816336,-0.6688630017694798
601500.SS,20260924,3.87,20260630,-2.6047378228872695,4.040583084697011,-0.6730588689631187
601929.SS,20260924,2.37,20260630,-1.6035893983909506,1.3258050223306364,-0.6766199993210762
300051.SZ,20260924,8.28,20260630,-5.603862913983612,0.2843330794731569,-0.6767950379207262
600023.SS,20260924,5.14,20260630,-3.48539432285168,5.492416873286733,-0.6780922807104436
601789.SS,20260924,4.19,20260630,-2.848561164576964,2.8925905517600468,-0.6798475333119246
600704.SS,20260924,4.77,20260630,-3.252888992148012,9.359379987420215,-0.6819473778088077
688772.SS,20260924,14.03,20260630,-9.581430070071036,6.393059647550191,-0.6829244526066313
600758.SS,20260924,3.64,20260630,-2.487289139253186,3.7836010696240505,-0.6833211921025236
002542.SZ,20260924,1.63,20260630,-1.121840287712344,-0.1584361242988491,-0.6882455752836466
002277.SZ,20260924,5.25,20260630,-3.6210958318796638,4.641055020582814,-0.6897325394056503
000798.SZ,20260924,9.98,20260630,-6.911168382946693,1.4918846103629206,-0.6925018419786265
600802.SS,20260924,6.62,20260630,-4.591154391373761,1.826572596871042,-0.693527853681837
600196.SS,20260924,22.84,20260630,-15.853800241507688,18.461903659588337,-0.6941243538313349
600635.SS,20260924,4.43,20260630,-3.076607083973474,3.018205493008042,-0.6944936984138768
603101.SS,20260924,7.26,20260630,-5.0767976700303725,3.152269115740081,-0.6992834256240182
300040.SZ,20260924,5.63,20260630,-3.9582640295891016,4.053774858922576,-0.7030664350957552
600533.SS,20260924,2.2,20260630,-1.5582281361904762,0.6784385504761905,-0.7082855164502164
600805.SS,20260924,4.56,20260630,-3.2340978527944264,5.050411596622695,-0.7092319852619356
600138.SS,20260924,7.0,20260630,-4.985396561394784,8.744582914732538,-0.7121995087706834
002340.SZ,20260924,6.12,20260630,-4.372105787163471,4.243038536913336,-0.7143963704515475
000669.SZ,20260924,4.2,20260630,-3.009763120620279,0.1086940396202793,-0.7166102668143521
600116.SS,20260924,6.05,20260630,-4.343862110252562,6.098036224192203,-0.7179937372318285
603759.SS,20260924,7.81,20260630,-5.618695023388773,6.279677930093556,-0.7194231784108545
000601.SZ,20260924,6.0,20260630,-4.358825716158045,3.993060144358122,-0.7264709526930075
601016.SS,20260924,3.25,20260630,-2.3654869868114288,2.7827812979868285,-0.7278421497881319
600508.SS,20260924,10.76,20260630,-7.856313090306316,17.763385682935805,-0.73014062177568
002535.SZ,20260924,2.42,20260630,-1.7701491337710342,0.6605706533851555,-0.7314665842029068
002010.SZ,20260924,4.49,20260630,-3.2866091452548982,6.528724400212098,-0.7319842194331622
000725.SZ,20260924,5.85,20260630,-4.297218618731591,3.593977814903269,-0.7345672852532635
603033.SS,20260924,7.87,20260630,-5.782916614323174,2.458210627247815,-0.734805160650975
603113.SS,20260924,4.83,20260630,-3.5588440803687096,8.88449229001255,-0.7368207205732318
600169.SS,20260924,2.18,20260630,-1.6078763346649638,1.562618455222135,-0.737557951681176
300729.SZ,20260924,11.3,20260630,-8.341982552910123,10.311461880603188,-0.7382285445053206
600461.SS,20260924,8.76,20260630,-6.502127244098597,7.780019017646265,-0.7422519685044061
002053.SZ,20260924,9.44,20260630,-7.008391317213239,8.269938413744518,-0.742414334450555
688223.SS,20260924,3.75,20260630,-2.7885711049455866,2.355321598752487,-0.7436189613188231
600800.SS,20260924,3.2,20260630,-2.37964050916643,0.8616312625953427,-0.7436376591145094
000566.SZ,20260924,4.69,20260630,-3.4891570199196944,-0.1017108875769797,-0.7439567206651799
002197.SZ,20260924,6.5,20260630,-4.844003853942959,3.207585586759197,-0.7452313621450706
003022.SZ,20260924,19.18,20260630,-14.317035390186048,5.841687167557174,-0.7464564854111599
603799.SS,20260924,35.42,20260630,-26.450643523971127,27.00033703469971,-0.7467714151318782
603689.SS,20260924,7.58,20260630,-5.672989356772429,7.229913810756235,-0.7484154824238033
600971.SS,20260924,8.46,20260630,-6.361544197360582,9.82103936811812,-0.7519555788842295
000420.SZ,20260924,3.57,20260630,-2.6877856074785376,1.8078357499924105,-0.7528811225430078
002329.SZ,20260924,3.6,20260630,-2.7136040105194446,0.5381378974198886,-0.7537788918109568
600793.SS,20260924,17.0,20260630,-12.820101242167128,1.1826832812630523,-0.7541236024804193
600706.SS,20260924,8.17,20260630,-6.164658948168504,2.198603644868009,-0.754548218870074
000789.SZ,20260924,4.11,20260630,-3.1219995806964906,8.544739114173625,-0.7596106035757885
000755.SZ,20260924,4.66,20260630,-3.546485643721377,3.729080518840748,-0.7610484213994372
002202.SZ,20260924,17.9,20260630,-13.644863730444698,9.479254939224049,-0.7622828899689775
601233.SS,20260924,23.26,20260630,-17.777844841601567,18.07661604617834,-0.7643097524334294
002267.SZ,20260924,7.12,20260630,-5.445486550599991,6.163511580817253,-0.7648155267696617
600985.SS,20260924,16.49,20260630,-12.660116863656265,15.67965671433015,-0.7677451099852193
000685.SZ,20260924,10.81,20260630,-8.329392046075904,13.20025623494134,-0.7705265537535526
600333.SS,20260924,6.73,20260630,-5.189590708700647,3.11541420136395,-0.7711130324963814
000703.SZ,20260924,17.24,20260630,-13.352530814571697,8.66746363512523,-0.7745087479449941
601033.SS,20260924,14.19,20260630,-10.99217421888889,11.973151496666668,-0.7746422987236709
002531.SZ,20260924,7.44,20260630,-5.772847535261894,4.899036085050992,-0.7759203676427276
601330.SS,20260924,8.03,20260630,-6.238352910676906,5.909330413744788,-0.7768808107941353
600377.SS,20260924,12.77,20260630,-9.948191726560333,8.245959528539293,-0.7790283262772384
000791.SZ,20260924,7.05,20260630,-5.503325065310825,4.675415568972951,-0.7806134844412519
002385.SZ,20260924,3.09,20260630,-2.419329500552974,1.596165444712055,-0.7829545309232926
603717.SS,20260924,5.93,20260630,-4.665598458072496,1.1661627254645748,-0.7867788293545525
000560.SZ,20260924,3.66,20260630,-2.904428132172218,3.973669857103354,-0.7935595989541578
000701.SZ,20260924,5.46,20260630,-4.365306502815857,3.919597602640372,-0.7995066854974097
600903.SS,20260924,6.56,20260630,-5.252165140807965,2.79973378842271,-0.8006349300012142
600089.SS,20260924,17.6,20260630,-14.157462058049575,15.054996526142991,-0.8044012532982713
600658.SS,20260924,4.09,20260630,-3.298768332809241,4.437801519150473,-0.8065448246477362
600279.SS,20260924,4.27,20260630,-3.4858558889569533,5.70063237780932,-0.8163596929641578
000882.SZ,20260924,1.5,20260630,-1.2254286581066547,2.335025243067032,-0.8169524387377698
002386.SZ,20260924,5.95,20260630,-4.861192356401511,5.983466698887587,-0.817007118722943
600258.SS,20260924,11.09,20260630,-9.0669657537749,10.757294971069246,-0.8175803204485933
603609.SS,20260924,6.22,20260630,-5.092374253987855,7.63465342610734,-0.8187096871363112
000803.SZ,20260924,7.17,20260630,-5.881223843165611,3.240129609218543,-0.820254371431745
000012.SZ,20260924,3.7,20260630,-3.038168057698335,4.270091979317169,-0.8211265020806311
000665.SZ,20260924,4.08,20260630,-3.35622624798334,2.687626433848964,-0.8226044725449363
603843.SS,20260924,6.33,20260630,-5.251262953691746,-0.1464650222874172,-0.8295834050065949
600025.SS,20260924,9.75,20260630,-8.123112572582162,3.753267255020576,-0.8331397510340679
603682.SS,20260924,9.65,20260630,-8.056547972486772,1.4053266285714283,-0.834875437563396
002726.SZ,20260924,2.39,20260630,-2.013786627773375,0.6416681715169242,-0.8425885471855126
600370.SS,20260924,1.47,20260630,-1.2388122872661107,1.2926867399692066,-0.8427294471198032
002682.SZ,20260924,5.05,20260630,-4.280766787608531,0.8791592658135178,-0.8476765916056498
002004.SZ,20260924,4.3,20260630,-3.6513699487413778,5.117393248363491,-0.8491558020328785
000061.SZ,20260924,5.95,20260630,-5.0564860406908565,4.35371044517516,-0.8498295866707322
600408.SS,20260924,3.03,20260630,-2.5868719477552644,1.125185467818832,-0.8537531180710444
603021.SS,20260924,5.19,20260630,-4.432268458440771,-0.7566342563029057,-0.8540016297573739
600648.SS,20260924,9.3,20260630,-8.005122534313461,11.45253004484735,-0.8607658639046731
000695.SZ,20260924,12.71,20260630,-10.947133356500585,1.5001775405750195,-0.8613008148308878
000753.SZ,20260924,5.35,20260630,-4.60829422430799,3.977239717771677,-0.8613634064127085
688660.SS,20260924,8.85,20260630,-7.627978159101092,2.708757304812135,-0.8619184360566206
000727.SZ,20260924,2.17,20260630,-1.874784286775245,0.3688681517189972,-0.8639558925231543
603822.SS,20260924,62.42,20260630,-54.27299409585586,5.910247807204916,-0.8694808410101867
603278.SS,20260924,9.8,20260630,-8.536938499899655,5.591334997789761,-0.8711161734591484
000958.SZ,20260924,5.03,20260630,-4.3952617611586415,2.830769298836904,-0.8738094952601673
300207.SZ,20260924,20.09,20260630,-17.593379799365362,13.183338791939107,-0.8757282130097244
600604.SS,20260924,4.81,20260630,-4.255430615409663,3.212649259997705,-0.8847049096485787
600691.SS,20260924,2.74,20260630,-2.4327449144811917,1.348226792655731,-0.8878631074748874
601139.SS,20260924,6.19,20260630,-5.49681466395112,5.816549118169606,-0.8880152930454152
002941.SZ,20260924,10.4,20260630,-9.264916355625942,6.68440333522342,-0.8908573418871099
002360.SZ,20260924,5.5,20260630,-4.907391147677538,2.19982521129627,-0.8922529359413706
600848.SS,20260924,8.5,20260630,-7.601556309147986,6.639413393782544,-0.8943007422527042
000911.SZ,20260924,5.11,20260630,-4.573402561349086,-0.2056620339490661,-0.8949907165066704
600995.SS,20260924,11.8,20260630,-10.606247007659038,7.4847132317282385,-0.8988344921744946
600693.SS,20260924,9.76,20260630,-8.783398321408631,4.142666355773409,-0.8999383526033434
603982.SS,20260924,6.33,20260630,-5.706882114360707,5.565488739123553,-0.9015611555072207
688599.SS,20260924,10.89,20260630,-9.84257056825383,8.768230621260596,-0.9038173157257878
600732.SS,20260924,11.02,20260630,-9.971527117748574,2.127795271347506,-0.9048572702131192
600740.SS,20260924,3.77,20260630,-3.4159500858638943,5.909886228588548,-0.9060875559320675
600812.SS,20260924,4.88,20260630,-4.448255402741399,3.216348346156512,-0.9115277464634014
600895.SS,20260924,28.22,20260630,-25.795836597463964,11.05005160717976,-0.914097682404818
300477.SZ,20260924,2.64,20260630,-2.4198764727291584,0.0022767623563635,-0.916619876033772
600117.SS,20260924,2.17,20260630,-1.9914661029732137,1.0628126917120333,-0.9177263147341999
600319.SS,20260924,6.25,20260630,-5.783298342900073,0.8360227786875261,-0.9253277348640117
601008.SS,20260924,4.4,20260630,-4.099381017189312,3.3837768460238515,-0.9316775039066618
000552.SZ,20260924,2.47,20260630,-2.3180724186287054,3.0990610286543188,-0.9384908577444151
002863.SZ,20260924,4.76,20260630,-4.473131483103205,4.713581790769193,-0.9397335048536145
000009.SZ,20260924,6.8,20260630,-6.434339178801888,3.747060681877176,-0.9462263498238072
002548.SZ,20260924,3.82,20260630,-3.6372346888273666,1.0386475938885662,-0.9521556777034992
000421.SZ,20260924,5.69,20260630,-5.420515109009879,4.849409137180772,-0.9526388592284497
603818.SS,20260924,3.88,20260630,-3.7036607020537677,2.78388957832854,-0.9545517273334453
002061.SZ,20260924,3.3,20260630,-3.1536795609699797,6.475786567164002,-0.955660473021206
603708.SS,20260924,8.85,20260630,-8.486190065373911,3.944985577437635,-0.9588915328106115
600966.SS,20260924,4.8,20260630,-4.6210110177640935,5.586553622378458,-0.9627106287008529
600975.SS,20260924,5.08,20260630,-4.897516317495644,1.142200839084663,-0.9640780152550481
600283.SS,20260924,8.02,20260630,-7.7460246763152805,5.84980461405977,-0.9658384883186136
000812.SZ,20260924,3.73,20260630,-3.608584360737534,2.01702410334503,-0.9674488902781593
601619.SS,20260924,3.91,20260630,-3.7954897102964456,2.768466743625904,-0.9707134808942316
000591.SZ,20260924,4.16,20260630,-4.044377712582124,6.206113818152142,-0.9722061809091643
600754.SS,20260924,18.03,20260630,-17.648121973626363,14.97880831569515,-0.9788198543331316
605007.SS,20260924,14.68,20260630,-14.468898043317527,8.016282064497325,-0.9856197577191775
600072.SS,20260924,8.77,20260630,-8.69568984927778,4.847635929206368,-0.991526778708983
600075.SS,20260924,4.53,20260630,-4.531752140101555,5.428681182811748,-1.000386785894383
600346.SS,20260924,16.15,20260630,-16.173653592078534,10.22049779091077,-1.0014646187045533
002547.SZ,20260924,2.45,20260630,-2.4557370562269236,-0.4682944455169669,-1.002341655602826
601011.SS,20260924,2.91,20260630,-2.930289707670911,2.7819014843877885,-1.0069724081343336
600320.SS,20260924,4.02,20260630,-4.0625348013248175,3.108434336226104,-1.0105807963494573
002670.SZ,20260924,11.48,20260630,-11.634154591168679,5.955955974397364,-1.0134281002760173
002672.SZ,20260924,3.71,20260630,-3.761631170618022,1.8145985740932289,-1.0139167575789816
601005.SS,20260924,1.2,20260630,-1.218858343671529,1.534524562918337,-1.0157152863929408
605108.SS,20260924,12.12,20260630,-12.330888473739188,8.948903597159278,-1.0174000390873918
002513.SZ,20260924,5.31,20260630,-5.416866320466832,0.0134114382300433,-1.0201254840803828
002074.SZ,20260924,26.76,20260630,-27.71398608385141,16.750496304578096,-1.0356497041797985
600390.SS,20260924,4.79,20260630,-4.9616859077372535,9.478529689845494,-1.0358425694649798
000683.SZ,20260924,5.54,20260630,-5.764931451188047,3.4009629603636893,-1.0406013449797917
601228.SS,20260924,3.03,20260630,-3.165320931012458,2.863282422060148,-1.0446603732714383
000595.SZ,20260924,5.49,20260630,-5.737531532348807,0.3877278634934245,-1.0450877108103473
001965.SZ,20260924,9.88,20260630,-10.329442058225167,11.185132377027998,-1.0454900868648953
600642.SS,20260924,8.78,20260630,-9.18917421334443,7.50337973267886,-1.0466029855745365
000937.SZ,20260924,4.42,20260630,-4.6625173899600725,4.92883337215796,-1.054868187773772
002205.SZ,20260924,12.78,20260630,-13.539938044078033,1.0230449222636366,-1.0594630707416302
601136.SS,20260924,14.19,20260630,-15.160166679971542,5.065762549747857,-1.0683697448887628
003042.SZ,20260924,14.29,20260630,-15.273866766049993,14.32912277017262,-1.0688500186179142
000598.SZ,20260924,7.05,20260630,-7.542142931954589,6.727471996377995,-1.069807508078665
600996.SS,20260924,6.82,20260630,-7.30862616543104,1.0325397623923689,-1.071646065312469
603260.SS,20260924,31.85,20260630,-34.23428675940223,25.28138826577655,-1.074859866857213
002661.SZ,20260924,7.55,20260630,-8.279835026001441,7.164324951034463,-1.0966668908611181
600623.SS,20260924,8.62,20260630,-9.519370348881997,10.66797829993708,-1.1043353072948954
605266.SS,20260924,15.68,20260630,-17.41919543146483,16.18464787335115,-1.1109180759862773
601236.SS,20260924,6.89,20260630,-7.71697581428731,5.19129826602332,-1.1200255173131075
002961.SZ,20260924,13.56,20260630,-15.22303690334915,8.808412974059632,-1.1226428394800259
688066.SS,20260924,8.96,20260630,-10.06700333939487,-5.2132183245115815,-1.1235494798431773
600348.SS,20260924,8.89,20260630,-9.989581981981981,10.272272210672211,-1.1236875120339687
600188.SS,20260924,19.76,20260630,-22.265433282905928,10.72833844566461,-1.126793182333296
600537.SS,20260924,2.22,20260630,-2.506641952564971,-0.1794791007711959,-1.1291179966508877
600828.SS,20260924,4.37,20260630,-4.936595900891948,3.785121545329938,-1.1296558125610865
601918.SS,20260924,11.15,20260630,-12.64291431236508,7.01698231620891,-1.1338936603018008
600328.SS,20260924,5.65,20260630,-6.485710252623413,8.025323797213687,-1.1479133190483917
001286.SZ,20260924,9.43,20260630,-10.901006933333333,7.0785136,-1.1559922516790386
600500.SS,20260924,5.55,20260630,-6.497327970086989,2.829716223612692,-1.170689724339998
603377.SS,20260924,3.19,20260630,-3.7413356028675797,-0.1150657448867794,-1.1728324773879562
600778.SS,20260924,5.75,20260630,-6.747723387839031,0.790104131045025,-1.1735171109285272
600269.SS,20260924,3.77,20260630,-4.4344853641810005,8.396866739509912,-1.1762560647694962
000932.SZ,20260924,3.45,20260630,-4.12621942092492,7.977527788845906,-1.1960056292535999
002039.SZ,20260924,18.94,20260630,-22.89056506202387,10.563627332392228,-1.2085831606137207
002455.SZ,20260924,6.79,20260630,-8.228787768223263,3.87225487551257,-1.2118980512847222
002567.SZ,20260924,3.58,20260630,-4.370008420921947,2.624443068511267,-1.220672743274287
000599.SZ,20260924,4.45,20260630,-5.436384789844027,2.5335752781408565,-1.2216595033357363
000056.SZ,20260924,2.76,20260630,-3.3995956862693197,-2.3064137008085543,-1.231737567488884
600790.SS,20260924,3.62,20260630,-4.488063858081009,4.15295428867091,-1.2397966458787317
600785.SS,20260924,10.54,20260630,-13.112786404058363,7.250542196226389,-1.2440973817892187
600810.SS,20260924,6.25,20260630,-7.842542437043013,8.881019496358473,-1.2548067899268822
000903.SZ,20260924,1.96,20260630,-2.462186352533975,0.2530901903426444,-1.2562175268030484
002193.SZ,20260924,4.65,20260630,-5.84503959019232,0.7614814830611538,-1.2569977613316816
600481.SS,20260924,3.98,20260630,-5.012135307710082,1.971554016751944,-1.2593304793241413
600984.SS,20260924,3.5,20260630,-4.410607661144379,2.039531453127225,-1.2601736174698226
002459.SZ,20260924,6.7,20260630,-8.445335391874616,5.998625810741224,-1.2604978196827785
002789.SZ,20260924,14.05,20260630,-17.735234399743817,0.385332090838749,-1.262294263326962
300212.SZ,20260924,7.7,20260630,-9.798531365843438,-3.1454023084576934,-1.2725365410186282
002251.SZ,20260924,3.44,20260630,-4.391026021339864,3.172993478981708,-1.2764610527150768
600028.SS,20260924,5.32,20260630,-6.826188114123212,6.977988880591789,-1.2831180665645134
600803.SS,20260924,18.54,20260630,-23.935865776938336,7.614844581156968,-1.2910391465446784
300118.SZ,20260924,8.98,20260630,-11.603095715692863,6.966805603737335,-1.2921041999657976
002221.SZ,20260924,5.71,20260630,-7.419513979033909,6.256020740480997,-1.2993894884472696
600979.SS,20260924,3.86,20260630,-5.017629771414801,3.32162001841492,-1.2999040858587567
600547.SS,20260924,29.07,20260630,-38.07780363408281,12.195472561806058,-1.30986596608472
601200.SS,20260924,6.74,20260630,-8.903464015235533,8.759732655123644,-1.3209887262960731
002036.SZ,20260924,6.16,20260630,-8.19985634222881,0.6436131105879271,-1.3311455101020795
600120.SS,20260924,4.64,20260630,-6.194035163483919,5.00616801292608,-1.3349213714405
000759.SZ,20260924,6.39,20260630,-8.543730406349448,0.8003924262635963,-1.3370470119482705
002109.SZ,20260924,2.77,20260630,-3.7104781424473217,3.055400540837504,-1.3395227951073363
000785.SZ,20260924,2.3,20260630,-3.123060149500861,3.09123223134573,-1.357852238913418
600982.SS,20260924,4.86,20260630,-6.6338162044248055,4.446620356776935,-1.3649827581121
601162.SS,20260924,3.6,20260630,-4.930895256065054,2.717357665723972,-1.3696931266847372
002930.SZ,20260924,9.17,20260630,-12.71603745353467,4.60933867071255,-1.3866998313560164
600121.SS,20260924,4.9,20260630,-6.806245683202943,0.493526567569911,-1.3890297312659066
601015.SS,20260924,3.55,20260630,-4.955161810103811,2.329468671175291,-1.3958202281982568
600323.SS,20260924,28.68,20260630,-40.35263617468731,18.674613520925828,-1.4069956825204781
002797.SZ,20260924,6.21,20260630,-8.77623604804801,4.130089298703818,-1.4132425198144944
000983.SZ,20260924,6.53,20260630,-9.237154219205877,6.550081214610275,-1.414571855927393
600827.SS,20260924,7.73,20260630,-10.955697960160332,11.460947993164927,-1.4172959844968087
002608.SZ,20260924,7.24,20260630,-10.326939095194906,10.015762759037864,-1.4263728032037162
000899.SZ,20260924,8.98,20260630,-12.863380267066864,6.229335149547736,-1.4324476912101185
000723.SZ,20260924,3.52,20260630,-5.0588194747247295,2.8286807315826468,-1.4371646235013436
000035.SZ,20260924,4.79,20260630,-6.926139025272312,4.534677867730717,-1.445958042854345
600123.SS,20260924,6.98,20260630,-10.102951237977535,10.358723973328717,-1.4474142174752915
603797.SS,20260924,4.9,20260630,-7.1059399057015415,5.6123299860783735,-1.4501918174901105
000750.SZ,20260924,3.61,20260630,-5.256236283692754,3.5915243284700504,-1.4560211312168294
000301.SZ,20260924,13.36,20260630,-19.506852883093497,5.8669898439504165,-1.460093778674663
600548.SS,20260924,8.03,20260630,-11.777117182498186,10.646295395767329,-1.4666397487544443
000905.SZ,20260924,9.81,20260630,-14.421936404932246,12.5186002803505,-1.470126035161289
600332.SS,20260924,19.39,20260630,-28.80458190439542,27.579415823399483,-1.4855380043525228
001896.SZ,20260924,10.79,20260630,-16.16530726457375,2.3684470310041084,-1.4981749086722662
600280.SS,20260924,3.04,20260630,-4.6107508951276905,0.2178526569757875,-1.5166943733972666
600509.SS,20260924,7.11,20260630,-10.793418376338012,5.780757140120557,-1.5180616563063307
600561.SS,20260924,5.88,20260630,-8.933906972378766,3.3230018019044083,-1.5193719340780214
300147.SZ,20260924,5.62,20260630,-8.620054515453347,-0.9543303094778676,-1.5338175294400973
600470.SS,20260924,5.61,20260630,-8.707798930214723,2.774498813266871,-1.5521923226764212
600655.SS,20260924,4.47,20260630,-6.940555834456363,7.753477361699621,-1.5526970546882246
000959.SZ,20260924,3.42,20260630,-5.357260823282716,6.549116839051433,-1.5664505331236012
000717.SZ,20260924,2.13,20260630,-3.3478344125873134,2.7728967565957863,-1.5717532453461567
603378.SS,20260924,4.71,20260630,-7.4849623886958305,-0.6941478543575192,-1.589163989107395
601611.SS,20260924,10.15,20260630,-16.171717012813577,7.474025913672254,-1.5932726120998597
601990.SS,20260924,6.58,20260630,-10.641633579974437,5.284048375088365,-1.6172695410295497
000898.SZ,20260924,1.99,20260630,-3.219157619342882,4.443912557241478,-1.617667145398433
600621.SS,20260924,13.73,20260630,-22.226493294709446,8.614904420164322,-1.6188268969198432
000531.SZ,20260924,5.54,20260630,-9.02145115701727,6.696800934166987,-1.6284207864652112
600876.SS,20260924,7.62,20260630,-12.45744111960062,3.4964455463388804,-1.6348347925985065
600575.SS,20260924,3.15,20260630,-5.189657435353623,4.7904560818042645,-1.647510296937658
600906.SS,20260924,6.36,20260630,-10.493388597842834,3.931791371340524,-1.6499038675853512
600808.SS,20260924,2.43,20260630,-4.012446724346185,3.111481623672558,-1.6512126437638621
000883.SZ,20260924,4.34,20260630,-7.250705242142533,5.25813643008555,-1.67066941063192
600578.SS,20260924,5.21,20260630,-8.77772959340552,4.173147805888157,-1.6847849507496198
000966.SZ,20260924,3.9,20260630,-6.574949682436633,3.890461146685576,-1.685884533958111
002761.SZ,20260924,7.23,20260630,-12.20251045255661,7.911608498338022,-1.6877607818197247
600736.SS,20260924,6.56,20260630,-11.192646911703765,9.24753200099408,-1.7061961755645985
000605.SZ,20260924,5.95,20260630,-10.215199708726797,6.0182115309253765,-1.7168402871809743
600438.SS,20260924,11.12,20260630,-19.101339306944972,7.669390196017922,-1.7177463405526054
000050.SZ,20260924,6.36,20260630,-10.936507981251026,10.845830381848735,-1.7195767266117965
002129.SZ,20260924,9.35,20260630,-16.093399967222513,4.492944692000707,-1.7212192478312849
300068.SZ,20260924,4.12,20260630,-7.132996636797963,0.3236254914552989,-1.7313098633004764
603885.SS,20260924,9.91,20260630,-17.214433806785603,4.023454748962895,-1.7370770743476895
600157.SS,20260924,1.47,20260630,-2.5646529756611804,2.14101111869484,-1.7446618882048848
601375.SS,20260924,3.95,20260630,-6.956614925199413,3.167389231095917,-1.7611683354935221
002124.SZ,20260924,2.07,20260630,-3.6536101796032243,0.3705220030152545,-1.7650290722720892
002928.SZ,20260924,6.2,20260630,-10.968675419826765,3.081997105922354,-1.7691411967462523
002037.SZ,20260924,6.83,20260630,-12.089550975864297,2.015618909215777,-1.7700660286770566
600956.SS,20260924,7.05,20260630,-12.53844527172708,5.460447942182773,-1.7785028754222807
600886.SS,20260924,14.86,20260630,-26.57616222050332,8.28985577702448,-1.7884362194147592
600909.SS,20260924,7.82,20260630,-14.198949536671748,5.43684040384434,-1.8157224471447246
600603.SS,20260924,4.62,20260630,-8.404356723863376,6.269572104204588,-1.8191248320050597
002775.SZ,20260924,3.33,20260630,-6.172345918896744,0.1048461445287543,-1.8535573330020254
000401.SZ,20260924,3.55,20260630,-6.585016471447506,10.01637396332092,-1.8549342173091568
600098.SS,20260924,6.25,20260630,-11.611304263174647,7.752493078683112,-1.8578086821079436
002480.SZ,20260924,5.14,20260630,-9.590728409413764,0.9684342733304516,-1.8659004687575418
003816.SZ,20260924,4.19,20260630,-7.824341054717214,2.4501624256224988,-1.867384499932509
600231.SS,20260924,1.65,20260630,-3.082114519685647,1.1610900121939165,-1.867948193748877
300772.SZ,20260924,9.47,20260630,-17.700762784839032,11.265239539587906,-1.8691407375753992
601366.SS,20260924,3.58,20260630,-6.701828536405874,4.852003228634119,-1.872019144247451
000885.SZ,20260924,11.63,20260630,-21.81622694106032,15.2711991982971,-1.8758578625159346
603300.SS,20260924,4.55,20260630,-8.549065362085493,3.4861535232268865,-1.878915464194614
600858.SS,20260924,4.88,20260630,-9.221368690923539,5.288617438948765,-1.8896247317466268
600350.SS,20260924,10.02,20260630,-19.074969493284858,9.453918797435344,-1.9036895701881096
600168.SS,20260924,4.38,20260630,-8.346089137651191,7.473863919834094,-1.9054998031167103
601618.SS,20260924,2.49,20260630,-4.749590756089395,4.978178968557415,-1.9074661671041746
601666.SS,20260924,8.83,20260630,-17.323336142918983,10.65721547502697,-1.961872722867382
002573.SZ,20260924,3.11,20260630,-6.110379056858022,3.920006868041836,-1.9647521083144768
600821.SS,20260924,5.77,20260630,-11.360068974704282,4.54821558741225,-1.9688161134669466
600744.SS,20260924,6.08,20260630,-12.272602517771888,0.8497120929982052,-2.018520150949324
000692.SZ,20260924,4.12,20260630,-8.343198653680924,0.0731286589890037,-2.0250482169128454
000652.SZ,20260924,3.31,20260630,-6.713175973551816,3.69841358776856,-2.02814984095221
600032.SS,20260924,6.75,20260630,-13.74746966588825,5.385860952927548,-2.0366621727241854
000712.SZ,20260924,9.98,20260630,-20.416291206473215,2.9933096283482143,-2.045720561770863
000100.SZ,20260924,4.87,20260630,-10.049433083963839,3.141202220453056,-2.063538620937133
600248.SS,20260924,2.81,20260630,-5.874867032605217,9.561509220223938,-2.09070001160328
601991.SS,20260924,5.36,20260630,-11.259255606498138,4.522685270400121,-2.1006073892720405
600683.SS,20260924,9.32,20260630,-19.92809120279052,-1.976976100425996,-2.138207210599841
300422.SZ,20260924,4.06,20260630,-8.78289053681582,1.1066235727296572,-2.163273531235424
600239.SS,20260924,1.44,20260630,-3.120815413585713,0.685651342630458,-2.16723292610119
000507.SZ,20260924,4.93,20260630,-10.690336732334027,9.455326592509198,-2.1684253006762733
300070.SZ,20260924,3.37,20260630,-7.355037010868182,7.559577346635755,-2.1825035640558403
002493.SZ,20260924,13.11,20260630,-29.289249325031037,4.978277198397207,-2.2341151277674323
600969.SS,20260924,9.79,20260630,-22.07574734316521,9.826383567167554,-2.254928227085313
001872.SZ,20260924,23.26,20260630,-52.800022946668,30.25847002882403,-2.26999238807687
601696.SS,20260924,11.18,20260630,-25.523716702663787,7.04605147588193,-2.282980027071895
002110.SZ,20260924,2.87,20260630,-6.595661273169259,7.885591150697141,-2.298139816435282
600155.SS,20260924,5.94,20260630,-13.681896340961998,7.452212212182682,-2.3033495523505048
000600.SZ,20260924,7.08,20260630,-16.317124418998326,7.1841472642737125,-2.304678590254001
002060.SZ,20260924,3.02,20260630,-6.973287908981379,3.7557038091429633,-2.3090357314507877
000632.SZ,20260924,3.75,20260630,-8.667348890980007,-1.5685274050184963,-2.3112930375946683
600035.SS,20260924,3.65,20260630,-8.481051840130855,5.63746862903629,-2.323575846611193
600369.SS,20260924,3.92,20260630,-9.160170866142122,3.945479827458135,-2.3367782821791128
000876.SZ,20260924,6.92,20260630,-16.197229289977304,4.350946727484194,-2.3406400708059687
000422.SZ,20260924,11.79,20260630,-27.702304579699778,7.307980775976071,-2.3496441543426445
600221.SS,20260924,1.22,20260630,-2.882052944594254,0.1271197406528947,-2.362338479175618
600831.SS,20260924,3.51,20260630,-8.38464871902294,0.0767129711737025,-2.3887888088384446
601107.SS,20260924,6.02,20260630,-14.432289964225685,6.572039621851762,-2.397390359505928
600905.SS,20260924,3.61,20260630,-8.659280555428031,3.1061348714892216,-2.398692674633804
600927.SS,20260924,12.18,20260630,-29.641009618777208,9.14773751974167,-2.433580428471035
600050.SS,20260924,4.15,20260630,-10.190695122623119,5.527171974699297,-2.455589186174245
600310.SS,20260924,4.45,20260630,-11.023591020711658,1.934374076987888,-2.4772114653284625
000498.SZ,20260924,5.65,20260630,-14.087222374889556,7.10791407750971,-2.493313694670718
601866.SS,20260924,2.42,20260630,-6.051911583937955,2.3893545201701576,-2.5007899107181633
002926.SZ,20260924,8.23,20260630,-20.693052952380953,9.650331047619048,-2.5143442226465313
601668.SS,20260924,4.26,20260630,-10.73650635555744,12.033260467252193,-2.520306656234141
000501.SZ,20260924,7.09,20260630,-18.00413528781258,14.676780551937052,-2.5393702803684883
600939.SS,20260924,2.6,20260630,-6.643099842055003,3.5905681814856005,-2.5550384007903855
601111.SS,20260924,5.81,20260630,-14.966272802487804,3.4160182020484435,-2.575950568414424
600617.SS,20260924,3.24,20260630,-8.375288360134498,2.0641195860042894,-2.584965543251388
600663.SS,20260924,8.71,20260630,-22.75431337353336,5.066213466360711,-2.6124355193494098
600639.SS,20260924,9.61,20260630,-25.311520625819323,13.376894234114973,-2.633873114029066
001979.SZ,20260924,7.18,20260630,-19.189207214036504,12.459741268208234,-2.672591533988371
000783.SZ,20260924,8.28,20260630,-22.559151389140794,6.673298887736202,-2.724535191925217
002419.SZ,20260924,4.55,20260630,-12.411122466684029,3.49983628571823,-2.7277192234470395
601108.SS,20260924,8.36,20260630,-22.8571040118973,8.5720218381756,-2.7341033507054187
600008.SS,20260924,2.71,20260630,-7.46790870273722,2.8556298699067213,-2.7556858681687157
600017.SS,20260924,2.79,20260630,-7.75529870837014,4.612170195530141,-2.7796769564050683
600027.SS,20260924,4.83,20260630,-13.67125216909058,6.093804174860795,-2.8304869915301407
002431.SZ,20260924,1.31,20260630,-3.7159145676580265,0.095769152480608,-2.8365760058458216
600395.SS,20260924,5.06,20260630,-14.425903595712237,4.941253117229525,-2.850969090061707
002630.SZ,20260924,1.59,20260630,-4.561373615408036,-0.0947733101656141,-2.868788437363545
002939.SZ,20260924,7.76,20260630,-22.394937121275767,8.00338743324617,-2.885945505319042
601456.SS,20260924,8.53,20260630,-24.788294779951528,9.237847314909269,-2.9060134560318325
600567.SS,20260924,1.32,20260630,-3.9284013600671717,2.371633303270736,-2.976061636414524
002673.SZ,20260924,6.61,20260630,-19.969160044482837,6.780515702080631,-3.02105295680527
000544.SZ,20260924,7.16,20260630,-21.742585883853728,11.708841373291662,-3.036674006124822
600881.SS,20260924,1.85,20260630,-5.6759208990060035,0.032734497537121,-3.068065350814056
601985.SS,20260924,8.9,20260630,-27.85740852949621,5.772816209815838,-3.1300459021905853
000987.SZ,20260924,7.26,20260630,-22.798532998488646,6.78063603402543,-3.140293801444717
002387.SZ,20260924,6.87,20260630,-21.85037070962014,1.2669041976120885,-3.1805488660291323
600170.SS,20260924,2.2,20260630,-7.094365797671112,3.5322582534046045,-3.224711726214142
601788.SS,20260924,13.77,20260630,-44.541965277952485,13.33193089771206,-3.2347106229449882
600820.SS,20260924,5.23,20260630,-16.977701509144776,10.066369491822536,-3.2462144376949857
600853.SS,20260924,3.26,20260630,-10.589788329681673,3.443351676707948,-3.2484013281232125
600115.SS,20260924,3.35,20260630,-10.945873730749994,1.603494389468062,-3.2674249942537297
600029.SS,20260924,4.86,20260630,-15.967467525193188,1.6621074920382295,-3.2854871451014787
601066.SS,20260924,23.4,20260630,-77.58586575854794,11.289925026058134,-3.3156352888268352
000027.SZ,20260924,6.17,20260630,-20.519235489126554,7.037427999626676,-3.3256459463738337
601555.SS,20260924,8.17,20260630,-27.228471582672757,8.696005258806746,-3.332738259813067
000761.SZ,20260924,2.21,20260630,-7.372233738454244,1.2374716552884366,-3.335852370341287
000875.SZ,20260924,4.62,20260630,-15.757567023067773,4.869107331943531,-3.4107287928718124
600022.SS,20260924,1.28,20260630,-4.375962551048548,1.8020129967347545,-3.418720743006678
000543.SZ,20260924,7.15,20260630,-24.660207623694628,7.912759921034692,-3.4489800872300176
600383.SS,20260924,2.41,20260630,-8.344689692677596,9.42969807094314,-3.462526843434687
601901.SS,20260924,6.74,20260630,-23.42384519978629,6.475069704300693,-3.475347952490547
601868.SS,20260924,2.4,20260630,-8.431437727099818,2.67489121823931,-3.5130990529582573
002092.SZ,20260924,4.35,20260630,-15.603851140511116,8.385418190561541,-3.5870922162094523
600061.SS,20260924,6.19,20260630,-22.22763182670234,7.403858093331221,-3.590893671518956
600021.SS,20260924,13.08,20260630,-47.07631029140916,11.952428572596236,-3.5991062913921374
600011.SS,20260924,6.74,20260630,-24.38267597217063,8.789592850545604,-3.6176077110045446
000728.SZ,20260924,7.29,20260630,-26.48197362160383,8.849789325815163,-3.6326438438414033
600999.SS,20260924,17.44,20260630,-64.18220988472868,14.463842573459791,-3.680172585133525
000069.SZ,20260924,1.84,20260630,-6.907055255200029,4.348094054281184,-3.7538343778261023
002736.SZ,20260924,9.84,20260630,-36.994504353409376,9.49714311323766,-3.7596041009562375
002717.SZ,20260924,0.85,20260630,-3.272373307162157,-0.8975296476761253,-3.849850949602538
601368.SS,20260924,4.55,20260630,-17.597872305227718,5.4742414756548685,-3.867664242907191
600622.SS,20260924,2.43,20260630,-9.535546803920703,1.28501197650398,-3.924093334946791
600292.SS,20260924,11.26,20260630,-44.406417745394826,23.042809691270893,-3.9437315937295585
600918.SS,20260924,5.42,20260630,-21.552107947864332,6.314175027319485,-3.9764036804177736
600020.SS,20260924,3.85,20260630,-15.329850184755719,5.297911817469108,-3.981779268767719
600109.SS,20260924,8.1,20260630,-32.45616145406946,9.879803260370847,-4.006933512848081
000686.SZ,20260924,7.64,20260630,-30.827358045782347,8.73098102894328,-4.034994508610255
600307.SS,20260924,1.45,20260630,-5.975461278032202,0.8573901453427208,-4.121007777953243
601995.SS,20260924,31.02,20260630,-129.57111465093698,25.65437255459545,-4.177018525175273
601878.SS,20260924,9.02,20260630,-37.75272243369511,8.27996217809235,-4.185445946085933
600030.SS,20260924,26.29,20260630,-110.8609081702585,19.936801860282216,-4.216847020549962
600795.SS,20260924,5.24,20260630,-22.665336874486947,3.3780419395592607,-4.325445968413539
603093.SS,20260924,13.4,20260630,-58.2816475260543,8.198544956075509,-4.349376681048828
600180.SS,20260924,1.55,20260630,-6.747321735435435,3.225612545218979,-4.353110797055119
000537.SZ,20260924,7.3,20260630,-32.09290050550852,9.665332976701391,-4.396287740480619
601003.SS,20260924,3.49,20260630,-15.359742997507858,3.4861080787111907,-4.401072492122595
601588.SS,20260924,1.75,20260630,-7.816601326989445,1.7292109936976912,-4.466629329708254
000002.SZ,20260924,3.76,20260630,-17.14563421971574,8.564718985717171,-4.560009100988228
002314.SZ,20260924,2.27,20260630,-10.582754840325686,2.30521615751346,-4.662006537588407
002024.SZ,20260924,1.15,20260630,-5.45071555835757,1.3188297325732234,-4.739752659441366
601319.SS,20260924,8.07,20260630,-38.528431321361296,7.691277795348683,-4.774278974146381
600657.SS,20260924,3.06,20260630,-14.754701716185783,5.134985418269532,-4.821797946465942
600581.SS,20260924,2.49,20260630,-12.2209798458758,-0.3364848375170016,-4.908024034488273
601688.SS,20260924,18.16,20260630,-90.16682746489953,19.81483267307821,-4.965133670974644
000166.SZ,20260924,4.39,20260630,-21.798130347331035,4.59202354478015,-4.965405546089075
000031.SZ,20260924,2.28,20260630,-11.51801331194789,2.417964017520368,-5.0517602245385484
000539.SZ,20260924,4.95,20260630,-25.009969813088127,4.333787859984914,-5.052519154159217
600569.SS,20260924,1.74,20260630,-8.845829210101837,0.3360440096653702,-5.083809890863124
601377.SS,20260924,5.87,20260630,-30.163275604745582,6.511437661960352,-5.138547803193455
000826.SZ,20260924,1.78,20260630,-9.430786083984144,-1.8854072923823024,-5.298194429204575
000877.SZ,20260924,3.77,20260630,-20.89038935596287,10.138019296306627,-5.54121733579917
600153.SS,20260924,8.43,20260630,-47.29272764892444,14.308845793994069,-5.61005072940978
688121.SS,20260924,1.16,20260630,-6.512231931872117,9.64741752410811,-5.6139930447173425
601881.SS,20260924,11.86,20260630,-66.69174582450079,11.044063239372376,-5.623250069519459
600958.SS,20260924,8.71,20260630,-50.40168065031761,9.518257034613924,-5.7866453100249835
000776.SZ,20260924,20.37,20260630,-123.09723692964693,17.65498618119769,-6.043065141367055
601992.SS,20260924,1.4,20260630,-8.519314270591858,3.507725397928537,-6.085224478994185
601828.SS,20260924,2.16,20260630,-13.318540210381315,5.163120934645836,-6.165990838139497
601211.SS,20260924,17.21,20260630,-111.77753023495721,19.470393591124218,-6.494917503483858
000617.SZ,20260924,6.67,20260630,-43.82132223174017,8.466834555544231,-6.569913378071989
002423.SZ,20260924,9.05,20260630,-60.104936380790626,10.022946539678417,-6.6414294343415055
601628.SS,20260924,37.43,20260630,-259.5654696621263,23.499133203608704,-6.93469061346851
601186.SS,20260924,5.98,20260630,-42.41521849558696,22.28484716200296,-7.0928459022720665
000900.SZ,20260924,3.55,20260630,-25.26260306457028,8.213694942790546,-7.11622621537191
000488.SZ,20260924,2.11,20260630,-15.467991641795864,0.0554229092389222,-7.3308017259696046
000709.SZ,20260924,2.01,20260630,-14.884657597662976,5.0208678546067285,-7.405302287394516
600697.SS,20260924,11.38,20260630,-84.3881929050936,14.127005345938093,-7.415482680588189
000415.SZ,20260924,4.11,20260630,-31.770311390361925,5.083923431859367,-7.730002771377597
601390.SS,20260924,4.25,20260630,-34.24407273806413,13.164727851875828,-8.057428879544503
002307.SZ,20260924,2.93,20260630,-23.89406928516928,3.3145496239248686,-8.154972452276205
600325.SS,20260924,2.67,20260630,-22.990160888995256,2.1890002687209824,-8.610547149436426
600491.SS,20260924,1.62,20260630,-14.009759601478915,4.104306622154483,-8.64799975399933
000402.SZ,20260924,2.63,20260630,-23.793658002298546,6.497948297320176,-9.047018251824543
601601.SS,20260924,30.88,20260630,-294.55488565488565,33.18045738045738,-9.53869448364267
601336.SS,20260924,57.58,20260630,-564.6797435653317,39.61408499375069,-9.806872934444803
601800.SS,20260924,5.8,20260630,-57.8165450729519,18.021387018446383,-9.96836984016412
601669.SS,20260924,4.54,20260630,-49.69049667142897,13.0390089590747,-10.94504331969801
600502.SS,20260924,4.16,20260630,-45.86946302485515,13.101316846786398,-11.026313227128641
600036.SS,20260924,40.69,20260630,-472.5378180342576,45.402497699629095,-11.61311914559493
601318.SS,20260924,53.25,20260630,-691.5680683326963,56.77624949731169,-12.987193771506034
600340.SS,20260924,1.17,20260630,-15.51878856098021,-5.592326323511667,-13.263921846991634
601939.SS,20260924,10.98,20260630,-155.75019365128523,13.915048541156368,-14.184899239643462
600376.SS,20260924,3.19,20260630,-48.01600400847702,0.4846332163441362,-15.052038874130726
002142.SZ,20260924,34.91,20260630,-537.2422368375026,37.49369093270616,-15.389350811730239
601398.SS,20260924,8.13,20260630,-130.95719865546582,12.14062299697505,-16.10789651358743
601128.SS,20260924,6.17,20260630,-100.3447001915202,8.997472437618878,-16.263322559403598
002807.SZ,20260924,4.16,20260630,-67.89649705785945,6.946400673385308,-16.32127333121621
601988.SS,20260924,6.62,20260630,-108.18071793439991,8.846185929725852,-16.3414981774018
601838.SS,20260924,19.04,20260630,-313.41671772717996,21.758864769661443,-16.46096206550315
601825.SS,20260924,8.7,20260630,-148.88264528261038,13.800610175143326,-17.11294773363338
600926.SS,20260924,17.23,20260630,-297.6588968165691,23.97752201233742,-17.275617923190314
002146.SZ,20260924,1.2,20260630,-21.32531159760106,1.172401541130424,-17.771092998000885
601665.SS,20260924,6.97,20260630,-125.41193511111675,8.452792669556244,-17.993104033158787
601998.SS,20260924,9.01,20260630,-162.8534390824489,14.048966197636371,-18.074743516365025
601288.SS,20260924,6.87,20260630,-126.77486937468397,8.253311983819316,-18.453401655703633
002966.SZ,20260924,9.2,20260630,-176.27599827497582,11.850888078767753,-19.160434595106068
601328.SS,20260924,7.56,20260630,-147.27433932835214,12.512782663540817,-19.480732715390495
601009.SS,20260924,11.95,20260630,-235.65683204531507,16.02736200645008,-19.720236991239755
002839.SZ,20260924,4.25,20260630,-84.33509271101764,7.870817828351261,-19.843551226121797
600908.SS,20260924,5.83,20260630,-119.05217840215576,10.904657713509293,-20.420613791107336
600919.SS,20260924,12.26,20260630,-251.4037063249409,14.367546840715356,-20.506011935150156
601077.SS,20260924,6.64,20260630,-140.0659611693229,12.323230870828564,-21.094271260440195
603323.SS,20260924,4.41,20260630,-94.07029575600654,8.983383037997498,-21.33113282449128
002948.SZ,20260924,6.04,20260630,-131.8956969119581,7.509148668766768,-21.837035912575846
601229.SS,20260924,9.51,20260630,-209.87204856007503,18.09339118570932,-22.06856451735805
601528.SS,20260924,4.97,20260630,-114.3246557452528,10.397401585816032,-23.00294884210318
601187.SS,20260924,6.92,20260630,-161.69250070477824,10.411517364826564,-23.365968309939053
000001.SZ,20260924,11.3,20260630,-271.49867375508853,24.12738217279904,-24.026431305760045
601963.SS,20260924,11.03,20260630,-273.4516124405886,16.41959116625209,-24.79162397466805
601658.SS,20260924,5.33,20260630,-132.65173891033783,8.003760640529718,-24.887755893121543
601166.SS,20260924,17.88,20260630,-472.35836744182967,39.63500207438881,-26.418253212630297
600928.SS,20260924,3.48,20260630,-92.87575956445893,8.065141719613148,-26.688436656453717
002958.SZ,20260924,2.89,20260630,-78.96871248310266,6.982391649339616,-27.324814007994
601860.SS,20260924,2.53,20260630,-71.83302845372647,5.685524949994458,-28.39250136510928
600000.SS,20260924,9.0,20260630,-263.4978438412027,22.53349729505984,-29.27753820457808
601577.SS,20260924,9.67,20260630,-295.76401410996846,18.89005071173979,-30.585730518093946
600606.SS,20260924,1.43,20260630,-44.222554973469016,2.7362436060703987,-30.9248636178105
601997.SS,20260924,5.5,20260630,-183.25367090970485,19.423705041083227,-33.318849256309974
601818.SS,20260924,3.0,20260630,-108.45368946462055,9.097181813536782,-36.151229821540184
601169.SS,20260924,5.49,20260630,-202.0605038531931,14.09616542300746,-36.80519195868727
601916.SS,20260924,2.84,20260630,-121.00622779053033,6.61432396191233,-42.607826686806455
600015.SS,20260924,6.23,20260630,-279.63287047230125,20.127015340565787,-44.8848909265331
002936.SZ,20260924,1.71,20260630,-77.4977429565771,5.164143226375178,-45.32031751846614
600016.SS,20260924,3.46,20260630,-157.16054884952794,13.699562831373022,-45.42212394495027
601155.SS,20260924,12.56,20260630,-inf,0.0,-inf
