market,factor,group,h,ic,icir,t,n_dates
CN,ma3,current24,1,0.0250437013164461,0.14034583950086346,1.5940223184795985,129
CN,ma3,current24,3,0.01045831659869776,0.060005747493021344,0.6815342804682055,129
CN,ma3,current24,7,0.013072200265865846,0.0792937280793054,0.9006036283183699,129
CN,ma3,current24,31,0.013826453764247187,0.08675486922126134,0.9853459017188646,129
CN,ma3,current24,127,0.01905363876149678,0.12461137190288521,1.415313119761833,129
CN,ma7,current24,1,0.04450999071016783,0.22956474597165297,2.60735430359988,129
CN,ma7,current24,3,0.028857150480302813,0.14617084047925222,1.6601816118205317,129
CN,ma7,current24,7,0.021330703693517864,0.11045083072484779,1.2544802888078228,129
CN,ma7,current24,31,0.03583106060161861,0.20207212303248165,2.2950981318854793,129
CN,ma7,current24,127,0.031541331989816644,0.21777170648020994,2.4734111228192637,129
CN,ma31,current24,1,0.027815669767076782,0.13486875123129663,1.5318145539101427,129
CN,ma31,current24,3,0.02438965822241911,0.11530180846725763,1.309576804781148,129
CN,ma31,current24,7,0.0320874583358714,0.15551006056273414,1.7662547615712338,129
CN,ma31,current24,31,0.050146083353413,0.25515207620265545,2.8979705099910547,129
CN,ma31,current24,127,0.03670901208804931,0.21849418156317682,2.48161686237585,129
CN,rsi3,current24,1,-0.029172268513802675,-0.18284079669080203,-2.0766722525603334,129
CN,rsi3,current24,3,-0.018898810142952558,-0.11037588808668236,-1.253629104061155,129
CN,rsi3,current24,7,-0.010964053563128203,-0.06544739899817931,-0.7433395607633618,129
CN,rsi3,current24,31,-0.0068481591383692956,-0.04344543527936739,-0.4934452899898502,129
CN,rsi3,current24,127,-0.005798996507046153,-0.04198023672548317,-0.47680383339803506,129
CN,rsi31,current24,1,-0.003472744152748308,-0.01875542036425722,-0.21302062647114545,129
CN,rsi31,current24,3,-0.01759264549842937,-0.09207576417878682,-1.0457796512817008,129
CN,rsi31,current24,7,-0.027894049580759934,-0.1525738219428452,-1.7329055015637371,129
CN,rsi31,current24,31,-0.04039940658949657,-0.21798183996680043,-2.4757977804407254,129
CN,rsi31,current24,127,-0.02174624479587982,-0.1278273724106854,-1.4518398640095218,129
CN,atr3,current24,1,-0.03175385931495951,-0.16802610031436563,-1.9084096467750498,129
CN,atr3,current24,3,-0.059028662874316865,-0.2837875652017853,-3.2232071449175157,129
CN,atr3,current24,7,-0.05455803927360874,-0.2549193490747322,-2.8953272379329396,129
CN,atr3,current24,31,-0.05586612794709611,-0.2693120104835757,-3.058796447918858,129
CN,atr3,current24,127,-0.06667510022845392,-0.3681113451888588,-4.1809411807535515,129
CN,atr7,current24,1,-0.02808897428602468,-0.13854078930988714,-1.5735208892913508,129
CN,atr7,current24,3,-0.06188045982616241,-0.2812649624769711,-3.1945558855833434,129
CN,atr7,current24,7,-0.05865883820217011,-0.2586067789150987,-2.93720839012296,129
CN,atr7,current24,31,-0.05510191237405639,-0.25228246826691497,-2.8653780290801523,129
CN,atr7,current24,127,-0.0663864370002788,-0.33744501894694673,-3.832638668693094,129
CN,obv3,current24,1,-0.03318031420893133,-0.19530916040775964,-2.2182856421017414,129
CN,obv3,current24,3,-0.0267865758780706,-0.14901229655942974,-1.692454349116422,129
CN,obv3,current24,7,-0.021909424123416666,-0.12525209007898444,-1.4225902793569447,129
CN,obv3,current24,31,-0.021613368162689973,-0.13322689487835304,-1.5131666504194696,129
CN,obv3,current24,127,-0.015641523284844968,-0.11403535270216152,-1.2951926323531655,129
CN,obv7,current24,1,-0.039933135338026594,-0.23433484754162945,-2.6615322428319885,129
CN,obv7,current24,3,-0.034355137849741466,-0.20773581072772607,-2.359425258526539,129
CN,obv7,current24,7,-0.027478142984912607,-0.1566861984632496,-1.7796131202493324,129
CN,obv7,current24,31,-0.0431325026800616,-0.2607596203566386,-2.9616599685820515,129
CN,obv7,current24,127,-0.03564472444333255,-0.25308617638322084,-2.874506398538706,129
CN,obv31,current24,1,-0.0035517754068900517,-0.02110306263312429,-0.23968471701839086,129
CN,obv31,current24,3,-0.024408800229611595,-0.14450027472144644,-1.641207632172109,129
CN,obv31,current24,7,-0.04048108542237183,-0.2557200848615374,-2.9044218482178783,129
CN,obv31,current24,31,-0.0535235110192036,-0.348182038003003,-3.9545877629460033,129
CN,obv31,current24,127,-0.04579573571411775,-0.30798992083233684,-3.4980930636742467,129
CN,corr3,current24,1,-0.014689374814382835,-0.13174838931163338,-1.4963740552151568,129
CN,corr3,current24,3,-0.01311184802103856,-0.11653819822230625,-1.3236194929783631,129
CN,corr3,current24,7,-0.015540166848864279,-0.13386830462394775,-1.5204516647341404,129
CN,corr3,current24,31,-0.019319298990249638,-0.17977786228320503,-2.0418840050204508,129
CN,corr3,current24,127,-0.022548436872168755,-0.2144015225659139,-2.4351331917037085,129
CN,corr7,current24,1,-0.02038874839601146,-0.1762462240035141,-2.0017723048186817,129
CN,corr7,current24,3,-0.03497852984623537,-0.26349337807152334,-2.9927094875869615,129
CN,corr7,current24,7,-0.04025374862633874,-0.3122285344348267,-3.546234459997851,129
CN,corr7,current24,31,-0.049307655215688174,-0.38121813874960336,-4.329805739431139,129
CN,corr7,current24,127,-0.04571243448710535,-0.40125069788913265,-4.557331874001559,129
CN,corr31,current24,1,0.006955466612570929,0.04452541312417053,0.5057114803821141,129
CN,corr31,current24,3,-0.013942346369525535,-0.08908893929564365,-1.0118558417690495,129
CN,corr31,current24,7,-0.017119165409393747,-0.10672729030376239,-1.2121889992613697,129
CN,corr31,current24,31,-0.02680344042955273,-0.18667306274101897,-2.1201984278721415,129
CN,corr31,current24,127,-0.03882542486405672,-0.29443650751573713,-3.3441558796788087,129
CN,curvature,current24,1,-0.031356778176781,-0.18854495373231314,-2.1414590226179193,129
CN,curvature,current24,3,-0.007688307484695528,-0.04549266058839639,-0.5166972997762069,129
CN,curvature,current24,7,0.00969407735496893,0.059784057244140903,0.6790163632591062,129
CN,curvature,current24,31,-0.0009276876546403798,-0.005821917159169717,-0.06612426788753345,129
CN,curvature,current24,127,-0.011790063954745321,-0.09194736440849866,-1.0443213102275242,129
CN,vma_3_7,current24,1,-0.01806095202630211,-0.1438011692089116,-1.6332673199126506,129
CN,vma_3_7,current24,3,-0.005759068657444065,-0.04152147729327368,-0.4715933278614569,129
CN,vma_3_7,current24,7,0.0012805716412203176,0.009295380605107088,0.10557522899146528,129
CN,vma_3_7,current24,31,-0.0039718672937774325,-0.029382908705823805,-0.3337256909467807,129
CN,vma_3_7,current24,127,-0.018512327299534028,-0.15474314735466027,-1.7575443019355634,129
CN,factor,current24,1,-0.013998802108478266,-0.10780608854575191,-1.2244417919411077,129
CN,factor,current24,3,0.0022764919956843547,0.017092759540694908,0.19413642961681912,129
CN,factor,current24,7,0.0101316255076602,0.07880269534634114,0.8950265685477863,129
CN,factor,current24,31,0.005722642650944638,0.04303188014899716,0.4887482066272343,129
CN,factor,current24,127,-0.014986131496019102,-0.13345839423086153,-1.5157959776294851,129
CN,overnight3,current24,1,0.016365877421716805,0.09631930671062677,1.0939770294813493,129
CN,overnight3,current24,3,0.006019009059772939,0.03601227264425332,0.40902079134137015,129
CN,overnight3,current24,7,0.015022218676767028,0.0929945999206187,1.0562156192071182,129
CN,overnight3,current24,31,0.02090422690019734,0.13642853395389956,1.5495302801521926,129
CN,overnight3,current24,127,0.030573994466067164,0.20982445210955233,2.383147664475813,129
CN,overnight7,current24,1,0.041991294736639755,0.21861467231426507,2.482985374239744,129
CN,overnight7,current24,3,0.028560828579098762,0.14448924363931198,1.6410823431633157,129
CN,overnight7,current24,7,0.022896573771066988,0.11919826967343904,1.353832096906889,129
CN,overnight7,current24,31,0.037997689734129855,0.21888862470527612,2.486096875279073,129
CN,overnight7,current24,127,0.035800300096155,0.24991435396564293,2.8384814209415468,129
CN,overnight31,current24,1,0.02778931727867228,0.13489882991272756,1.5321561820601604,129
CN,overnight31,current24,3,0.024670611149006948,0.11653744417969002,1.3236109287005504,129
CN,overnight31,current24,7,0.0324578534149969,0.15725608569179186,1.7860857949259994,129
CN,overnight31,current24,31,0.051072915023603005,0.2600778160644369,2.9539161604116786,129
CN,overnight31,current24,127,0.03838959542291509,0.22879111876157407,2.598567587560169,129
CN,alpha15_wq,current24,1,0.018547081581544316,0.14949505539738545,1.6444456093712398,121
CN,alpha15_wq,current24,3,0.02490701526265195,0.2066989922842808,2.2736889151270887,121
CN,alpha15_wq,current24,7,0.015431261143501518,0.12379145499309463,1.361706004924041,121
CN,alpha15_wq,current24,31,0.031439001887987116,0.22769607309117693,2.504656804002946,121
CN,alpha15_wq,current24,127,0.03504871351851338,0.24432543782476426,2.687579816072407,121
CN,alpha128_gtja,current24,1,0.039345642500509447,0.22158503982435113,2.516722263925987,129
CN,alpha128_gtja,current24,3,0.03492213425834648,0.2032449043893162,2.3084183675557326,129
CN,alpha128_gtja,current24,7,0.025956932433922605,0.15499722141969424,1.7604300285923093,129
CN,alpha128_gtja,current24,31,0.03484500710338559,0.21600574463610464,2.4533536519095547,129
CN,alpha128_gtja,current24,127,0.03690498114413047,0.2770819178145993,3.1470456310953465,129
CN,alpha101_gtja,current24,1,-0.020813939185822552,-0.11163601330779827,-1.2679413753310518,129
CN,alpha101_gtja,current24,3,-0.01162395611123046,-0.06102422841218683,-0.6931020000519799,129
CN,alpha101_gtja,current24,7,-0.01717973380776516,-0.08948592884678853,-1.016364776319434,129
CN,alpha101_gtja,current24,31,-0.030623513594068088,-0.16653016667959317,-1.8914191067685044,129
CN,alpha101_gtja,current24,127,-0.01966468991229373,-0.12504060493567387,-1.4201882698662265,129
CN,aplha22_3_7,current24,1,-0.0038885856933608474,-0.034555585602230154,-0.3924760069410413,129
CN,aplha22_3_7,current24,3,-0.00887413595215091,-0.08825581350407362,-1.0023933517473522,129
CN,aplha22_3_7,current24,7,-0.011375976815418675,-0.10709038259206499,-1.2163129349140442,129
CN,aplha22_3_7,current24,31,-0.012014954596196522,-0.10018922700008406,-1.137930874740111,129
CN,aplha22_3_7,current24,127,0.0010722247289127215,0.010764612057567355,0.12226249050604301,129
CN,aplha22_7_31,current24,1,0.021082626444374943,0.20907136247375918,2.3745942104401303,129
CN,aplha22_7_31,current24,3,0.029973876985571798,0.2577472053154318,2.9274455107450046,129
CN,aplha22_7_31,current24,7,0.029387075356640077,0.2600356537496313,2.9534372885688227,129
CN,aplha22_7_31,current24,31,0.03174290383081212,0.28484013014775605,3.2351619846298565,129
CN,aplha22_7_31,current24,127,0.013376057932511665,0.12605562996070663,1.4317167380379356,129
CN,mom1,new,1,-0.0325790416737189,-0.19024951572365506,-2.1608191252550504,129
CN,mom1,new,3,-0.008482269906601106,-0.05010742624542523,-0.569110962183434,129
CN,mom1,new,7,-0.0026177041744222846,-0.01583293577391817,-0.17982758221004722,129
CN,mom1,new,31,-0.009941405359230751,-0.06523503980658939,-0.740927623992507,129
CN,mom1,new,127,-0.01946483952484309,-0.13769533761696254,-1.5639184039415097,129
CN,mom3,new,1,-0.0356930339258567,-0.2091068958768892,-2.3749977923193097,129
CN,mom3,new,3,-0.026708203814603447,-0.14465093196062145,-1.6429187694779213,129
CN,mom3,new,7,-0.02314152232009951,-0.127563434844198,-1.4488421095113306,129
CN,mom3,new,31,-0.02251061472252377,-0.1310616518972444,-1.488574217547263,129
CN,mom3,new,127,-0.014529326939890569,-0.10046388767137124,-1.1410504202969827,129
CN,mom7,new,1,-0.04114127791673237,-0.2187835016532176,-2.4849029069237307,129
CN,mom7,new,3,-0.027124396191570727,-0.14512950876170302,-1.6483543570574584,129
CN,mom7,new,7,-0.02136811298821041,-0.1090061184217721,-1.238071511297389,129
CN,mom7,new,31,-0.03946111897961631,-0.21366159551097708,-2.42672923584858,129
CN,mom7,new,127,-0.03194081890819949,-0.20970944605859296,-2.3818414468305917,129
CN,mom31,new,1,-0.012034858834489522,-0.061398282818588626,-0.697350441432577,129
CN,mom31,new,3,-0.026082489016499514,-0.12895753499153456,-1.464676043434513,129
CN,mom31,new,7,-0.039939708604568296,-0.20263394519533987,-2.301479205024502,129
CN,mom31,new,31,-0.05532203646591645,-0.276200400001169,-3.1370335133600253,129
CN,mom31,new,127,-0.034908819346013406,-0.20104720856303615,-2.2834573412169483,129
CN,mom127,new,1,-0.01912802635590073,-0.11120246006268684,-1.2630171570470279,129
CN,mom127,new,3,-0.02956675763334002,-0.16372927626455128,-1.859607106861198,129
CN,mom127,new,7,-0.033131525089905474,-0.1780136770537974,-2.0218467125748094,129
CN,mom127,new,31,-0.03382969643954426,-0.18031422621596396,-2.0479759282487127,129
CN,mom127,new,127,-0.023225924166108084,-0.11968552684558206,-1.3593662745497574,129
CN,ma127,new,1,0.030502733549459246,0.15067445070715957,1.7113327912395206,129
CN,ma127,new,3,0.04647516909448198,0.2251997124875816,2.5577770534350988,129
CN,ma127,new,7,0.05638276463810205,0.2728475638047321,3.0989526144439314,129
CN,ma127,new,31,0.05821676024435847,0.2868402368223334,3.2578788296033516,129
CN,ma127,new,127,0.03612833488651893,0.1954489956464107,2.2198738651093657,129
CN,std3,new,1,-0.020421846687951092,-0.12195562920790214,-1.385149681052158,129
CN,std3,new,3,-0.020970435457023914,-0.11784403039513516,-1.3384508954273484,129
CN,std3,new,7,-0.013031524144980197,-0.07640365829007031,-0.8677787454263052,129
CN,std3,new,31,-0.013711371897635417,-0.0828240732137773,-0.9407006412137856,129
CN,std3,new,127,-0.03819376573256619,-0.2544233546809862,-2.8896938245287114,129
CN,std7,new,1,-0.014127491350036438,-0.07297496068992859,-0.8288362265929647,129
CN,std7,new,3,-0.03023557067455097,-0.15134994307321134,-1.7190049097097126,129
CN,std7,new,7,-0.02528739996018118,-0.12963356386169952,-1.4723542554200766,129
CN,std7,new,31,-0.01901670220664681,-0.09513861584402286,-1.0805669590490152,129
CN,std7,new,127,-0.03253289306505338,-0.19196734691395895,-2.180329937021636,129
CN,std31,new,1,-0.014819594768354236,-0.07323832623573119,-0.831827484185074,129
CN,std31,new,3,-0.037562878941731895,-0.17533208752529686,-1.9913897102679845,129
CN,std31,new,7,-0.028244843231873148,-0.13206745975074402,-1.4999979987742842,129
CN,std31,new,31,-0.019167006386394642,-0.09239414746688242,-1.0493957903055595,129
CN,std31,new,127,-0.05541698306430158,-0.3132024524254164,-3.5572960420076205,129
CN,std127,new,1,-0.029878178820613582,-0.15406384607733983,-1.7498289225493877,129
CN,std127,new,3,-0.04810635907605262,-0.2327954752358343,-2.6440483343626404,129
CN,std127,new,7,-0.035719041575541274,-0.16080833019096982,-1.826431536791409,129
CN,std127,new,31,-0.014534975562163278,-0.06391080351344117,-0.725887190918565,129
CN,std127,new,127,-0.04369151723399036,-0.22760190059778765,-2.585060665649561,129
CN,rsi7,new,1,-0.030441280134915205,-0.17283011551336094,-1.9629727707889018,129
CN,rsi7,new,3,-0.01758087591566168,-0.09978866423232326,-1.1333813562504036,129
CN,rsi7,new,7,-0.007099146725627885,-0.03884469975378501,-0.44119097924375106,129
CN,rsi7,new,31,-0.01199085799378204,-0.06810905023291415,-0.7735701075844525,129
CN,rsi7,new,127,-0.0075428152408858464,-0.05008313343066273,-0.5688350488464385,129
CN,rsi127,new,1,-0.017473691713293757,-0.10370195252999424,-1.1778277673967361,129
CN,rsi127,new,3,-0.028541731038895443,-0.16216767821276556,-1.841870762443055,129
CN,rsi127,new,7,-0.0342650198298746,-0.19277269777394984,-2.189476964461835,129
CN,rsi127,new,31,-0.036816384347830064,-0.20674055246703424,-2.3481212976408004,129
CN,rsi127,new,127,-0.022033165984300867,-0.11564935515927177,-1.313524176400817,129
CN,atr31,new,1,-0.035898292989767856,-0.16561409420582632,-1.8810145235352396,129
CN,atr31,new,3,-0.07056988512023915,-0.30630319362300107,-3.4789355252218757,129
CN,atr31,new,7,-0.06186329922467082,-0.2569086692660103,-2.9179215720063763,129
CN,atr31,new,31,-0.05037469237216433,-0.20737170498682514,-2.355289812265027,129
CN,atr31,new,127,-0.0749461977924318,-0.36514200965054827,-4.1472160120135655,129
CN,atr127,new,1,-0.028193506330461804,-0.12949943412818732,-1.4708308344939514,129
CN,atr127,new,3,-0.04748418416004029,-0.20304261805190013,-2.306120836416146,129
CN,atr127,new,7,-0.030985544027400294,-0.1289662910529519,-1.4647754931750314,129
CN,atr127,new,31,-0.01480075955479676,-0.06029711789717509,-0.6848436121079413,129
CN,atr127,new,127,-0.05585168133751357,-0.25946643656984786,-2.946972224183132,129
CN,obv127,new,1,-0.003379275967355824,-0.019845476210648964,-0.22540128095807035,129
CN,obv127,new,3,-0.009159563377754327,-0.04827131902385701,-0.5482567929347382,129
CN,obv127,new,7,0.006024556107043558,0.030875389282685062,0.350677011754545,129
CN,obv127,new,31,0.03144857069500653,0.16811099931016715,1.9093739140066646,129
CN,obv127,new,127,0.018533375042695928,0.11204805020908469,1.2726212149260383,129
CN,corr127,new,1,0.0036420822148699426,0.024070758575956464,0.2733912635334853,129
CN,corr127,new,3,-0.015209968712255169,-0.10022276622677292,-1.1383118071288212,129
CN,corr127,new,7,-0.018040560754865834,-0.12482608762702571,-1.4177518215974252,129
CN,corr127,new,31,-0.0186734532954175,-0.13999863698768103,-1.5900788559800094,129
CN,corr127,new,127,-0.004798409939597842,-0.03403336965898425,-0.38654477398422293,129
CN,overnight127,new,1,0.03033977136445258,0.14963304830660593,1.6995047336718399,129
CN,overnight127,new,3,0.04665490263084448,0.22580908551135012,2.564698200535868,129
CN,overnight127,new,7,0.05654171241310755,0.27368487661502483,3.1084626598567655,129
CN,overnight127,new,31,0.058697296202950736,0.28948819683123983,3.2879538739912006,129
CN,overnight127,new,127,0.03679839699907132,0.1991117104172564,2.2614743080702495,129
CN,vma3_7,new,1,-0.01806095202630211,-0.1438011692089116,-1.6332673199126506,129
CN,vma3_7,new,3,-0.005759068657444065,-0.04152147729327368,-0.4715933278614569,129
CN,vma3_7,new,7,0.0012805716412203176,0.009295380605107088,0.10557522899146528,129
CN,vma3_7,new,31,-0.0039718672937774325,-0.029382908705823805,-0.3337256909467807,129
CN,vma3_7,new,127,-0.018512327299534028,-0.15474314735466027,-1.7575443019355634,129
CN,vma7_31,new,1,0.007125168671576257,0.05341329229944907,0.6066583828320217,129
CN,vma7_31,new,3,0.003375797848532905,0.022222998303945283,0.2524047410739604,129
CN,vma7_31,new,7,-0.003494906770577089,-0.02208161853472964,-0.2507989755713083,129
CN,vma7_31,new,31,-0.012218913799755229,-0.08961366353120166,-1.0178155634501576,129
CN,vma7_31,new,127,-0.011389452997613876,-0.09116314152614513,-1.0354142504843942,129
CN,vma31_127,new,1,0.0007794004255416263,0.005182401851059366,0.05886077024654363,129
CN,vma31_127,new,3,-0.02383778916098589,-0.15914366928919627,-1.8075246234153906,129
CN,vma31_127,new,7,-0.038949192281264255,-0.24623863680278613,-2.7967332991956493,129
CN,vma31_127,new,31,-0.0591299720713144,-0.3695516627642435,-4.1973000437524615,129
CN,vma31_127,new,127,-0.05478852976934531,-0.39927580061412254,-4.534901352767253,129
CN,rsv7,new,1,-0.03125178410841005,-0.16923919167615012,-1.9221877160923622,129
CN,rsv7,new,3,-0.01283509908805451,-0.07240682033920492,-0.8223833926343437,129
CN,rsv7,new,7,-0.002445101183850182,-0.013775348584184482,-0.15645788408206648,129
CN,rsv7,new,31,-0.007012811217459933,-0.04207028815188661,-0.4778266209919425,129
CN,rsv7,new,127,-0.011491248046915216,-0.08256539117953182,-0.9377625780874151,129
CN,rsv31,new,1,-0.021546707940266686,-0.11584655996333768,-1.3157639924161002,129
CN,rsv31,new,3,-0.013268681835267367,-0.06983754984332997,-0.7932020893110584,129
CN,rsv31,new,7,-0.018980110037273203,-0.09931122600235141,-1.127958700352821,129
CN,rsv31,new,31,-0.03130245892818035,-0.1691027256970552,-1.9206377605171625,129
CN,rsv31,new,127,-0.018992780882998057,-0.12063267470723478,-1.3701238063422503,129
CN,rsv127,new,1,-0.01740384061351126,-0.09086884428952523,-1.0320716764180207,129
CN,rsv127,new,3,-0.022951544497643844,-0.11884497180547908,-1.3498194044850667,129
CN,rsv127,new,7,-0.029490020574242673,-0.15553865089597907,-1.7665794853353816,129
CN,rsv127,new,31,-0.03327888354745165,-0.1825142767375095,-2.072963698784687,129
CN,rsv127,new,127,-0.010208708651790915,-0.05908208722560008,-0.6710435164655201,129
CN,rank7,new,1,-0.03868454957003645,-0.21413852510146594,-2.4321461147121526,129
CN,rank7,new,3,-0.022019510826931824,-0.1264192060222703,-1.4358461682986299,129
CN,rank7,new,7,-0.013834649779530465,-0.08219183576589426,-0.9335198041751647,129
CN,rank7,new,31,-0.015957849932775752,-0.10111799889805624,-1.1484796957055892,129
CN,rank7,new,127,-0.021548316790391705,-0.16364685655695638,-1.8586709989305596,129
CN,rank31,new,1,-0.024714737686827665,-0.13340454945717864,-1.5151844185601944,129
CN,rank31,new,3,-0.019250884190902373,-0.10240343424925774,-1.1630794347934388,129
CN,rank31,new,7,-0.021701098142488873,-0.11554488766534335,-1.3123376537545468,129
CN,rank31,new,31,-0.036832257597475444,-0.2059875462357642,-2.3395687908984026,129
CN,rank31,new,127,-0.02499519143168467,-0.16847757982231248,-1.9135374682663244,129
CN,rank127,new,1,-0.016274362451958912,-0.08401953024744145,-0.9542784230648276,129
CN,rank127,new,3,-0.024919209104123093,-0.1256306570699612,-1.4268899738459497,129
CN,rank127,new,7,-0.025954237738512916,-0.13797953418046643,-1.5671462564141698,129
CN,rank127,new,31,-0.03186421569596165,-0.17562054691047607,-1.994665979087822,129
CN,rank127,new,127,-0.017730557044915097,-0.10564327670375637,-1.1998769715012993,129
CN,maspread3_7,new,1,-0.04094868834616294,-0.2114430235364489,-2.4015311020447667,129
CN,maspread3_7,new,3,-0.032752420617037724,-0.16535204078096544,-1.8780381687722638,129
CN,maspread3_7,new,7,-0.020793954023727617,-0.10468737030093504,-1.1890199618037274,129
CN,maspread3_7,new,31,-0.03167459153475521,-0.16475615655125145,-1.8712702249217565,129
CN,maspread3_7,new,127,-0.02473689698722016,-0.1662413789315308,-1.8881391084632322,129
CN,maspread7_31,new,1,-0.01325661964362257,-0.06833908613886525,-0.7761828132367312,129
CN,maspread7_31,new,3,-0.018656901803593508,-0.09238685030507675,-1.049312910479402,129
CN,maspread7_31,new,7,-0.02924661718434326,-0.14654155365838442,-1.6643921041542757,129
CN,maspread7_31,new,31,-0.042130915467025215,-0.2091228179139989,-2.3751786318981587,129
CN,maspread7_31,new,127,-0.025359378092807115,-0.1460895950168386,-1.6592588407514135,129
CN,maspread31_127,new,1,-0.01888935218023069,-0.10274239395157067,-1.1669292769581485,129
CN,maspread31_127,new,3,-0.035828796554083525,-0.1858204545823638,-2.110514660696373,129
CN,maspread31_127,new,7,-0.03986778883901303,-0.1982738727855745,-2.251958301832282,129
CN,maspread31_127,new,31,-0.0320855544434498,-0.16393016688690915,-1.861888785725,129
CN,maspread31_127,new,127,-0.01208367942889115,-0.0664747383998413,-0.7550078933674973,129
CN,skew31,new,1,-0.02244973582021616,-0.169725301369666,-1.9277088608833257,129
CN,skew31,new,3,-0.029672199042790465,-0.2165110798794099,-2.459093156970821,129
CN,skew31,new,7,-0.03536592305239127,-0.2543734489974961,-2.8891270049237616,129
CN,skew31,new,31,-0.03756374208348757,-0.2820642524791714,-3.2036340749117644,129
CN,skew31,new,127,-0.03934577943575453,-0.33821339995131217,-3.8413657992899846,129
CN,skew127,new,1,-0.02860213530182795,-0.228174650306904,-2.5915658518558726,129
CN,skew127,new,3,-0.03790771994947385,-0.30091565129733633,-3.4177448070687366,129
CN,skew127,new,7,-0.041089401634213825,-0.32707638680797313,-3.714873645515994,129
CN,skew127,new,31,-0.04468964500303905,-0.3522413429226879,-4.000692604119097,129
CN,skew127,new,127,-0.0453508743585749,-0.34678320439811666,-3.9387000672796533,129
CN,amihud7,new,1,-0.027724019560649217,-0.1601211820193581,-1.8186270338182748,129
CN,amihud7,new,3,-0.03570130143217705,-0.200177739209784,-2.273582067683746,129
CN,amihud7,new,7,-0.029523983224368996,-0.16295328559503963,-1.8507935470824923,129
CN,amihud7,new,31,-0.03394971242639006,-0.19256907071181972,-2.187164205616712,129
CN,amihud7,new,127,-0.05432062369259895,-0.35886119754793994,-4.0758796994777535,129
CN,amihud31,new,1,-0.030364439027784105,-0.16444237343777487,-1.8677063338379702,129
CN,amihud31,new,3,-0.047052785558307685,-0.25021396442404226,-2.841884341606933,129
CN,amihud31,new,7,-0.0444632621353828,-0.2368457868189122,-2.6900510308671053,129
CN,amihud31,new,31,-0.046138895182107835,-0.2587250445585425,-2.9385516296221095,129
CN,amihud31,new,127,-0.0630622350315023,-0.4129100878820868,-4.689757088277414,129
CN,amihud127,new,1,-0.027191479101730604,-0.14263844953156415,-1.6200613629536216,129
CN,amihud127,new,3,-0.04902390997461095,-0.2621953507169996,-2.977966730833598,129
CN,amihud127,new,7,-0.05231349361394851,-0.2790088020294406,-3.1689308287934534,129
CN,amihud127,new,31,-0.06592234690539754,-0.35078680128917183,-3.9841721868753206,129
CN,amihud127,new,127,-0.07283664486456887,-0.45360479004390614,-5.151960055750639,129
DE,ma3,current24,1,0.02553248097133018,0.1887150088326906,1.533127979287993,66
DE,ma3,current24,3,0.04044880117964985,0.26918199093326417,2.1868448321782075,66
DE,ma3,current24,7,0.03764452631100654,0.25256793736251576,2.051871622912768,66
DE,ma3,current24,31,0.040489089390447354,0.3152356423846794,2.5609864652432233,66
DE,ma3,current24,127,0.029347888562846047,0.2789288723018572,2.2660288707420877,66
DE,ma7,current24,1,0.020908097731690237,0.14155898596528949,1.1500306385033348,66
DE,ma7,current24,3,0.03077594968846752,0.1905703789673637,1.548201077516892,66
DE,ma7,current24,7,0.024194969867403347,0.15513872731519843,1.2603529787550178,66
DE,ma7,current24,31,0.02624068024342365,0.19023315697815674,1.5454614731256868,66
DE,ma7,current24,127,0.017092871681889193,0.17275727449669442,1.403486732691382,66
DE,ma31,current24,1,-0.0006916441767234724,-0.004174227388273735,-0.03391158361201909,66
DE,ma31,current24,3,0.002399380700804676,0.014571127842995376,0.11837640219535478,66
DE,ma31,current24,7,0.006123697438419947,0.042134087899702674,0.3422989482414919,66
DE,ma31,current24,31,0.002545793740881195,0.018450770868938968,0.1498947711343986,66
DE,ma31,current24,127,-0.024233909558038835,-0.1903495463274278,-1.5464070246690556,66
DE,rsi3,current24,1,-0.01400746169770955,-0.12138724082497462,-0.986154606294888,66
DE,rsi3,current24,3,-0.015371287801298672,-0.12925457776756613,-1.0500691537587128,66
DE,rsi3,current24,7,-0.00878191111763355,-0.07392122299125084,-0.6005388544985806,66
DE,rsi3,current24,31,-0.017200246196292283,-0.15866322308607073,-1.2889861177545614,66
DE,rsi3,current24,127,-0.014297375693489062,-0.1595816972910881,-1.2964478374697903,66
DE,rsi31,current24,1,0.01441071254792129,0.09771119833295878,0.7938095278199584,66
DE,rsi31,current24,3,0.014465283376101885,0.10356825573385013,0.8413924870829571,66
DE,rsi31,current24,7,0.008355857469407939,0.06928931575826429,0.5629090622510867,66
DE,rsi31,current24,31,0.01148301069727218,0.09488426765356603,0.7708434344133281,66
DE,rsi31,current24,127,0.039538119769119424,0.32555808100850825,2.644846353052706,66
DE,atr3,current24,1,-0.011000277431025069,-0.06446716355588936,-0.5237337125659929,66
DE,atr3,current24,3,-0.03241330906665687,-0.1764839319375444,-1.4337622408617698,66
DE,atr3,current24,7,-0.03768967897661942,-0.2129564326384953,-1.730066237269407,66
DE,atr3,current24,31,-0.025971968002616547,-0.17258582304858014,-1.4020938545423711,66
DE,atr3,current24,127,-0.02659698314127478,-0.16404789015539706,-1.3327313598219472,66
DE,atr7,current24,1,-0.023020068475753247,-0.12961927791293304,-1.0530319917458497,66
DE,atr7,current24,3,-0.04400985802853322,-0.22486009644604862,-1.8267720591978454,66
DE,atr7,current24,7,-0.04415343166035725,-0.2389705848762441,-1.9414062091129243,66
DE,atr7,current24,31,-0.03206295937437409,-0.19755188743442162,-1.6049191204255613,66
DE,atr7,current24,127,-0.02976661405703688,-0.16905839534776773,-1.3734368964313943,66
DE,obv3,current24,1,-0.01419093282327636,-0.10906955025705051,-0.8860852150646504,66
DE,obv3,current24,3,-0.022452446729470475,-0.16696139071440805,-1.3564007502552808,66
DE,obv3,current24,7,-0.013163754725219284,-0.10037295615897922,-0.8154337506223888,66
DE,obv3,current24,31,-0.01230263981277832,-0.10522898030022944,-0.8548842772397449,66
DE,obv3,current24,127,-0.009147131323721103,-0.09626803279100626,-0.7820851955328889,66
DE,obv7,current24,1,-0.011626176968416902,-0.08738413327005817,-0.7099120546417796,66
DE,obv7,current24,3,-0.017911989124067596,-0.12436189797718572,-1.010320835240076,66
DE,obv7,current24,7,-0.006835821784718611,-0.049323779545344094,-0.4007082792881731,66
DE,obv7,current24,31,-0.0032789469604549756,-0.02912194147683364,-0.23658777097535738,66
DE,obv7,current24,127,0.013539485101173889,0.13963181324375526,1.134374213301224,66
DE,obv31,current24,1,0.006588549109354188,0.053126936023820404,0.4316052685781547,66
DE,obv31,current24,3,0.0072705550471840056,0.059175446469888884,0.48074359973285685,66
DE,obv31,current24,7,0.00269400101233677,0.024407142740735587,0.19828456497316774,66
DE,obv31,current24,31,-0.002090102987382121,-0.022757847997440028,-0.18488563113807038,66
DE,obv31,current24,127,0.021093282276592618,0.22635124669935486,1.8388862211227877,66
DE,corr3,current24,1,-0.008754524026862966,-0.08216979045658791,-0.6675505333702096,66
DE,corr3,current24,3,-0.015180172167671434,-0.13533833736478001,-1.0994938503710507,66
DE,corr3,current24,7,0.0006908260533502934,0.007012035115726494,0.056966042574818,66
DE,corr3,current24,31,0.004357186121090805,0.04897810752607615,0.39790002652823225,66
DE,corr3,current24,127,0.011209246862758251,0.1337155107051433,1.086309944264095,66
DE,corr7,current24,1,-0.002059870519214504,-0.02060680385331878,-0.16741046590116207,66
DE,corr7,current24,3,-0.01242874851782139,-0.11834422182258644,-0.9614330030534495,66
DE,corr7,current24,7,-0.0015956901586623663,-0.014863626338663468,-0.1207526712074606,66
DE,corr7,current24,31,-0.00947017679169602,-0.09682049086487744,-0.7865733861419696,66
DE,corr7,current24,127,-0.0026364823057830594,-0.028100981777903388,-0.22829345517166244,66
DE,corr31,current24,1,0.014559831110176513,0.1311428430387952,1.065409493340318,66
DE,corr31,current24,3,0.013640849614600532,0.1328129977505812,1.078977894360551,66
DE,corr31,current24,7,0.008248459926419918,0.087742225279229,0.7128212078766767,66
DE,corr31,current24,31,-0.003863887583619467,-0.04147595652712873,-0.3369522636954053,66
DE,corr31,current24,127,0.012230883052514869,0.12405010488688475,1.0077878162001708,66
DE,curvature,current24,1,-0.0077333718597263615,-0.0690708306061945,-0.561134080484829,66
DE,curvature,current24,3,-0.005746375015708087,-0.04614413004387817,-0.3748766846249823,66
DE,curvature,current24,7,-0.01829521461515256,-0.1462187826000419,-1.1878870053218566,66
DE,curvature,current24,31,-0.04774073784730434,-0.379170231095329,-3.0803935193131453,66
DE,curvature,current24,127,-0.028395372442199748,-0.21951496405120816,-1.7833479983442972,66
DE,vma_3_7,current24,1,0.0005965915897775216,0.006218717232369172,0.050521097623338604,66
DE,vma_3_7,current24,3,-0.0010788740968356227,-0.011351056583432398,-0.09221641961700065,66
DE,vma_3_7,current24,7,0.0036902734590211136,0.04027297835825136,0.32717922285150697,66
DE,vma_3_7,current24,31,0.000716674255481096,0.0075978360926985036,0.061725112209211876,66
DE,vma_3_7,current24,127,0.003165735796514834,0.029090144080817806,0.23632944770895734,66
DE,factor,current24,1,-0.008269336654338409,-0.06460340654144002,-0.5248405558129687,66
DE,factor,current24,3,-0.009274089510050947,-0.0851608059929987,-0.6918496584568737,66
DE,factor,current24,7,-0.002589212961914086,-0.024814563147999086,-0.20159446400860878,66
DE,factor,current24,31,0.006185080653117774,0.0773220498191756,0.6281673022561577,66
DE,factor,current24,127,0.005499916851604818,0.06496981789509089,0.527817295721923,66
DE,overnight3,current24,1,0.018272203559936282,0.14815475147787197,1.2036148908355282,66
DE,overnight3,current24,3,0.02705772291628576,0.19087228634872166,1.5506537846776869,66
DE,overnight3,current24,7,0.02462562852907971,0.17676175697276592,1.4360193021176786,66
DE,overnight3,current24,31,0.030097841559529184,0.2494955027948289,2.026911046489149,66
DE,overnight3,current24,127,0.022575121054361193,0.2221159580401546,1.8044785734007256,66
DE,overnight7,current24,1,0.015298148764074147,0.10552614852666577,0.8572984833239513,66
DE,overnight7,current24,3,0.02488846769275361,0.15584792030607228,1.2661144898491759,66
DE,overnight7,current24,7,0.022095100939887726,0.14281752745787277,1.160255077922909,66
DE,overnight7,current24,31,0.020989949219867028,0.15193824798375902,1.2343521617531605,66
DE,overnight7,current24,127,0.012258225167651167,0.12428386876680313,1.0096869229382446,66
DE,overnight31,current24,1,-0.0013434957834169787,-0.008168773308544692,-0.06636342807738224,66
DE,overnight31,current24,3,0.0007196480916678571,0.0043623710528247804,0.03544006996842073,66
DE,overnight31,current24,7,0.004424889878195438,0.03041482555600114,0.24709121088725658,66
DE,overnight31,current24,31,0.00217470030969072,0.01580783496644769,0.12842345836156824,66
DE,overnight31,current24,127,-0.024498666289820347,-0.19305621485557165,-1.5683961037403156,66
DE,alpha15_wq,current24,1,-0.0034893495578773937,-0.027866509096880408,-0.22466697888435605,65
DE,alpha15_wq,current24,3,0.0045975087540174745,0.038602755218242565,0.3112253623639484,65
DE,alpha15_wq,current24,7,0.0030148074234253672,0.026699087015418333,0.21525492116255365,65
DE,alpha15_wq,current24,31,-0.0057547031651271315,-0.04611366353229008,-0.3717802411156379,65
DE,alpha15_wq,current24,127,-0.004607009637670051,-0.04136755497864056,-0.33351589065471104,65
DE,alpha128_gtja,current24,1,0.010376258546819424,0.07669679300279213,0.6230876918670979,66
DE,alpha128_gtja,current24,3,0.014328365442442731,0.09769443487781056,0.7936733408665397,66
DE,alpha128_gtja,current24,7,0.00020509262999999578,0.001456324729025061,0.011831238028220654,66
DE,alpha128_gtja,current24,31,-0.0011143034404757144,-0.009360617189396674,-0.0760460135377541,66
DE,alpha128_gtja,current24,127,-0.0020744428905985837,-0.02385972211336702,-0.1938372987729356,66
DE,alpha101_gtja,current24,1,0.009634150997166026,0.06378617871969662,0.5182013656037884,66
DE,alpha101_gtja,current24,3,0.00680272028859381,0.0470883557052256,0.3825476101604116,66
DE,alpha101_gtja,current24,7,0.006789889611384447,0.05561265899818653,0.45179937748519106,66
DE,alpha101_gtja,current24,31,0.006898407067124043,0.05615462263449166,0.45620231088045005,66
DE,alpha101_gtja,current24,127,0.020320782934000255,0.1783076942135945,1.448578555633327,66
DE,aplha22_3_7,current24,1,0.013002337705062334,0.10633179235646564,0.8638435647377034,66
DE,aplha22_3_7,current24,3,0.015589938685468624,0.13873668660291588,1.127102170094032,66
DE,aplha22_3_7,current24,7,0.009198342288085607,0.08279402103387491,0.6726218065534374,66
DE,aplha22_3_7,current24,31,0.004635773836409281,0.04465091100892895,0.3627457158385214,66
DE,aplha22_3_7,current24,127,0.0010736980535494104,0.010245772464498332,0.0832370489867461,66
DE,aplha22_7_31,current24,1,-0.00282944548634777,-0.031131169467189475,-0.25291081633267776,66
DE,aplha22_7_31,current24,3,0.020953768710593564,0.23204910531608458,1.8851758433492858,66
DE,aplha22_7_31,current24,7,0.015355270391673998,0.1453071359547799,1.1804807529642907,66
DE,aplha22_7_31,current24,31,0.015548667918646777,0.1608897143451221,1.307074218250681,66
DE,aplha22_7_31,current24,127,0.011543878136334283,0.12661583984100874,1.028631945503591,66
DE,mom1,new,1,-0.02697854918339517,-0.20256690263468205,-1.6456612965123103,66
DE,mom1,new,3,-0.037310595905538646,-0.25381334910633585,-2.0619893957491473,66
DE,mom1,new,7,-0.03949690599948341,-0.2731973453885458,-2.2194657259811414,66
DE,mom1,new,31,-0.05903287391926622,-0.4464937485899735,-3.627332360974818,66
DE,mom1,new,127,-0.039697968526483766,-0.32580585016574265,-2.646859239201563,66
DE,mom3,new,1,-0.018074929392595605,-0.1281255467294127,-1.0408968622447283,66
DE,mom3,new,3,-0.028596944773392557,-0.19644692731536118,-1.5959423819827232,66
DE,mom3,new,7,-0.02610247985930099,-0.18580162853394844,-1.5094595658537018,66
DE,mom3,new,31,-0.025319189667919552,-0.1992616397968634,-1.6188092142804558,66
DE,mom3,new,127,-0.018237636884911444,-0.19310879282335275,-1.568823249169807,66
DE,mom7,new,1,-0.009578483204381755,-0.06569796122130354,-0.5337327600681541,66
DE,mom7,new,3,-0.022379805113786882,-0.14242785726858534,-1.1570893823399961,66
DE,mom7,new,7,-0.01775893426183959,-0.1124218579192672,-0.9133194912566541,66
DE,mom7,new,31,-0.015866726400732504,-0.1230451922770619,-0.999623867564667,66
DE,mom7,new,127,-0.00023939446230846265,-0.002220148970403029,-0.018036575499567196,66
DE,mom31,new,1,0.008036010092720598,0.04989546361573919,0.4053526626313814,66
DE,mom31,new,3,0.008588903053987363,0.05398468633046157,0.43857366501089584,66
DE,mom31,new,7,0.0005126828988091196,0.003723553616591424,0.03025029258290985,66
DE,mom31,new,31,0.004859140848959265,0.03861968312605033,0.31374778889090427,66
DE,mom31,new,127,0.04165603843982178,0.3328694088944978,2.704243861587371,66
DE,mom127,new,1,0.04466867753605512,0.26700122087926115,2.1691281725078064,66
DE,mom127,new,3,0.040592109642143506,0.23261064889807637,1.889737844975264,66
DE,mom127,new,7,0.0524142418016891,0.33936905379989346,2.7570472264153025,66
DE,mom127,new,31,0.03889488465992467,0.2913969730635358,2.367320200162835,66
DE,mom127,new,127,0.07492571200428133,0.6358135541224339,5.165373731878738,66
DE,ma127,new,1,-0.03707439882450932,-0.19949033989576206,-1.6206671826670525,66
DE,ma127,new,3,-0.03746130145648978,-0.21455398818639612,-1.7430448398940925,66
DE,ma127,new,7,-0.03694423979276249,-0.2326397406223716,-1.8899741872606954,66
DE,ma127,new,31,-0.023635797659815296,-0.1596198360485227,-1.2967576781998937,66
DE,ma127,new,127,-0.06214827390607665,-0.4583958727799138,-3.7240256749906395,66
DE,std3,new,1,-0.005660193440986602,-0.03778857790683901,-0.30699585817173813,66
DE,std3,new,3,-0.008850535226820368,-0.057757725176582064,-0.46922597749896205,66
DE,std3,new,7,-0.01084663004499859,-0.06851059740983682,-0.5565827244820674,66
DE,std3,new,31,-0.007720101381825078,-0.053877629022066845,-0.43770392732600005,66
DE,std3,new,127,0.002491782270134482,0.019075034464602254,0.15496631256018328,66
DE,std7,new,1,-0.03128696204146747,-0.20889661754430588,-1.6970841435284911,66
DE,std7,new,3,-0.03170496955085282,-0.185415870914883,-1.5063256561415335,66
DE,std7,new,7,-0.028663090306888222,-0.16840952246683885,-1.3681654282270015,66
DE,std7,new,31,-0.011862529747179777,-0.08381296105446939,-0.6808997144127674,66
DE,std7,new,127,-0.0170799480214784,-0.13183127976686354,-1.071002379758307,66
DE,std31,new,1,-0.031545868223599186,-0.19162044332595204,-1.556731840693403,66
DE,std31,new,3,-0.04223007996539543,-0.22183052646844814,-1.8021597163502867,66
DE,std31,new,7,-0.03159977935202873,-0.17030048328605063,-1.3835276665439398,66
DE,std31,new,31,-0.01277817921538796,-0.08003264401698984,-0.6501882736185839,66
DE,std31,new,127,-0.01896841170492472,-0.10411105641724813,-0.845802220680945,66
DE,std127,new,1,-0.04146427845668258,-0.24779484686870726,-2.013094852432265,66
DE,std127,new,3,-0.049195535600192145,-0.25238209062461614,-2.050361796876695,66
DE,std127,new,7,-0.03943206395594311,-0.21551468247310088,-1.750849557174396,66
DE,std127,new,31,-0.036497733624020666,-0.24238172799244048,-1.9691184667926134,66
DE,std127,new,127,-0.039215133625942415,-0.253929896224531,-2.0629362290133137,66
DE,rsi7,new,1,-0.004201932474711102,-0.03381096936681425,-0.2746816136339689,66
DE,rsi7,new,3,-0.008086953727317853,-0.06071024249381704,-0.49321234157453175,66
DE,rsi7,new,7,0.002095055638027758,0.016728189546833052,0.13590045431850153,66
DE,rsi7,new,31,0.00017555187180211474,0.001558820778447306,0.012663919870050439,66
DE,rsi7,new,127,0.007011380428490414,0.07083176489834596,0.575439978302308,66
DE,rsi127,new,1,0.04974107966779212,0.31728286501557884,2.5776181805194898,66
DE,rsi127,new,3,0.047883615961673016,0.3005293058386902,2.4415116223521056,66
DE,rsi127,new,7,0.055925733497886126,0.4032661499981196,3.2761496898744102,66
DE,rsi127,new,31,0.04449891952012844,0.35691878714332104,2.8996219340884277,66
DE,rsi127,new,127,0.07902266682646518,0.6831803726619647,5.550183584799309,66
DE,atr31,new,1,-0.02326357286471207,-0.13312618923626848,-1.0815222740182797,66
DE,atr31,new,3,-0.03876476032999536,-0.1920336607201171,-1.5600888346730635,66
DE,atr31,new,7,-0.04009594525503945,-0.19901754950722658,-1.6168262153932476,66
DE,atr31,new,31,-0.029804489212322014,-0.16989000748624883,-1.3801929453821764,66
DE,atr31,new,127,-0.031851735282999526,-0.1638042241683329,-1.3307518079851346,66
DE,atr127,new,1,-0.031946271570866,-0.18039701209728834,-1.4655522543599484,66
DE,atr127,new,3,-0.046675054884802544,-0.23145357333838104,-1.8803377186912336,66
DE,atr127,new,7,-0.048925958034616204,-0.23997242008119923,-1.9495451567930966,66
DE,atr127,new,31,-0.034196968939873715,-0.19401678034861508,-1.5761997746959684,66
DE,atr127,new,127,-0.0428061804366303,-0.2190204587976142,-1.779330618672806,66
DE,obv127,new,1,-0.04113038052904338,-0.4185857581475615,-3.4006067748244497,66
DE,obv127,new,3,-0.034798444332922666,-0.34785780857342374,-2.826010196202999,66
DE,obv127,new,7,-0.028629092173641197,-0.2716962446600444,-2.2072707260135687,66
DE,obv127,new,31,-0.02538105894403705,-0.2166674720507159,-1.7602148639754047,66
DE,obv127,new,127,-0.031140845548499614,-0.23315587824625675,-1.8941673091392157,66
DE,corr127,new,1,0.02859254646804098,0.24793753152910594,2.014254028093096,66
DE,corr127,new,3,0.012523034926857007,0.10514463122361022,0.8541990221018948,66
DE,corr127,new,7,0.011584457112736146,0.101999600230408,0.8286486695293496,66
DE,corr127,new,31,-0.00621922112205993,-0.0653279596039706,-0.5307268527191638,66
DE,corr127,new,127,0.010876733673183614,0.1332659987320826,1.0826580917316064,66
DE,overnight127,new,1,-0.036869566592194356,-0.1997042382432441,-1.6224049010566846,66
DE,overnight127,new,3,-0.03773247686971777,-0.2171040069461557,-1.7637612902309212,66
DE,overnight127,new,7,-0.03734527014849887,-0.2359179717166131,-1.916606662569585,66
DE,overnight127,new,31,-0.02397239032593126,-0.16196125642617296,-1.315779467269322,66
DE,overnight127,new,127,-0.06248674238293013,-0.4607845114785989,-3.7434310675135567,66
DE,vma3_7,new,1,0.0005965915897775216,0.006218717232369172,0.050521097623338604,66
DE,vma3_7,new,3,-0.0010788740968356227,-0.011351056583432398,-0.09221641961700065,66
DE,vma3_7,new,7,0.0036902734590211136,0.04027297835825136,0.32717922285150697,66
DE,vma3_7,new,31,0.000716674255481096,0.0075978360926985036,0.061725112209211876,66
DE,vma3_7,new,127,0.003165735796514834,0.029090144080817806,0.23632944770895734,66
DE,vma7_31,new,1,0.01601733554624362,0.17353803278242558,1.4098296429893997,66
DE,vma7_31,new,3,0.007617751771529528,0.07503390055037668,0.6095782897208954,66
DE,vma7_31,new,7,0.0073610612133914064,0.07728764662790866,0.627887809409063,66
DE,vma7_31,new,31,0.003091687489238313,0.02794918223272096,0.22706022983679414,66
DE,vma7_31,new,127,-0.005590625672176577,-0.04920616754567406,-0.3997527948860077,66
DE,vma31_127,new,1,0.004464603566524326,0.04750464440252179,0.38592955552466174,66
DE,vma31_127,new,3,-0.0008659711746185779,-0.008472522819298453,-0.06883110076813517,66
DE,vma31_127,new,7,-0.004014022528412221,-0.03642627992666618,-0.295928497062256,66
DE,vma31_127,new,31,-0.008736231547471515,-0.08797251557202344,-0.7146920950595536,66
DE,vma31_127,new,127,0.007826881891659906,0.07437726883270228,0.6042437884288067,66
DE,rsv7,new,1,-0.005926112431682415,-0.04763818814708539,-0.3870144700341953,66
DE,rsv7,new,3,-0.0044870391317585,-0.035226904948529675,-0.2861847286783157,66
DE,rsv7,new,7,0.001806047386539849,0.015237842109859262,0.12379281450427569,66
DE,rsv7,new,31,-0.0038731997593731624,-0.03477027981007355,-0.2824750885169759,66
DE,rsv7,new,127,-0.0009680265993372387,-0.011119695875430411,-0.09033683633986876,66
DE,rsv31,new,1,0.011649895961543177,0.0757920171471984,0.6157372580686671,66
DE,rsv31,new,3,0.009101712109829551,0.06228272023440609,0.5059872111295123,66
DE,rsv31,new,7,0.008240993310734657,0.06696757257345187,0.5440471314519689,66
DE,rsv31,new,31,0.007430050915203243,0.06038917791536561,0.4906040006088241,66
DE,rsv31,new,127,0.021905592716384013,0.19319087801110016,1.5694901123875187,66
DE,rsv127,new,1,0.04108884482805355,0.24692218857686302,2.006005342955198,66
DE,rsv127,new,3,0.04187363495778593,0.26820597428117116,2.1789156354130395,66
DE,rsv127,new,7,0.043299278758629975,0.3127284670786652,2.540618076770009,66
DE,rsv127,new,31,0.03263638218519169,0.23315471977457952,1.8941578976708195,66
DE,rsv127,new,127,0.058661945475557725,0.4301404290231874,3.4944773647709635,66
DE,rank7,new,1,-0.012583825754505023,-0.10744269372933145,-0.8728685701546279,66
DE,rank7,new,3,-0.010348433079424737,-0.08058116924992835,-0.6546445136768883,66
DE,rank7,new,7,-0.0016857008487838508,-0.013691114633046838,-0.11122714108114588,66
DE,rank7,new,31,-0.009288286451890953,-0.08263293784995852,-0.6713131605809596,66
DE,rank7,new,127,-0.012211678164667214,-0.1377320814230896,-1.1189407190316272,66
DE,rank31,new,1,0.005956679603013545,0.043027035826657414,0.3495532914934122,66
DE,rank31,new,3,0.0067039691146387245,0.04877423299512906,0.396243742009091,66
DE,rank31,new,7,0.007466279872900622,0.060010954708236766,0.4875313007485847,66
DE,rank31,new,31,0.0026248038953791343,0.022640251195448595,0.1839302702024296,66
DE,rank31,new,127,0.013752354405066442,0.1310672645031368,1.0647954904140629,66
DE,rank127,new,1,0.03537057639476659,0.21611960873286867,1.7557640013407223,66
DE,rank127,new,3,0.035020530658831865,0.22851047807879302,1.8564278997738384,66
DE,rank127,new,7,0.035743699876819836,0.2562515771646497,2.0817976541341494,66
DE,rank127,new,31,0.027850746208369664,0.20928041126414915,1.7002020984479558,66
DE,rank127,new,127,0.05326977333280567,0.394934267954189,3.2084611601666206,66
DE,maspread3_7,new,1,-0.00907973960809426,-0.057643520088621614,-0.4682981709783665,66
DE,maspread3_7,new,3,-0.00892234399379129,-0.05452232865201745,-0.44294149187917337,66
DE,maspread3_7,new,7,-0.002957953925112592,-0.01965697687024357,-0.15969403501289955,66
DE,maspread3_7,new,31,-0.0007118914494899237,-0.005359390606335753,-0.04353989511131687,66
DE,maspread3_7,new,127,0.005075104232906299,0.04878176042659428,0.39630489515140266,66
DE,maspread7_31,new,1,0.013681997475060425,0.08187242194078498,0.665134700127497,66
DE,maspread7_31,new,3,0.018770054514903562,0.11731955468453124,0.9531085678719206,66
DE,maspread7_31,new,7,0.013005778211507649,0.09328281646703988,0.7578331834708398,66
DE,maspread7_31,new,31,0.013554526895373818,0.10043005200560084,0.815897599473088,66
DE,maspread7_31,new,127,0.03860975377503844,0.274494395936953,2.2300030144491556,66
DE,maspread31_127,new,1,0.04876825290042822,0.2966442148291905,2.409948993785424,66
DE,maspread31_127,new,3,0.049478192971093966,0.30200206341864366,2.453476361492366,66
DE,maspread31_127,new,7,0.048722071674773985,0.3276667045989662,2.661976892082508,66
DE,maspread31_127,new,31,0.031198226257279107,0.22005507769031,1.7877359022912283,66
DE,maspread31_127,new,127,0.06475440159343862,0.5090352669120086,4.135422057707275,66
DE,skew31,new,1,-0.00581444886424634,-0.06664931150282312,-0.5414615662914803,66
DE,skew31,new,3,-0.0074940312488838545,-0.07962431385162344,-0.6468709836733759,66
DE,skew31,new,7,-0.00782776724669333,-0.0815556070258909,-0.6625608835917361,66
DE,skew31,new,31,-0.0076416399441802995,-0.07407737074879417,-0.6018074048776603,66
DE,skew31,new,127,0.001734437809934293,0.01813315755877134,0.14731446840477322,66
DE,skew127,new,1,0.006138673671147208,0.06787782919975535,0.5514420912421327,66
DE,skew127,new,3,0.004667804084135931,0.04800250543489251,0.3899741976718132,66
DE,skew127,new,7,-0.0023660435478059963,-0.0247507531728509,-0.20107606931990607,66
DE,skew127,new,31,-0.008982528938686962,-0.08610012214994812,-0.6994806989900259,66
DE,skew127,new,127,-0.002326004271322646,-0.023307671479050947,-0.18935241821844814,66
DE,amihud7,new,1,-0.01379574451032389,-0.12255831205545144,-0.995668433945846,66
DE,amihud7,new,3,-0.019033887459935332,-0.14729556618766104,-1.1966348365411563,66
DE,amihud7,new,7,-0.016849568866800033,-0.13258107358848215,-1.0770937335606954,66
DE,amihud7,new,31,-0.007116435804904991,-0.05903736087673627,-0.479621787070958,66
DE,amihud7,new,127,-0.0008807013632764291,-0.006878471628192671,-0.05588096767263611,66
DE,amihud31,new,1,-0.008123294456195319,-0.06972063329153293,-0.566413102455954,66
DE,amihud31,new,3,-0.013742906184134413,-0.10885612438822816,-0.8843513351097948,66
DE,amihud31,new,7,-0.01659557387613294,-0.1494779925553087,-1.214364952167216,66
DE,amihud31,new,31,-0.015392628129247283,-0.13800890535758495,-1.1211896473067897,66
DE,amihud31,new,127,-0.012843767890505137,-0.10494284801660211,-0.8525597275787503,66
DE,amihud127,new,1,-0.006212817890165595,-0.057311284081099916,-0.46559907289385727,66
DE,amihud127,new,3,-0.014169083704233792,-0.1196648655819466,-0.9721619636733342,66
DE,amihud127,new,7,-0.018984135210757005,-0.18246318032015899,-1.482337884352988,66
DE,amihud127,new,31,-0.01675356844191256,-0.15913205219999937,-1.2927949034813293,66
DE,amihud127,new,127,-0.0023225567733584406,-0.02018361597450118,-0.16397247132127146,66
HK,ma3,current24,1,0.006613256729649118,0.037081214002565345,0.3035228178202938,67
HK,ma3,current24,3,0.014871340380029963,0.09006510701703971,0.7372146733709148,67
HK,ma3,current24,7,0.02635254496746431,0.17015734842415833,1.3927979235781507,67
HK,ma3,current24,31,0.010061956618953885,0.06456657424188758,0.5285001874411428,67
HK,ma3,current24,127,-0.03144504922381563,-0.2269618983017488,-1.8577632033736529,67
HK,ma7,current24,1,0.00889796831584715,0.048533183769151944,0.3972612302926229,67
HK,ma7,current24,3,0.0061691969903229175,0.03586636212617674,0.2935788266464819,67
HK,ma7,current24,7,0.01712582593683461,0.10929434384147278,0.8946127603127798,67
HK,ma7,current24,31,-0.013896925850950485,-0.08780311273804725,-0.7186994522294045,67
HK,ma7,current24,127,-0.03920969866523889,-0.2592781813966537,-2.1222833807811474,67
HK,ma31,current24,1,-0.014039357861496007,-0.08162284774670428,-0.6681118030516089,67
HK,ma31,current24,3,0.00038846637741897527,0.002506411667937173,0.020515863693602993,67
HK,ma31,current24,7,0.016345382967949962,0.10512771116012712,0.8605074019451528,67
HK,ma31,current24,31,-0.03188214376228584,-0.1810111286446176,-1.4816399435909813,67
HK,ma31,current24,127,-0.03976100141861547,-0.2083519558464674,-1.7054342593129284,67
HK,rsi3,current24,1,-0.010458953024184894,-0.07571749718303519,-0.6197744254464016,67
HK,rsi3,current24,3,-0.009207649725460896,-0.06694179691842234,-0.5479422229603309,67
HK,rsi3,current24,7,-0.005965223051999308,-0.04162535880456567,-0.34071824607113693,67
HK,rsi3,current24,31,0.009894371241898688,0.062196849191110945,0.5091031519281928,67
HK,rsi3,current24,127,0.032477186987997064,0.19712959406070155,1.6135752691628544,67
HK,rsi31,current24,1,0.01767979570673041,0.11861987932538351,0.9709455580352034,67
HK,rsi31,current24,3,0.017164465789015444,0.11780011989877054,0.9642355379403084,67
HK,rsi31,current24,7,0.0038947238126057393,0.026425138593622215,0.21629908143441925,67
HK,rsi31,current24,31,0.02305803477669434,0.1482952293897679,1.2138487669409976,67
HK,rsi31,current24,127,0.03582318325163673,0.22854634184536637,1.8707324327252783,67
HK,atr3,current24,1,-0.041853970409524446,-0.2204007516279063,-1.8040579032602542,67
HK,atr3,current24,3,-0.049113441854116924,-0.2436543341851256,-1.9943966797009542,67
HK,atr3,current24,7,-0.07925381454399433,-0.38759614330570685,-3.172611165974439,67
HK,atr3,current24,31,-0.08530236678386768,-0.4444331492751239,-3.6378421103311376,67
HK,atr3,current24,127,-0.11105747783102254,-0.6032032647226285,-4.937431514899879,67
HK,atr7,current24,1,-0.053716922862782214,-0.2899020423991745,-2.3729504863235675,67
HK,atr7,current24,3,-0.05201176289131334,-0.2657119985440642,-2.1749464438024244,67
HK,atr7,current24,7,-0.08690950199445799,-0.45523131872851774,-3.7262289365976238,67
HK,atr7,current24,31,-0.10868668305810407,-0.5885788825128311,-4.817725787441991,67
HK,atr7,current24,127,-0.13695193059041433,-0.7499822048100805,-6.138868918997204,67
HK,obv3,current24,1,-0.0013880708853556184,-0.008016376063148912,-0.0656168660288679,67
HK,obv3,current24,3,0.006332982094855525,0.03768864409686267,0.3084948474263691,67
HK,obv3,current24,7,-0.014205651872784535,-0.09523483253629207,-0.779530700479747,67
HK,obv3,current24,31,0.003387536781292928,0.021764304666615695,0.17814851153075928,67
HK,obv3,current24,127,0.010702325034467561,0.06296092103051598,0.5153573494767764,67
HK,obv7,current24,1,-0.008438461560886994,-0.050593492645635146,-0.41412558526565807,67
HK,obv7,current24,3,-0.013529922850740207,-0.07972946714790048,-0.6526138149189807,67
HK,obv7,current24,7,-0.028676142685985336,-0.16575820441185704,-1.3567893779431943,67
HK,obv7,current24,31,-0.002634962661659337,-0.017333939150704913,-0.14188440687469087,67
HK,obv7,current24,127,0.00829069446724107,0.05739313995537994,0.4697830972202327,67
HK,obv31,current24,1,-2.4759395518015754e-05,-0.00017751947304850142,-0.001453059510778888,67
HK,obv31,current24,3,0.01710326279908259,0.12039749189837183,0.9854959440368288,67
HK,obv31,current24,7,-0.022072099546690364,-0.1536580452820594,-1.2577453068700073,67
HK,obv31,current24,31,-0.009967997442181773,-0.06771589091698162,-0.554278455417128,67
HK,obv31,current24,127,0.011385252920451621,0.07920990238390231,0.648360994037821,67
HK,corr3,current24,1,0.01929615261154783,0.14273515496728295,1.1683375963550933,67
HK,corr3,current24,3,0.008897290634625962,0.06646743167063357,0.5440593760644632,67
HK,corr3,current24,7,-0.011826756816778928,-0.08371178193070637,-0.6852104662648896,67
HK,corr3,current24,31,-0.021713526631379324,-0.17124562366808474,-1.4017058403625837,67
HK,corr3,current24,127,-0.004774810317277226,-0.03291830964844305,-0.26944797712623897,67
HK,corr7,current24,1,-0.005621863873922719,-0.04007644184982381,-0.3280398143822404,67
HK,corr7,current24,3,0.00035085317712824874,0.002438784218810282,0.019962309165437526,67
HK,corr7,current24,7,-0.01521042112310335,-0.09572693957451532,-0.7835587701891256,67
HK,corr7,current24,31,-0.005973790193011507,-0.045577296239293755,-0.3730662481067549,67
HK,corr7,current24,127,0.004688893089651231,0.03341020921937283,0.27347434864263187,67
HK,corr31,current24,1,-0.024907106189091543,-0.18360204549194362,-1.5028475119889322,67
HK,corr31,current24,3,-0.030713486884495662,-0.23921384963017595,-1.9580497471406402,67
HK,corr31,current24,7,-0.03937710071638143,-0.29277816044265215,-2.3964925271229798,67
HK,corr31,current24,31,-0.026148659963743204,-0.20454858359355158,-1.6743023157000612,67
HK,corr31,current24,127,-0.018266733956702776,-0.13576624179076988,-1.1112945835687837,67
HK,curvature,current24,1,0.004224520212478299,0.026832611692376385,0.21963439249277017,67
HK,curvature,current24,3,-0.030882873900174152,-0.17386117416450522,-1.4231150438684317,67
HK,curvature,current24,7,-0.03486421206129163,-0.19704086095525256,-1.6128489573922105,67
HK,curvature,current24,31,-0.04079256723040177,-0.2511576078134188,-2.0558136212924207,67
HK,curvature,current24,127,-0.026892009964383748,-0.18325052834899594,-1.499970220168545,67
HK,vma_3_7,current24,1,-0.010175292763707705,-0.06456517353269177,-0.5284887221422443,67
HK,vma_3_7,current24,3,-0.015068605080164433,-0.09293126843826757,-0.7606752157047962,67
HK,vma_3_7,current24,7,-0.008892162213791466,-0.05371577713201317,-0.43968258524080683,67
HK,vma_3_7,current24,31,0.012109557076359781,0.07639175302768979,0.6252934473933962,67
HK,vma_3_7,current24,127,0.004804731951038368,0.035479682012984425,0.2904137135101352,67
HK,factor,current24,1,0.03288897695164986,0.22714239112602655,1.8592406008131575,67
HK,factor,current24,3,0.024888569950141014,0.16072255739030683,1.3155708306371772,67
HK,factor,current24,7,0.029971174037268372,0.20475976136127763,1.6760308802264754,67
HK,factor,current24,31,0.030833710432307444,0.21062763674722482,1.7240615102818402,67
HK,factor,current24,127,0.025875454088375986,0.15981703438091976,1.3081588053622963,67
HK,overnight3,current24,1,0.01268306346241243,0.07117869606309797,0.5826227371183457,67
HK,overnight3,current24,3,0.015030944405395832,0.08712448437505836,0.713144639677342,67
HK,overnight3,current24,7,0.021608153436536708,0.12236935407068564,1.001636331534728,67
HK,overnight3,current24,31,0.003958461848448084,0.02335857123887527,0.19119814583710779,67
HK,overnight3,current24,127,-0.007329111179358471,-0.05448005334832377,-0.44593845568646096,67
HK,overnight7,current24,1,0.01537803646577586,0.08798464940165514,0.7201853938620636,67
HK,overnight7,current24,3,0.0173121382890352,0.1004312448642608,0.8220651685322781,67
HK,overnight7,current24,7,0.022506911858474088,0.1465796078344714,1.1998057992878675,67
HK,overnight7,current24,31,-0.00901538949761349,-0.05643130466853546,-0.46191013608897546,67
HK,overnight7,current24,127,-0.022397358379561954,-0.14365215857940797,-1.1758435944134178,67
HK,overnight31,current24,1,-0.014272318295550982,-0.0822271962806717,-0.6730586089992961,67
HK,overnight31,current24,3,0.0009698146185471903,0.00626081323967214,0.05124696500552609,67
HK,overnight31,current24,7,0.015466507656865068,0.09793680280776293,0.801647280330848,67
HK,overnight31,current24,31,-0.03491999425989294,-0.19869433471256254,-1.626383223394826,67
HK,overnight31,current24,127,-0.040659570080040036,-0.2172019820224558,-1.7778748456036988,67
HK,alpha15_wq,current24,1,0.01014362143654804,0.06356289467333665,0.4964420775221163,61
HK,alpha15_wq,current24,3,0.013836211289218768,0.08820077351383064,0.688870062751112,61
HK,alpha15_wq,current24,7,0.02080930583749013,0.10528148730471364,0.8222747021006102,61
HK,alpha15_wq,current24,31,0.003108044245665132,0.016849814938925584,0.13160126166583064,61
HK,alpha15_wq,current24,127,0.013106339296413198,0.0762865797360366,0.595817234659407,61
HK,alpha128_gtja,current24,1,0.009498214314175869,0.05356569356153292,0.4384540982711638,67
HK,alpha128_gtja,current24,3,0.0006261144684728861,0.00369699879367173,0.030261239323389998,67
HK,alpha128_gtja,current24,7,0.014722505709049143,0.0827359013911595,0.6772225397854931,67
HK,alpha128_gtja,current24,31,-0.019363483293356177,-0.122157651921921,-0.999903474764526,67
HK,alpha128_gtja,current24,127,-0.0315271601432224,-0.20888594043935801,-1.7098051115804827,67
HK,alpha101_gtja,current24,1,0.00843746918574366,0.054161769261936915,0.4433331881577114,67
HK,alpha101_gtja,current24,3,-4.2219115591364066e-05,-0.0002824405233587774,-0.0023118753207638744,67
HK,alpha101_gtja,current24,7,-0.008535786180420002,-0.062139538011482795,-0.5086340397051642,67
HK,alpha101_gtja,current24,31,0.02501158569779338,0.16765534602691734,1.3723181513206626,67
HK,alpha101_gtja,current24,127,0.030902383207982005,0.18656189389418512,1.5270749153125422,67
HK,aplha22_3_7,current24,1,-0.013932156126390673,-0.10785151472132416,-0.8828026949748331,67
HK,aplha22_3_7,current24,3,0.0033957831521933446,0.026791191672705758,0.2192953550199482,67
HK,aplha22_3_7,current24,7,0.012067346676652532,0.09676365669286413,0.7920446655274497,67
HK,aplha22_3_7,current24,31,0.01896463533647906,0.13736093042195194,1.124347672576303,67
HK,aplha22_3_7,current24,127,-0.007912223543994484,-0.05635138555688543,-0.4612559699669053,67
HK,aplha22_7_31,current24,1,0.0042275279191858126,0.030678701123879087,0.25111599128179013,67
HK,aplha22_7_31,current24,3,-8.84286631568855e-05,-0.0005616782034815366,-0.004597534239767933,67
HK,aplha22_7_31,current24,7,0.0064031458808914005,0.04263505373116169,0.3489829552372952,67
HK,aplha22_7_31,current24,31,-0.007808697751155423,-0.05717691236005866,-0.4680131980735143,67
HK,aplha22_7_31,current24,127,-0.00024841960841821977,-0.0018193423090659398,-0.014891958612497714,67
HK,mom1,new,1,-0.0032038086453413345,-0.018814790998466183,-0.154005701651496,67
HK,mom1,new,3,-0.024905066077065725,-0.15068836429823967,-1.2334374203975216,67
HK,mom1,new,7,-0.033283876501867524,-0.2005461233864366,-1.641540766949443,67
HK,mom1,new,31,-0.020417005524334664,-0.12779857937945174,-1.0460764559649567,67
HK,mom1,new,127,0.01171584291473026,0.08684334287526098,0.7108433973226871,67
HK,mom3,new,1,-0.008356526514646754,-0.05010750302883211,-0.41014758880865815,67
HK,mom3,new,3,0.004406396354195964,0.027066960197154263,0.22155261767593792,67
HK,mom3,new,7,-0.007665041587148574,-0.053846228932320835,-0.4407503792460509,67
HK,mom3,new,31,0.008124462198849334,0.049384494242656556,0.40422950683664793,67
HK,mom3,new,127,0.02664558967037139,0.1595576985215539,1.30603604986699,67
HK,mom7,new,1,0.005623842427001957,0.02992770869087264,0.24496885328862558,67
HK,mom7,new,3,-0.002215079747782492,-0.012739105744417225,-0.10427407451624178,67
HK,mom7,new,7,-0.014524858917587202,-0.0804464368141417,-0.6584824645638967,67
HK,mom7,new,31,0.026052639113631343,0.14884266769639384,1.2183297426015673,67
HK,mom7,new,127,0.036586177118945684,0.209121230322985,1.7117310422816223,67
HK,mom31,new,1,0.021404101824069953,0.13885287376598562,1.136559755162866,67
HK,mom31,new,3,0.020978840997758774,0.1424796588323438,1.1662462703587662,67
HK,mom31,new,7,0.006671760911881561,0.04399953660896642,0.36015172894330666,67
HK,mom31,new,31,0.03454194102843038,0.2031705527975841,1.663022647504563,67
HK,mom31,new,127,0.04403902728615854,0.24868904321143911,2.0356075491850607,67
HK,mom127,new,1,0.03347257350979188,0.20025998224898608,1.639198600796866,67
HK,mom127,new,3,-0.00014282122562853355,-0.0008100396066631376,-0.006630459939726583,67
HK,mom127,new,7,-0.0013012277952600855,-0.007198684258532316,-0.05892377014941207,67
HK,mom127,new,31,0.020517096906672087,0.1150168088638977,0.9414531552460288,67
HK,mom127,new,127,0.052640139097797106,0.31318588472246245,2.5635369496243334,67
HK,ma127,new,1,-0.0275649756462725,-0.16597079771956968,-1.3585295291637616,67
HK,ma127,new,3,0.0018101395672813134,0.011124322409166283,0.09105650326707206,67
HK,ma127,new,7,0.008084860143131997,0.04963849313713348,0.4063085773916071,67
HK,ma127,new,31,-0.021632699357492853,-0.1249377944766432,-1.022659922331022,67
HK,ma127,new,127,-0.051680763869418334,-0.29506923952867514,-2.4152458176703373,67
HK,std3,new,1,-0.02020661389312515,-0.12929787751075986,-1.0583487400799227,67
HK,std3,new,3,-0.0350113389207609,-0.21112428254496435,-1.7281267313390063,67
HK,std3,new,7,-0.06331127699299806,-0.39989891917831905,-3.273313726565051,67
HK,std3,new,31,-0.07792702521987582,-0.43307896456802464,-3.544904103066531,67
HK,std3,new,127,-0.08905774615315153,-0.5190393001757619,-4.248519774404409,67
HK,std7,new,1,-0.04755021085129032,-0.27116934031002904,-2.21961671135352,67
HK,std7,new,3,-0.04948865527727086,-0.2864145210702002,-2.3444038939464833,67
HK,std7,new,7,-0.07354807347542922,-0.41815811140873566,-3.4227716563004433,67
HK,std7,new,31,-0.08965109612815803,-0.5120318630629205,-4.191161429609091,67
HK,std7,new,127,-0.09919691612172078,-0.5471882505993195,-4.478928863779178,67
HK,std31,new,1,-0.02174450322114261,-0.11983223483977701,-0.9808691156054392,67
HK,std31,new,3,-0.031465839435443455,-0.18628124621016917,-1.5247777150142625,67
HK,std31,new,7,-0.07246067155093237,-0.4244863357658294,-3.4745704050828112,67
HK,std31,new,31,-0.10558075335500469,-0.598418553738928,-4.898266967586838,67
HK,std31,new,127,-0.1176035180940414,-0.6439443903418083,-5.270912000416035,67
HK,std127,new,1,-0.024582492325133026,-0.15351296201962542,-1.256557749185691,67
HK,std127,new,3,-0.03102731544164054,-0.16901587000567247,-1.383454520041365,67
HK,std127,new,7,-0.07371970834934112,-0.3713751495651194,-3.039836609897396,67
HK,std127,new,31,-0.09993936264758813,-0.5031028092950951,-4.118073974600423,67
HK,std127,new,127,-0.11507816880047184,-0.5771068560727142,-4.723823204021386,67
HK,rsi7,new,1,-0.0190183591022319,-0.13140256716930288,-1.075576367410409,67
HK,rsi7,new,3,-0.014611067376116955,-0.10036767485383008,-0.8215448255711908,67
HK,rsi7,new,7,-0.013431088309960957,-0.08294410457965123,-0.6789267563315267,67
HK,rsi7,new,31,0.011931390166506328,0.07923037314967159,0.6485285544771529,67
HK,rsi7,new,127,0.025745818420061156,0.1620283341712576,1.3262590742305789,67
HK,rsi127,new,1,0.032288296128746403,0.2007830209673968,1.6434798572204057,67
HK,rsi127,new,3,0.0004912075345149606,0.002882890223259676,0.023597473479962574,67
HK,rsi127,new,7,0.0012281968713430424,0.007199842904759489,0.05893325407751928,67
HK,rsi127,new,31,0.021717172046658018,0.12597908283552522,1.0311832348857155,67
HK,rsi127,new,127,0.052135901788241866,0.31003734362564433,2.537765030030139,67
HK,atr31,new,1,-0.058950171502643214,-0.3023903452768107,-2.47517165089901,67
HK,atr31,new,3,-0.062442879136613956,-0.31836698434744826,-2.6059460778010584,67
HK,atr31,new,7,-0.09816294261732877,-0.4943879659505973,-4.046739907474104,67
HK,atr31,new,31,-0.12925232892761399,-0.6809774253655493,-5.574040456298463,67
HK,atr31,new,127,-0.1396021558650339,-0.7042682105620801,-5.764683749465973,67
HK,atr127,new,1,-0.04443847331030963,-0.2554336992720037,-2.0908149383657295,67
HK,atr127,new,3,-0.04182269978158323,-0.22671519674431492,-1.8557438640966861,67
HK,atr127,new,7,-0.07560878052523906,-0.39866286002356094,-3.263196146336453,67
HK,atr127,new,31,-0.12084354045693038,-0.6362166653822904,-5.207657845498377,67
HK,atr127,new,127,-0.13736964599704762,-0.6545835894971078,-5.357997598712369,67
HK,obv127,new,1,-0.04707507211020796,-0.33748143950987525,-2.762404636347662,67
HK,obv127,new,3,-0.04025953762522366,-0.2736023273811074,-2.2395315688197015,67
HK,obv127,new,7,-0.06044610305660092,-0.3585296819331662,-2.9346919258101902,67
HK,obv127,new,31,-0.10422232946661329,-0.643916625144452,-5.270684732480895,67
HK,obv127,new,127,-0.1099624254691821,-0.5740744271852823,-4.69900170382214,67
HK,corr127,new,1,0.0003621483276359631,0.002362807677271077,0.019340414370552318,67
HK,corr127,new,3,-0.016994201121957028,-0.11766899591283367,-0.9631622418585611,67
HK,corr127,new,7,-0.025755749762578238,-0.16263327276383438,-1.3312107100161399,67
HK,corr127,new,31,-0.019535985335113453,-0.11956460627634598,-0.9786784814019267,67
HK,corr127,new,127,-0.004471049468693295,-0.02668730141058439,-0.21844497657492248,67
HK,overnight127,new,1,-0.027166506217234956,-0.16142264916065452,-1.3213013287501574,67
HK,overnight127,new,3,0.0015680566848608158,0.009643790531145169,0.0789378275554664,67
HK,overnight127,new,7,0.008444488665382506,0.05134428710167697,0.4202711027475265,67
HK,overnight127,new,31,-0.021562974646621935,-0.12433222346977127,-1.0177031100113572,67
HK,overnight127,new,127,-0.051637343620381825,-0.2964038219080591,-2.4261698452487197,67
HK,vma3_7,new,1,-0.010175292763707705,-0.06456517353269177,-0.5284887221422443,67
HK,vma3_7,new,3,-0.015068605080164433,-0.09293126843826757,-0.7606752157047962,67
HK,vma3_7,new,7,-0.008892162213791466,-0.05371577713201317,-0.43968258524080683,67
HK,vma3_7,new,31,0.012109557076359781,0.07639175302768979,0.6252934473933962,67
HK,vma3_7,new,127,0.004804731951038368,0.035479682012984425,0.2904137135101352,67
HK,vma7_31,new,1,0.021883044449820217,0.15646244355487285,1.2807002960458154,67
HK,vma7_31,new,3,0.030626977591720173,0.2324057898319897,1.902323376000483,67
HK,vma7_31,new,7,0.03358000405868731,0.24421122441273638,1.9989550226691568,67
HK,vma7_31,new,31,0.06461437722289648,0.4148877812279188,3.396002850089956,67
HK,vma7_31,new,127,0.03576786369357987,0.22514215993283335,1.842868002871568,67
HK,vma31_127,new,1,0.011943853747530347,0.07724553316994147,0.6322819390473458,67
HK,vma31_127,new,3,0.0031015419734195227,0.021914604957046255,0.1793787724296483,67
HK,vma31_127,new,7,-0.006184388963088998,-0.04172655814594107,-0.3415465983805757,67
HK,vma31_127,new,31,0.0003204068840050737,0.0026416512147632663,0.021622847093082726,67
HK,vma31_127,new,127,0.018304792940554475,0.13185525838066736,1.0792818046721537,67
HK,rsv7,new,1,-0.004713413594454627,-0.029184586670596466,-0.23888613740011855,67
HK,rsv7,new,3,-0.010591341218265405,-0.06326699361092869,-0.5178626615212517,67
HK,rsv7,new,7,-0.01574306879567977,-0.09981437722360682,-0.8170158892799725,67
HK,rsv7,new,31,0.004096668139740309,0.027032163135431584,0.22126779145031322,67
HK,rsv7,new,127,0.021767744592565478,0.13961450820710872,1.1427940017466662,67
HK,rsv31,new,1,0.007321234597788196,0.04660112865642394,0.38144667762024437,67
HK,rsv31,new,3,-0.00025067537399924196,-0.0016730953222924786,-0.01369487543393357,67
HK,rsv31,new,7,-0.007956918738826205,-0.057601156869492486,-0.47148578904476013,67
HK,rsv31,new,31,0.026240275095027077,0.17532006502114508,1.435056580185688,67
HK,rsv31,new,127,0.03226613619919825,0.1937405043451887,1.5858343742658567,67
HK,rsv127,new,1,0.02301652838665788,0.1518536428532678,1.2429756364479247,67
HK,rsv127,new,3,0.0033769754198969995,0.022336775746179927,0.18283438926868717,67
HK,rsv127,new,7,0.003499252997853503,0.0228155528657939,0.1867533488918285,67
HK,rsv127,new,31,0.026413834785775758,0.1541956527812346,1.2621458139035604,67
HK,rsv127,new,127,0.05274532162657168,0.28690693194578065,2.3484344506718164,67
HK,rank7,new,1,-0.009051399973957045,-0.05707443014365876,-0.4671743449794378,67
HK,rank7,new,3,-0.0048179880963978555,-0.031203587249682627,-0.25541236938655354,67
HK,rank7,new,7,-0.009293977881718513,-0.06431065554933736,-0.526405402661703,67
HK,rank7,new,31,0.008832801001571485,0.0555317507924853,0.4545469702761997,67
HK,rank7,new,127,0.039644308951278705,0.2513614683457766,2.0574822916660316,67
HK,rank31,new,1,0.006180677699120842,0.03754257132028676,0.3072991902197284,67
HK,rank31,new,3,-0.01156370291309431,-0.07599808334503633,-0.6220711221652866,67
HK,rank31,new,7,-0.022014405283404863,-0.14804273133397192,-1.2117819812800956,67
HK,rank31,new,31,0.01574235594375737,0.09653869037285608,0.7902032368363937,67
HK,rank31,new,127,0.034268245730675106,0.18185484644187597,1.4885460714014485,67
HK,rank127,new,1,0.01598003098495205,0.10179386992634927,0.8332187353612667,67
HK,rank127,new,3,-0.005299413125682904,-0.03606830279834703,-0.2952317822871847,67
HK,rank127,new,7,-0.00658569067702884,-0.044532609647782224,-0.36451511981918805,67
HK,rank127,new,31,0.02449212777725608,0.15163467795895663,1.2411833315433318,67
HK,rank127,new,127,0.05059954593407605,0.2831770442859593,2.3179040043767247,67
HK,maspread3_7,new,1,-0.0034177547904286343,-0.021006817887778483,-0.17194821502594737,67
HK,maspread3_7,new,3,0.0037985633150857115,0.02405121288001792,0.19686766201434905,67
HK,maspread3_7,new,7,-0.006934684504535735,-0.04632001654114881,-0.37914567578827013,67
HK,maspread3_7,new,31,0.034797679050923645,0.2205954323474716,1.8056514336277782,67
HK,maspread3_7,new,127,0.03470945775258594,0.23785211029407194,1.9469034302912933,67
HK,maspread7_31,new,1,0.01968426447105914,0.12036174007622992,0.98520330276036,67
HK,maspread7_31,new,3,0.006742283352489445,0.04444454186952073,0.3637942539862827,67
HK,maspread7_31,new,7,-0.0035113371458664936,-0.023689740318034624,-0.19390888157716327,67
HK,maspread7_31,new,31,0.03512527117096976,0.20268384194342293,1.6590387474653545,67
HK,maspread7_31,new,127,0.03465344061799253,0.18068640726716612,1.4789819845639727,67
HK,maspread31_127,new,1,0.02690117321502472,0.15329965136645168,1.2548117262394656,67
HK,maspread31_127,new,3,0.003904614100227403,0.021049528191133447,0.17229781392590146,67
HK,maspread31_127,new,7,0.004340149928703175,0.02347810477817289,0.1921765700243293,67
HK,maspread31_127,new,31,0.015859050970661242,0.09045959635446758,0.7404437077625042,67
HK,maspread31_127,new,127,0.05065185856097195,0.2896410175437356,2.370813905799573,67
HK,skew31,new,1,-0.0016275360801448248,-0.010934455438513898,-0.08950237513255553,67
HK,skew31,new,3,0.00413075542432595,0.02744670792759298,0.22466098681389673,67
HK,skew31,new,7,-0.02618271319209256,-0.15452303807675055,-1.2648255780396822,67
HK,skew31,new,31,-0.029320203511266463,-0.19339489357429251,-1.5830054281843127,67
HK,skew31,new,127,0.007008295068086844,0.046312870686905455,0.37908718445043194,67
HK,skew127,new,1,-0.02183591404775995,-0.1400404154464419,-1.1462802027487027,67
HK,skew127,new,3,-0.034495125664512995,-0.2205686823397136,-1.8054324753776287,67
HK,skew127,new,7,-0.04298602251517935,-0.2465708552045257,-2.018269433111325,67
HK,skew127,new,31,-0.04199109031026093,-0.2692414722428606,-2.2038364311261187,67
HK,skew127,new,127,-0.04306936881519572,-0.25674961306465177,-2.101586156975926,67
HK,amihud7,new,1,-0.014283707156053274,-0.099426782087969,-0.8138432863621152,67
HK,amihud7,new,3,-0.03905045476327699,-0.2606625733029024,-2.1336151169083175,67
HK,amihud7,new,7,-0.06655586578433217,-0.39261621474731584,-3.2137022216640108,67
HK,amihud7,new,31,-0.0683096815622977,-0.43494865802448374,-3.5602082035829103,67
HK,amihud7,new,127,-0.07340695121940391,-0.4673713045745551,-3.825599003392978,67
HK,amihud31,new,1,-0.011947090880814732,-0.07519155565441285,-0.6154694084972498,67
HK,amihud31,new,3,-0.02174896361275928,-0.12772279620461802,-1.0454561439447703,67
HK,amihud31,new,7,-0.04953600567181009,-0.2910773304310034,-2.382570633472647,67
HK,amihud31,new,31,-0.046798771875691536,-0.2905375654157554,-2.378152466408927,67
HK,amihud31,new,127,-0.06682885208608946,-0.38486744445780546,-3.1502758032961644,67
HK,amihud127,new,1,-0.007186925406351578,-0.04675614811380656,-0.3827155665654253,67
HK,amihud127,new,3,-0.021640618848961835,-0.12666688552186128,-1.0368131425108178,67
HK,amihud127,new,7,-0.05569130843043153,-0.3361074728348346,-2.7511582344156578,67
HK,amihud127,new,31,-0.049659222808203486,-0.3045633729099555,-2.492958648659327,67
HK,amihud127,new,127,-0.05960435079628844,-0.3706302403779144,-3.0337392654171143,67
JP,ma3,current24,1,0.03424196280653733,0.32922597214900157,2.6338077771920125,64
JP,ma3,current24,3,0.02322711505185507,0.20868208127162882,1.6694566501730306,64
JP,ma3,current24,7,0.03286954809630115,0.2595559674304078,2.0764477394432626,64
JP,ma3,current24,31,0.026940482899063138,0.26408249215499796,2.1126599372399837,64
JP,ma3,current24,127,0.03128291406713331,0.30447752678064116,2.4358202142451293,64
JP,ma7,current24,1,0.02767415448793812,0.24386508260737902,1.9509206608590322,64
JP,ma7,current24,3,0.014952808005068704,0.12341943061789346,0.9873554449431476,64
JP,ma7,current24,7,0.03313176181991864,0.2604530470586916,2.083624376469533,64
JP,ma7,current24,31,0.03862894477379779,0.3400911983891218,2.720729587112974,64
JP,ma7,current24,127,0.02677382146167712,0.2345535482447106,1.876428385957685,64
JP,ma31,current24,1,0.04107343893932865,0.3510035640010606,2.8080285120084847,64
JP,ma31,current24,3,0.03528376088378076,0.2676026978748297,2.1408215829986377,64
JP,ma31,current24,7,0.04273439784877001,0.2928972997110248,2.3431783976881984,64
JP,ma31,current24,31,0.03384893964125861,0.2683852114103892,2.1470816912831134,64
JP,ma31,current24,127,0.011266370552797523,0.09620196564675662,0.769615725174053,64
JP,rsi3,current24,1,-0.014503483922312349,-0.1467146885680258,-1.1737175085442064,64
JP,rsi3,current24,3,0.000644381109601585,0.006075753852009607,0.04860603081607685,64
JP,rsi3,current24,7,-0.009396148914047636,-0.08729557068463686,-0.6983645654770949,64
JP,rsi3,current24,31,-0.014171624304408922,-0.16146174004350866,-1.2916939203480693,64
JP,rsi3,current24,127,-0.01525135190650194,-0.15091423620714706,-1.2073138896571765,64
JP,rsi31,current24,1,-0.02620331575624367,-0.25888749894639007,-2.0710999915711206,64
JP,rsi31,current24,3,-0.025726935356107813,-0.24190426404890747,-1.9352341123912598,64
JP,rsi31,current24,7,-0.020387706991659912,-0.16667682532164055,-1.3334146025731244,64
JP,rsi31,current24,31,-0.022303103361660727,-0.21519075904238166,-1.7215260723390533,64
JP,rsi31,current24,127,0.0032491502828222545,0.03221152684407934,0.2576922147526347,64
JP,atr3,current24,1,-0.027109717085330755,-0.19035869507535857,-1.5228695606028686,64
JP,atr3,current24,3,-0.03136457176963124,-0.18597468947586157,-1.4877975158068926,64
JP,atr3,current24,7,-0.04395176513821728,-0.22406495461129222,-1.7925196368903378,64
JP,atr3,current24,31,-0.03082215583578928,-0.19320282616606332,-1.5456226093285066,64
JP,atr3,current24,127,-0.03320792665701088,-0.24016311232328558,-1.9213048985862846,64
JP,atr7,current24,1,-0.02479725330148897,-0.16444670302798503,-1.3155736242238802,64
JP,atr7,current24,3,-0.035631143358122605,-0.20828861617722763,-1.666308929417821,64
JP,atr7,current24,7,-0.05514313528530986,-0.27317755323715026,-2.185420425897202,64
JP,atr7,current24,31,-0.04165641867799999,-0.24724724886682117,-1.9779779909345694,64
JP,atr7,current24,127,-0.04084269254611198,-0.2710727673224311,-2.1685821385794486,64
JP,obv3,current24,1,-0.0047854057060280515,-0.041199516862723856,-0.32959613490179085,64
JP,obv3,current24,3,0.005344511803525959,0.04284347153124268,0.34274777224994146,64
JP,obv3,current24,7,-0.013367312657550617,-0.10929485465276455,-0.8743588372221164,64
JP,obv3,current24,31,-0.01937798384106589,-0.20774670065625075,-1.661973605250006,64
JP,obv3,current24,127,-0.014982912524554534,-0.1475908763268258,-1.1807270106146064,64
JP,obv7,current24,1,-0.01636205054172088,-0.17674357747546438,-1.413948619803715,64
JP,obv7,current24,3,-0.018147357818289987,-0.17906098841962942,-1.4324879073570354,64
JP,obv7,current24,7,-0.02554140769174787,-0.24075071967275957,-1.9260057573820766,64
JP,obv7,current24,31,-0.029729605646285222,-0.26810968994066814,-2.144877519525345,64
JP,obv7,current24,127,-0.013124942146744485,-0.12203716361034243,-0.9762973088827395,64
JP,obv31,current24,1,-0.030985869543834393,-0.3263742091558042,-2.6109936732464334,64
JP,obv31,current24,3,-0.04464087849838949,-0.4245352143067094,-3.396281714453675,64
JP,obv31,current24,7,-0.04699703553729789,-0.4119700632402066,-3.2957605059216526,64
JP,obv31,current24,31,-0.03707815385747383,-0.42349471426759133,-3.3879577141407307,64
JP,obv31,current24,127,-0.009109808891165513,-0.10895221865068895,-0.8716177492055116,64
JP,corr3,current24,1,-0.01196269647115816,-0.18208863905828568,-1.4567091124662854,64
JP,corr3,current24,3,0.0022756964567745247,0.031499023799474064,0.2519921903957925,64
JP,corr3,current24,7,-0.000802750394606584,-0.012146247453112274,-0.09716997962489819,64
JP,corr3,current24,31,-0.002516865232710108,-0.034153551304082035,-0.2732284104326563,64
JP,corr3,current24,127,0.0009035345488167322,0.013745272879020342,0.10996218303216274,64
JP,corr7,current24,1,-0.02544925241383627,-0.35505323102169206,-2.8404258481735365,64
JP,corr7,current24,3,-0.01647125437854368,-0.21290859105919985,-1.7032687284735988,64
JP,corr7,current24,7,-0.019532628619434805,-0.2255464621606702,-1.8043716972853616,64
JP,corr7,current24,31,-0.021525075779640482,-0.2414055866651096,-1.931244693320877,64
JP,corr7,current24,127,-0.01907762494619194,-0.23390116881917009,-1.8712093505533607,64
JP,corr31,current24,1,-0.021147971024423395,-0.24594048050456,-1.96752384403648,64
JP,corr31,current24,3,-0.018375732842323134,-0.2138314039461963,-1.7106512315695703,64
JP,corr31,current24,7,-0.01616762523027586,-0.1652036103542552,-1.3216288828340417,64
JP,corr31,current24,31,-0.024542363010842137,-0.3131175565456034,-2.5049404523648273,64
JP,corr31,current24,127,-0.017841468682377598,-0.24319910351268106,-1.9455928281014485,64
JP,curvature,current24,1,-0.019862292982489805,-0.18745391845848766,-1.4996313476679013,64
JP,curvature,current24,3,-0.021446167533564466,-0.20481253294761004,-1.6385002635808803,64
JP,curvature,current24,7,-0.01600726019377738,-0.134136503264173,-1.073092026113384,64
JP,curvature,current24,31,-0.014848050766956646,-0.14293914737722643,-1.1435131790178115,64
JP,curvature,current24,127,-0.013355966172853052,-0.1329969823479048,-1.0639758587832384,64
JP,vma_3_7,current24,1,0.0006264012809354376,0.010405081813205186,0.08324065450564148,64
JP,vma_3_7,current24,3,0.010362624571076163,0.1520835192984797,1.2166681543878377,64
JP,vma_3_7,current24,7,0.010325037318089264,0.1431432054686452,1.1451456437491616,64
JP,vma_3_7,current24,31,-0.0034360545359207488,-0.05659566682510342,-0.45276533460082735,64
JP,vma_3_7,current24,127,-0.007437788055219056,-0.11560952117266145,-0.9248761693812916,64
JP,factor,current24,1,0.0005490442698926007,0.005447419442869605,0.04357935554295684,64
JP,factor,current24,3,-0.00010208337737617999,-0.0009590193127659224,-0.007672154502127379,64
JP,factor,current24,7,-0.0037688856124467145,-0.0396272003422418,-0.3170176027379344,64
JP,factor,current24,31,-0.002772568839472904,-0.03459685847484678,-0.27677486779877425,64
JP,factor,current24,127,-0.01319828071821813,-0.181076883452759,-1.448615067622072,64
JP,overnight3,current24,1,0.04285583335060016,0.4207823965644254,3.366259172515403,64
JP,overnight3,current24,3,0.034450001340792666,0.3149016927520092,2.5192135420160735,64
JP,overnight3,current24,7,0.030704852350650264,0.26067926209785935,2.085434096782875,64
JP,overnight3,current24,31,0.020888523940132166,0.2129114110862298,1.7032912886898384,64
JP,overnight3,current24,127,0.024670546093725147,0.23136555987147017,1.8509244789717614,64
JP,overnight7,current24,1,0.0306382695427151,0.2717434412883159,2.173947530306527,64
JP,overnight7,current24,3,0.01885559297349399,0.16575720017051343,1.3260576013641074,64
JP,overnight7,current24,7,0.03664062662115507,0.29877043908927786,2.390163512714223,64
JP,overnight7,current24,31,0.0407468905631976,0.3636893185997677,2.9095145487981418,64
JP,overnight7,current24,127,0.029229193810835552,0.26948127403498956,2.1558501922799165,64
JP,overnight31,current24,1,0.041234505508224606,0.3518830109888846,2.8150640879110767,64
JP,overnight31,current24,3,0.03512836955034616,0.26798506788205145,2.1438805430564116,64
JP,overnight31,current24,7,0.04299365992543019,0.2955534539550625,2.3644276316405,64
JP,overnight31,current24,31,0.03468945154936469,0.27669628004920677,2.213570240393654,64
JP,overnight31,current24,127,0.012093472383043976,0.10455960611959544,0.8364768489567636,64
JP,alpha15_wq,current24,1,0.017414612334334938,0.19665383459351896,1.5732306767481516,64
JP,alpha15_wq,current24,3,0.011326432895177437,0.12994084910676823,1.0395267928541458,64
JP,alpha15_wq,current24,7,0.01408988137087353,0.14442244743801544,1.1553795795041235,64
JP,alpha15_wq,current24,31,0.00814543804359461,0.07766114284739084,0.6212891427791267,64
JP,alpha15_wq,current24,127,0.004158610091204619,0.049167297719564886,0.3933383817565191,64
JP,alpha128_gtja,current24,1,0.02819523102852129,0.30674875890287917,2.4539900712230334,64
JP,alpha128_gtja,current24,3,0.01858886755305813,0.18992553795647124,1.51940430365177,64
JP,alpha128_gtja,current24,7,0.0318111110765342,0.30228073794917165,2.418245903593373,64
JP,alpha128_gtja,current24,31,0.03237959810143745,0.3400141930684687,2.7201135445477496,64
JP,alpha128_gtja,current24,127,0.018888120013156543,0.19614145174435804,1.5691316139548643,64
JP,alpha101_gtja,current24,1,-0.023814843209079235,-0.21358857805147627,-1.7087086244118102,64
JP,alpha101_gtja,current24,3,-0.014446642892056646,-0.12385147567347413,-0.990811805387793,64
JP,alpha101_gtja,current24,7,-0.020304555770499142,-0.15672204075123017,-1.2537763260098413,64
JP,alpha101_gtja,current24,31,-0.03188233812662754,-0.26903001016555905,-2.1522400813244724,64
JP,alpha101_gtja,current24,127,-0.010639335255615633,-0.09726563407533402,-0.7781250726026722,64
JP,aplha22_3_7,current24,1,-0.003093794050133572,-0.045481950608299106,-0.36385560486639285,64
JP,aplha22_3_7,current24,3,-0.01730735156099504,-0.20629690958727026,-1.650375276698162,64
JP,aplha22_3_7,current24,7,-0.0178270814475613,-0.2037568200709688,-1.6300545605677503,64
JP,aplha22_3_7,current24,31,-0.010487980246578453,-0.15666159754596376,-1.25329278036771,64
JP,aplha22_3_7,current24,127,-0.010354224282169696,-0.15583364361018473,-1.2466691488814778,64
JP,aplha22_7_31,current24,1,0.007919605836886822,0.10819326663969821,0.8655461331175857,64
JP,aplha22_7_31,current24,3,0.0023398192003028463,0.024668264624027946,0.19734611699222357,64
JP,aplha22_7_31,current24,7,0.004325188649334779,0.04447446220507292,0.3557956976405834,64
JP,aplha22_7_31,current24,31,0.0032130642305089902,0.034245479623965645,0.27396383699172516,64
JP,aplha22_7_31,current24,127,0.006754533699709679,0.07840908479859182,0.6272726783887346,64
JP,mom1,new,1,-0.036122036543477884,-0.34096807471895896,-2.7277445977516717,64
JP,mom1,new,3,-0.028277212166677605,-0.25224549456433404,-2.0179639565146723,64
JP,mom1,new,7,-0.03205963298642791,-0.242401239052147,-1.939209912417176,64
JP,mom1,new,31,-0.02470194585012289,-0.22307654706587257,-1.7846123765269806,64
JP,mom1,new,127,-0.029327713579793163,-0.2543328266988377,-2.0346626135907018,64
JP,mom3,new,1,-0.013611106271335974,-0.10854703615670958,-0.8683762892536766,64
JP,mom3,new,3,-2.815468430910663e-05,-0.0002195585695870893,-0.0017564685566967143,64
JP,mom3,new,7,-0.01863654251098429,-0.14303342190760596,-1.1442673752608477,64
JP,mom3,new,31,-0.023045978876845646,-0.22416494778610171,-1.7933195822888137,64
JP,mom3,new,127,-0.021464319630389028,-0.19899107538718266,-1.5919286030974613,64
JP,mom7,new,1,-0.02170082452304572,-0.1971003203971436,-1.5768025631771487,64
JP,mom7,new,3,-0.01730106995726077,-0.13972011156661707,-1.1177608925329365,64
JP,mom7,new,7,-0.028461788980236803,-0.21741735846912283,-1.7393388677529826,64
JP,mom7,new,31,-0.04393888633869468,-0.33097716075424116,-2.6478172860339293,64
JP,mom7,new,127,-0.024705578662802423,-0.20035369659613558,-1.6028295727690847,64
JP,mom31,new,1,-0.03737700781007379,-0.3184306425762899,-2.547445140610319,64
JP,mom31,new,3,-0.04497578866166113,-0.3460659101805564,-2.768527281444451,64
JP,mom31,new,7,-0.04330575236932134,-0.2952524144916979,-2.3620193159335834,64
JP,mom31,new,31,-0.035693704991708985,-0.30136762872647244,-2.4109410298117795,64
JP,mom31,new,127,-0.004921845101566015,-0.044768547750422355,-0.35814838200337884,64
JP,mom127,new,1,0.005910387230279859,0.05077625602580891,0.4062100482064713,64
JP,mom127,new,3,-0.001572260777672938,-0.012286094476021327,-0.09828875580817062,64
JP,mom127,new,7,-0.002146111111655991,-0.014881680421563456,-0.11905344337250764,64
JP,mom127,new,31,-0.0009788936799013433,-0.007707807950777376,-0.061662463606219006,64
JP,mom127,new,127,0.0007784325480785365,0.006992364819773581,0.055938918558188645,64
JP,ma127,new,1,0.005005783827357617,0.038917056198233685,0.3113364495858695,64
JP,ma127,new,3,0.010775494599940266,0.0795594939860029,0.6364759518880232,64
JP,ma127,new,7,0.013240410626168575,0.0928902277129106,0.7431218217032848,64
JP,ma127,new,31,0.016145200452904275,0.13211388771022717,1.0569111016818173,64
JP,ma127,new,127,0.003603314417220012,0.02987109220551145,0.2389687376440916,64
JP,std3,new,1,-0.023041503565746246,-0.20134129969962947,-1.6107303975970357,64
JP,std3,new,3,-0.02565090397633959,-0.2078491026183171,-1.6627928209465368,64
JP,std3,new,7,-0.035595543564802476,-0.25575391522029195,-2.0460313217623356,64
JP,std3,new,31,-0.03181440988442201,-0.3057289723778219,-2.445831779022575,64
JP,std3,new,127,-0.02675165288021711,-0.25123391140771995,-2.0098712912617596,64
JP,std7,new,1,-0.03551296042027011,-0.2687959689166314,-2.150367751333051,64
JP,std7,new,3,-0.03868283818930096,-0.2656798733362043,-2.1254389866896344,64
JP,std7,new,7,-0.051139946903960246,-0.3076593795047216,-2.461275036037773,64
JP,std7,new,31,-0.043087788771064534,-0.3354390391778531,-2.683512313422825,64
JP,std7,new,127,-0.036928141431798844,-0.299296802551016,-2.394374420408128,64
JP,std31,new,1,-0.03335269362690638,-0.23312417323486712,-1.864993385878937,64
JP,std31,new,3,-0.044313507115508036,-0.26053783464839136,-2.084302677187131,64
JP,std31,new,7,-0.05226069899790968,-0.26476823924490567,-2.1181459139592453,64
JP,std31,new,31,-0.04030001487837678,-0.26687212354351936,-2.134976988348155,64
JP,std31,new,127,-0.029131474261182382,-0.2229385522209659,-1.7835084177677272,64
JP,std127,new,1,-0.028232469390173716,-0.1892155092254618,-1.5137240738036943,64
JP,std127,new,3,-0.03951355416336792,-0.22035615007486065,-1.7628492005988852,64
JP,std127,new,7,-0.05132840966390137,-0.2510036876909918,-2.0080295015279344,64
JP,std127,new,31,-0.039006851192928446,-0.22985778203851498,-1.8388622563081198,64
JP,std127,new,127,-0.04119648885735869,-0.28033536198064746,-2.2426828958451797,64
JP,rsi7,new,1,-0.01371040105385143,-0.14762282006686236,-1.180982560534899,64
JP,rsi7,new,3,-0.006489702514181392,-0.06203531465450988,-0.496282517236079,64
JP,rsi7,new,7,-0.01467106774149468,-0.13958778728767085,-1.1167022983013668,64
JP,rsi7,new,31,-0.03492541667731108,-0.2943516450664756,-2.354813160531805,64
JP,rsi7,new,127,-0.017360488865581572,-0.14745537233085346,-1.1796429786468277,64
JP,rsi127,new,1,0.0029037894671153325,0.026081428017866694,0.20865142414293356,64
JP,rsi127,new,3,0.00019967976286121552,0.0017277591614508606,0.013822073291606885,64
JP,rsi127,new,7,0.001970631284800156,0.015214077676652005,0.12171262141321604,64
JP,rsi127,new,31,0.003712327375480098,0.03285203063155772,0.26281624505246176,64
JP,rsi127,new,127,0.006408786807308903,0.0611203961785717,0.4889631694285736,64
JP,atr31,new,1,-0.028120948705433184,-0.17014490248994543,-1.3611592199195635,64
JP,atr31,new,3,-0.042669262988517656,-0.21903351987957148,-1.7522681590365718,64
JP,atr31,new,7,-0.060798575288593455,-0.26751505051765845,-2.1401204041412676,64
JP,atr31,new,31,-0.04165154807568203,-0.21948764627340608,-1.7559011701872487,64
JP,atr31,new,127,-0.041000064668281065,-0.24044402253347305,-1.9235521802677844,64
JP,atr127,new,1,-0.02455813807699668,-0.1438155802208419,-1.1505246417667352,64
JP,atr127,new,3,-0.03660204582433524,-0.18670429769244648,-1.4936343815395718,64
JP,atr127,new,7,-0.05700120400701307,-0.2559710315981494,-2.047768252785195,64
JP,atr127,new,31,-0.04001321163229131,-0.2058243343512799,-1.6465946748102391,64
JP,atr127,new,127,-0.041889525517228625,-0.23233446984570105,-1.8586757587656084,64
JP,obv127,new,1,-0.00791478579461293,-0.07087605917714764,-0.5670084734171811,64
JP,obv127,new,3,-0.01701007211027087,-0.12483359014667746,-0.9986687211734196,64
JP,obv127,new,7,-0.025829689486808975,-0.17460434638382868,-1.3968347710706295,64
JP,obv127,new,31,-0.017470027718824853,-0.12815550110756685,-1.0252440088605348,64
JP,obv127,new,127,-0.025108257439394925,-0.19284035662499632,-1.5427228529999706,64
JP,corr127,new,1,-0.005529119250965437,-0.06308483798698647,-0.5046787038958918,64
JP,corr127,new,3,-0.007917693889454557,-0.07580994403768646,-0.6064795523014916,64
JP,corr127,new,7,-0.015352813712294565,-0.1418929811586512,-1.1351438492692096,64
JP,corr127,new,31,-0.029310717660671573,-0.2893421374655571,-2.3147370997244567,64
JP,corr127,new,127,-0.022453631161250744,-0.2559400674901487,-2.0475205399211895,64
JP,overnight127,new,1,0.004704151903265272,0.03649146065976929,0.29193168527815433,64
JP,overnight127,new,3,0.010322419093210479,0.07604522627646824,0.608361810211746,64
JP,overnight127,new,7,0.013049669142730959,0.09159945378123215,0.7327956302498572,64
JP,overnight127,new,31,0.016357015366487097,0.13338573672932127,1.0670858938345702,64
JP,overnight127,new,127,0.003361133370429245,0.027891429629484838,0.2231314370358787,64
JP,vma3_7,new,1,0.0006264012809354376,0.010405081813205186,0.08324065450564148,64
JP,vma3_7,new,3,0.010362624571076163,0.1520835192984797,1.2166681543878377,64
JP,vma3_7,new,7,0.010325037318089264,0.1431432054686452,1.1451456437491616,64
JP,vma3_7,new,31,-0.0034360545359207488,-0.05659566682510342,-0.45276533460082735,64
JP,vma3_7,new,127,-0.007437788055219056,-0.11560952117266145,-0.9248761693812916,64
JP,vma7_31,new,1,-0.0017911230310880622,-0.021320045682961693,-0.17056036546369355,64
JP,vma7_31,new,3,0.0008268410075726301,0.007988973267489905,0.06391178613991924,64
JP,vma7_31,new,7,0.005255538868849396,0.04667494267557155,0.3733995414045724,64
JP,vma7_31,new,31,0.003084387901045778,0.029745253458087727,0.23796202766470181,64
JP,vma7_31,new,127,0.0008706897298735757,0.010164696973193874,0.08131757578555099,64
JP,vma31_127,new,1,-0.020885618212399985,-0.2773177147416813,-2.2185417179334506,64
JP,vma31_127,new,3,-0.02035585341029373,-0.28102496539571403,-2.2481997231657123,64
JP,vma31_127,new,7,-0.01713762855202461,-0.19960214654626132,-1.5968171723700906,64
JP,vma31_127,new,31,-0.006032867137077262,-0.06955032268285871,-0.5564025814628697,64
JP,vma31_127,new,127,0.004732218004993863,0.060150798682712656,0.48120638946170124,64
JP,rsv7,new,1,-0.013685220827143726,-0.15381165436490593,-1.2304932349192474,64
JP,rsv7,new,3,-0.003357128522678123,-0.03561871876326177,-0.28494975010609414,64
JP,rsv7,new,7,-0.01603652515851447,-0.1480335809266906,-1.1842686474135249,64
JP,rsv7,new,31,-0.03380609734048719,-0.31333786275370995,-2.5067029020296796,64
JP,rsv7,new,127,-0.02165277776832055,-0.20828960496724383,-1.6663168397379506,64
JP,rsv31,new,1,-0.023557319852382592,-0.2126278181388458,-1.7010225451107663,64
JP,rsv31,new,3,-0.015175148122367837,-0.13071183303303255,-1.0456946642642604,64
JP,rsv31,new,7,-0.021349756979262866,-0.16450563785154287,-1.316045102812343,64
JP,rsv31,new,31,-0.03334008762203397,-0.28196631268859723,-2.255730501508778,64
JP,rsv31,new,127,-0.011250128386097184,-0.10186676717691834,-0.8149341374153467,64
JP,rsv127,new,1,0.0017787882622938723,0.013822996022490402,0.11058396817992322,64
JP,rsv127,new,3,0.004968614560097868,0.04010950401457192,0.32087603211657534,64
JP,rsv127,new,7,0.004890761801164422,0.04019837582211367,0.32158700657690936,64
JP,rsv127,new,31,-0.004337075506398766,-0.037139436808335244,-0.29711549446668195,64
JP,rsv127,new,127,0.005754412211076823,0.05047695302852617,0.4038156242282094,64
JP,rank7,new,1,-0.020288266204260164,-0.220558504178825,-1.7644680334306,64
JP,rank7,new,3,-0.010485684838980748,-0.11416297696491881,-0.9133038157193505,64
JP,rank7,new,7,-0.023356004220162395,-0.2245766424256684,-1.7966131394053473,64
JP,rank7,new,31,-0.02725057859171213,-0.26932788230140725,-2.154623058411258,64
JP,rank7,new,127,-0.01807412109712233,-0.1815477469431649,-1.4523819755453191,64
JP,rank31,new,1,-0.03367766697247127,-0.33085484088695716,-2.6468387270956573,64
JP,rank31,new,3,-0.019703667423726454,-0.17599800257277046,-1.4079840205821637,64
JP,rank31,new,7,-0.02272539949401351,-0.1844712364742869,-1.4757698917942952,64
JP,rank31,new,31,-0.027473871670064848,-0.2314647280113527,-1.8517178240908216,64
JP,rank31,new,127,-0.011891317712586776,-0.10471201479122362,-0.837696118329789,64
JP,rank127,new,1,-0.014581784623589845,-0.1282279646798473,-1.0258237174387783,64
JP,rank127,new,3,-0.005126876383462889,-0.043019070675652867,-0.34415256540522293,64
JP,rank127,new,7,0.00013400595205914374,0.001089391008938843,0.008715128071510744,64
JP,rank127,new,31,-0.007107114378363212,-0.05977991566503472,-0.47823932532027774,64
JP,rank127,new,127,0.005793161941386196,0.05099265415766034,0.40794123326128273,64
JP,maspread3_7,new,1,-0.021078419076310854,-0.17996172529208823,-1.4396938023367059,64
JP,maspread3_7,new,3,-0.010005842120979862,-0.07468452179096352,-0.5974761743277082,64
JP,maspread3_7,new,7,-0.024511269705600757,-0.18067186824232284,-1.4453749459385827,64
JP,maspread3_7,new,31,-0.032033355219807554,-0.28607670972494686,-2.288613677799575,64
JP,maspread3_7,new,127,-0.018696462132102826,-0.1793999293040913,-1.4351994344327303,64
JP,maspread7_31,new,1,-0.03560935940313385,-0.32039721723647274,-2.563177737891782,64
JP,maspread7_31,new,3,-0.03282305866112796,-0.26190159242674843,-2.0952127394139874,64
JP,maspread7_31,new,7,-0.03198051945690763,-0.22297864198163767,-1.7838291358531013,64
JP,maspread7_31,new,31,-0.020453096081236556,-0.17222516636265922,-1.3778013309012738,64
JP,maspread7_31,new,127,0.003575729567983627,0.03432984735590421,0.2746387788472337,64
JP,maspread31_127,new,1,0.016975791846522204,0.13245592796631192,1.0596474237304954,64
JP,maspread31_127,new,3,0.005250484790322885,0.03712718430953237,0.297017474476259,64
JP,maspread31_127,new,7,0.010118518865849937,0.06574695652557766,0.5259756522046213,64
JP,maspread31_127,new,31,0.004429086780816546,0.03460029006530327,0.27680232052242615,64
JP,maspread31_127,new,127,0.0037045098223028768,0.030636566732932215,0.24509253386345772,64
JP,skew31,new,1,-0.0171618302786498,-0.22965147119957485,-1.8372117695965988,64
JP,skew31,new,3,-0.01895677768267218,-0.24486167077447832,-1.9588933661958265,64
JP,skew31,new,7,-0.025782283061729135,-0.3357483063346246,-2.685986450676997,64
JP,skew31,new,31,-0.015923691283340778,-0.20431982789518388,-1.634558623161471,64
JP,skew31,new,127,0.001964942649303292,0.025808786646759365,0.20647029317407492,64
JP,skew127,new,1,-0.0183545393842302,-0.25111374476021453,-2.0089099580817162,64
JP,skew127,new,3,-0.017586232684390992,-0.2014658327131372,-1.6117266617050976,64
JP,skew127,new,7,-0.022619839751023045,-0.22918208417035682,-1.8334566733628546,64
JP,skew127,new,31,-0.028490861398320626,-0.33864222776664143,-2.7091378221331315,64
JP,skew127,new,127,-0.00804389193106556,-0.09058912165350341,-0.7247129732280273,64
JP,amihud7,new,1,-0.024497230718332264,-0.2306367947597053,-1.8450943580776424,64
JP,amihud7,new,3,-0.025338750980079858,-0.21508755817358086,-1.7207004653886468,64
JP,amihud7,new,7,-0.0370227819653791,-0.26033618981721945,-2.0826895185377556,64
JP,amihud7,new,31,-0.03918756285010981,-0.38251522935285964,-3.060121834822877,64
JP,amihud7,new,127,-0.03493490914141366,-0.32143871440417426,-2.571509715233394,64
JP,amihud31,new,1,-0.030475517614064418,-0.3067358738314402,-2.4538869906515215,64
JP,amihud31,new,3,-0.037505554842966846,-0.31913159077591285,-2.553052726207303,64
JP,amihud31,new,7,-0.044255477058979746,-0.3204259503544534,-2.5634076028356274,64
JP,amihud31,new,31,-0.03869995768246766,-0.34646483787827914,-2.771718703026233,64
JP,amihud31,new,127,-0.02611896823364048,-0.2467674069250509,-1.9741392554004071,64
JP,amihud127,new,1,-0.026572920979131553,-0.26183328408045964,-2.094666272643677,64
JP,amihud127,new,3,-0.032267395550350096,-0.27578006664916077,-2.206240533193286,64
JP,amihud127,new,7,-0.037881558624137494,-0.2623165174869673,-2.0985321398957386,64
JP,amihud127,new,31,-0.03637729834532376,-0.3186204529864823,-2.5489636238918583,64
JP,amihud127,new,127,-0.01802039071819026,-0.17426450317374315,-1.3941160253899452,64
KR,ma3,current24,1,-0.000636331974361051,-0.004724428960689228,-0.037795431685513824,64
KR,ma3,current24,3,-0.006488406182359123,-0.0470797009884832,-0.3766376079078656,64
KR,ma3,current24,7,-0.0012715078455275215,-0.010641615627809811,-0.08513292502247849,64
KR,ma3,current24,31,-0.016914866578857712,-0.16845225521954774,-1.347618041756382,64
KR,ma3,current24,127,-0.026073547266706226,-0.27400134102769097,-2.1920107282215278,64
KR,ma7,current24,1,0.0008190031544525068,0.005643916993676388,0.045151335949411106,64
KR,ma7,current24,3,-0.006343885666738743,-0.041506711598134946,-0.33205369278507957,64
KR,ma7,current24,7,-0.0005363416366312721,-0.003799213787262102,-0.030393710298096815,64
KR,ma7,current24,31,-0.015755729626331167,-0.14255026613108887,-1.140402129048711,64
KR,ma7,current24,127,-0.03561781567147344,-0.2824160911975763,-2.2593287295806106,64
KR,ma31,current24,1,0.00885718420882969,0.062192913486576046,0.49754330789260837,64
KR,ma31,current24,3,0.004161943140864856,0.02628867328441262,0.21030938627530096,64
KR,ma31,current24,7,0.026697144122350063,0.17015751103197482,1.3612600882557986,64
KR,ma31,current24,31,0.028244427610308244,0.21935388728805855,1.7548310983044684,64
KR,ma31,current24,127,0.0004043952007441523,0.002838115318959647,0.022704922551677175,64
KR,rsi3,current24,1,-0.00920552676046019,-0.08843739568651128,-0.7074991654920902,64
KR,rsi3,current24,3,-0.00253655018550172,-0.021658964097154388,-0.1732717127772351,64
KR,rsi3,current24,7,-0.003052698061377794,-0.027244684894545217,-0.21795747915636174,64
KR,rsi3,current24,31,0.013509502265859145,0.13196346701916692,1.0557077361533354,64
KR,rsi3,current24,127,0.031059167339896984,0.2875723865458047,2.3005790923664375,64
KR,rsi31,current24,1,-0.004629967707888821,-0.03450178089568738,-0.27601424716549905,64
KR,rsi31,current24,3,-0.008195301567277801,-0.055636679323062675,-0.4450934345845014,64
KR,rsi31,current24,7,-0.027274535207709057,-0.20217146729023205,-1.6173717383218564,64
KR,rsi31,current24,31,-0.029225008395709563,-0.22690941903954423,-1.8152753523163538,64
KR,rsi31,current24,127,-0.009395662220718495,-0.07888510599157082,-0.6310808479325666,64
KR,atr3,current24,1,-0.0006884953256464351,-0.004275706730363382,-0.03420565384290706,64
KR,atr3,current24,3,-0.012961136702225547,-0.08340245630838021,-0.6672196504670417,64
KR,atr3,current24,7,-0.04743890536884397,-0.33071100802077363,-2.645688064166189,64
KR,atr3,current24,31,-0.060992799271835166,-0.48759339204717905,-3.9007471363774324,64
KR,atr3,current24,127,-0.06231059606326039,-0.5115858756241811,-4.092687004993449,64
KR,atr7,current24,1,-0.002386835178365016,-0.01384250108077944,-0.11074000864623552,64
KR,atr7,current24,3,-0.016290170465371227,-0.09615925368094057,-0.7692740294475245,64
KR,atr7,current24,7,-0.05045318120838186,-0.3036396747066216,-2.429117397652973,64
KR,atr7,current24,31,-0.06998735079724734,-0.5316915114038882,-4.253532091231105,64
KR,atr7,current24,127,-0.0702638454632801,-0.6136504703002107,-4.9092037624016855,64
KR,obv3,current24,1,-0.001406159327690591,-0.0114787182533176,-0.0918297460265408,64
KR,obv3,current24,3,-0.006507042969727542,-0.047345013024309365,-0.3787601041944749,64
KR,obv3,current24,7,-0.010988063126433783,-0.0884021983432825,-0.70721758674626,64
KR,obv3,current24,31,0.005820039539670306,0.05590569974364219,0.44724559794913754,64
KR,obv3,current24,127,0.024834376619957448,0.23132672194449946,1.8506137755559957,64
KR,obv7,current24,1,-0.002956088169284203,-0.024635268176775187,-0.1970821454142015,64
KR,obv7,current24,3,-0.0014889702213379558,-0.012180012132371977,-0.09744009705897581,64
KR,obv7,current24,7,-0.011464001773296378,-0.10336556442215092,-0.8269245153772073,64
KR,obv7,current24,31,-0.010494052742001329,-0.10212669156205911,-0.8170135324964729,64
KR,obv7,current24,127,-0.0023394766879657716,-0.02198823411088018,-0.17590587288704143,64
KR,obv31,current24,1,-0.024244418007359346,-0.1894623729293464,-1.5156989834347712,64
KR,obv31,current24,3,-0.034426848890790646,-0.27705130124897054,-2.2164104099917643,64
KR,obv31,current24,7,-0.048667871034352675,-0.37896122955294115,-3.031689836423529,64
KR,obv31,current24,31,-0.054290830978311666,-0.5208978023916873,-4.167182419133498,64
KR,obv31,current24,127,-0.05072022602016749,-0.49039865253780496,-3.9231892203024397,64
KR,corr3,current24,1,0.004913117148532001,0.05328229953827636,0.4262583963062109,64
KR,corr3,current24,3,0.0008557691720223661,0.011463328858124594,0.09170663086499675,64
KR,corr3,current24,7,-0.008072704080473725,-0.117910226934002,-0.943281815472016,64
KR,corr3,current24,31,-0.0073491946568194,-0.09777294390914465,-0.7821835512731572,64
KR,corr3,current24,127,-0.017930577847836717,-0.2331368541883438,-1.8650948335067503,64
KR,corr7,current24,1,-0.005078326397077089,-0.05273290064226998,-0.42186320513815984,64
KR,corr7,current24,3,-0.014045110442449653,-0.16393242254052426,-1.311459380324194,64
KR,corr7,current24,7,-0.026998734989820767,-0.2889279766199639,-2.311423812959711,64
KR,corr7,current24,31,-0.03249891997442986,-0.31855147908466636,-2.548411832677331,64
KR,corr7,current24,127,-0.034646928703254254,-0.40320609702540067,-3.2256487762032053,64
KR,corr31,current24,1,-0.026400406131970436,-0.23430730693481305,-1.8744584554785044,64
KR,corr31,current24,3,-0.034730607910455444,-0.3098526876355491,-2.4788215010843926,64
KR,corr31,current24,7,-0.050477292463188106,-0.4217350576646933,-3.3738804613175466,64
KR,corr31,current24,31,-0.06202990365122982,-0.591151177635134,-4.729209421081072,64
KR,corr31,current24,127,-0.05178200630980527,-0.5654206594946906,-4.5233652759575245,64
KR,curvature,current24,1,-0.008654767005719754,-0.07625374353385664,-0.6100299482708531,64
KR,curvature,current24,3,0.0009606144300481788,0.007707849146568979,0.061662793172551834,64
KR,curvature,current24,7,-0.0007353253311679873,-0.005886026514394493,-0.047088212115155945,64
KR,curvature,current24,31,-0.009486953367539084,-0.09140392598641561,-0.7312314078913249,64
KR,curvature,current24,127,-0.009789573005618864,-0.09531200942780008,-0.7624960754224006,64
KR,vma_3_7,current24,1,0.00017034447106398058,0.0016820985191405575,0.01345678815312446,64
KR,vma_3_7,current24,3,-6.146707466563386e-05,-0.0006567254986328098,-0.005253803989062478,64
KR,vma_3_7,current24,7,-0.004091011332189292,-0.0429283882109121,-0.3434271056872968,64
KR,vma_3_7,current24,31,0.01680827660144746,0.17415342700630917,1.3932274160504734,64
KR,vma_3_7,current24,127,0.010804066609832137,0.14677636382266432,1.1742109105813145,64
KR,factor,current24,1,-0.0028352612160672894,-0.02820591541770044,-0.2256473233416035,64
KR,factor,current24,3,0.011898890590228731,0.11747946561298107,0.9398357249038486,64
KR,factor,current24,7,0.016497913290950426,0.17267598650880567,1.3814078920704453,64
KR,factor,current24,31,0.01933177512733516,0.193238179805759,1.545905438446072,64
KR,factor,current24,127,-0.00236733086385638,-0.02523704118345602,-0.20189632946764816,64
KR,overnight3,current24,1,-0.002254217256270227,-0.01798968567712968,-0.14391748541703744,64
KR,overnight3,current24,3,-0.010176551253097915,-0.0804462395478211,-0.6435699163825688,64
KR,overnight3,current24,7,-0.00982578507188514,-0.08614960740354961,-0.6891968592283969,64
KR,overnight3,current24,31,-0.024993536162753103,-0.23857391075077386,-1.9085912860061909,64
KR,overnight3,current24,127,-0.027255220436280918,-0.2715773567277427,-2.1726188538219415,64
KR,overnight7,current24,1,0.0017333313602576534,0.012255521160067616,0.09804416928054092,64
KR,overnight7,current24,3,-0.00896783942078481,-0.060105594444425904,-0.48084475555540723,64
KR,overnight7,current24,7,-0.004573266504232659,-0.033785595507948234,-0.27028476406358587,64
KR,overnight7,current24,31,-0.023554553277025013,-0.22178730745222056,-1.7742984596177644,64
KR,overnight7,current24,127,-0.04187672514222008,-0.33462167139536036,-2.676973371162883,64
KR,overnight31,current24,1,0.00841829543543576,0.05902475394275884,0.47219803154207074,64
KR,overnight31,current24,3,0.0030984278393431236,0.019492838208633633,0.15594270566906906,64
KR,overnight31,current24,7,0.024783141629613724,0.15782884455547685,1.2626307564438148,64
KR,overnight31,current24,31,0.025482701591959568,0.19839042659600714,1.5871234127680571,64
KR,overnight31,current24,127,-0.0027737334598616856,-0.01927758938222168,-0.15422071505777343,64
KR,alpha15_wq,current24,1,0.0069537240853403265,0.08827974580783626,0.6838119706423477,60
KR,alpha15_wq,current24,3,0.01825336569950094,0.19692717828013082,1.5253913637891312,60
KR,alpha15_wq,current24,7,0.022627733032711792,0.25164396773734127,1.9492257924405587,60
KR,alpha15_wq,current24,31,0.005645689208359746,0.0612976710959275,0.4748097186316539,60
KR,alpha15_wq,current24,127,0.0062917461813185105,0.06461969932124069,0.5005420386161918,60
KR,alpha128_gtja,current24,1,0.0016361303962268798,0.012324556398990053,0.09859645119192043,64
KR,alpha128_gtja,current24,3,0.0034470464877609085,0.026418680800999104,0.21134944640799283,64
KR,alpha128_gtja,current24,7,0.012936259464486758,0.0940556162603173,0.7524449300825384,64
KR,alpha128_gtja,current24,31,0.00595158102914109,0.054326857651407906,0.43461486121126325,64
KR,alpha128_gtja,current24,127,-0.003659582803913851,-0.0304094861227543,-0.2432758889820344,64
KR,alpha101_gtja,current24,1,-0.0040608591210037895,-0.03354110945773789,-0.2683288756619031,64
KR,alpha101_gtja,current24,3,0.004684809319359316,0.03275799702783935,0.2620639762227148,64
KR,alpha101_gtja,current24,7,-0.00926189385477913,-0.06612416860940201,-0.5289933488752161,64
KR,alpha101_gtja,current24,31,-0.00884398294112345,-0.07461743054492365,-0.5969394443593892,64
KR,alpha101_gtja,current24,127,0.014830322961563874,0.12038516406690689,0.9630813125352551,64
KR,aplha22_3_7,current24,1,-0.025221090317118836,-0.2729181152551531,-2.1833449220412247,64
KR,aplha22_3_7,current24,3,-0.021057881400579338,-0.2261557456305577,-1.8092459650444617,64
KR,aplha22_3_7,current24,7,-0.009086516145719934,-0.09821562376093887,-0.785724990087511,64
KR,aplha22_3_7,current24,31,0.0030545129980921164,0.03773704698294103,0.30189637586352824,64
KR,aplha22_3_7,current24,127,0.010245113306783214,0.15812803663461114,1.2650242930768891,64
KR,aplha22_7_31,current24,1,-0.00875775299048798,-0.09416393080593098,-0.7533114464474479,64
KR,aplha22_7_31,current24,3,-0.0019771867511089412,-0.023784275078048978,-0.19027420062439182,64
KR,aplha22_7_31,current24,7,0.004813049974179539,0.052777225133268664,0.4222178010661493,64
KR,aplha22_7_31,current24,31,-0.008753542817623073,-0.091135056279914,-0.729080450239312,64
KR,aplha22_7_31,current24,127,-0.00886957222149398,-0.10619145984425923,-0.8495316787540739,64
KR,mom1,new,1,-0.002609121914498223,-0.019540956540523742,-0.15632765232418994,64
KR,mom1,new,3,0.003424229186036159,0.0276647217626252,0.2213177741010016,64
KR,mom1,new,7,-0.0011972826913247466,-0.010773373318343523,-0.08618698654674818,64
KR,mom1,new,31,0.007212688717395681,0.06483772506121928,0.5187018004897542,64
KR,mom1,new,127,0.017179515614575425,0.14891149286817373,1.1912919429453899,64
KR,mom3,new,1,-0.007567427119797682,-0.053580269328585006,-0.42864215462868005,64
KR,mom3,new,3,-0.0026338402567885524,-0.017282245217478107,-0.13825796173982485,64
KR,mom3,new,7,-0.006739656832061385,-0.04871824759470849,-0.3897459807576679,64
KR,mom3,new,31,0.011173963275531253,0.10668597364516048,0.8534877891612839,64
KR,mom3,new,127,0.03498783658372331,0.2979817643358402,2.383854114686722,64
KR,mom7,new,1,-7.494899558466595e-05,-0.0005252143179549225,-0.00420171454363938,64
KR,mom7,new,3,0.009091534927574536,0.05960919086443519,0.4768735269154815,64
KR,mom7,new,7,-0.0016037990347759889,-0.011435369920401074,-0.09148295936320859,64
KR,mom7,new,31,0.008174574293989545,0.07357010854861991,0.5885608683889593,64
KR,mom7,new,127,0.026037368907739878,0.21193974440921803,1.6955179552737443,64
KR,mom31,new,1,-0.013128105281848662,-0.08495813516641605,-0.6796650813313284,64
KR,mom31,new,3,-0.015843713887059324,-0.09270797299870902,-0.7416637839896721,64
KR,mom31,new,7,-0.04026962318582918,-0.25269675300582845,-2.0215740240466276,64
KR,mom31,new,31,-0.04327941703753015,-0.3258816359203854,-2.607053087363083,64
KR,mom31,new,127,-0.023577905045410248,-0.19114973797595375,-1.52919790380763,64
KR,mom127,new,1,0.015222237737365661,0.10026350765329764,0.8021080612263811,64
KR,mom127,new,3,0.008736032923005288,0.049768242090354915,0.3981459367228393,64
KR,mom127,new,7,-0.015756093189266386,-0.08651829359732237,-0.692146348778579,64
KR,mom127,new,31,-0.02278098621890199,-0.1410418679443026,-1.1283349435544208,64
KR,mom127,new,127,0.005275286409275184,0.03699672796282258,0.29597382370258063,64
KR,ma127,new,1,-0.014977885067775948,-0.09683530495271894,-0.7746824396217515,64
KR,ma127,new,3,-0.009094994065296423,-0.05243669455036421,-0.4194935564029137,64
KR,ma127,new,7,0.019579348092597405,0.10833577940168833,0.8666862352135066,64
KR,ma127,new,31,0.025621602044641645,0.1682800718763334,1.3462405750106672,64
KR,ma127,new,127,0.0057029451375070535,0.04301392895833864,0.3441114316667091,64
KR,std3,new,1,-0.0216301561523793,-0.145238292884162,-1.161906343073296,64
KR,std3,new,3,-0.029585448692365374,-0.2178756847683128,-1.7430054781465023,64
KR,std3,new,7,-0.044857723092539235,-0.36608994151152197,-2.9287195320921757,64
KR,std3,new,31,-0.039677632985917824,-0.38330887967236354,-3.0664710373789084,64
KR,std3,new,127,-0.040009709830461454,-0.38566548820566837,-3.085323905645347,64
KR,std7,new,1,-0.01463451334674475,-0.09137191549160313,-0.730975323932825,64
KR,std7,new,3,-0.02821256945028309,-0.18064952824067151,-1.4451962259253721,64
KR,std7,new,7,-0.05026013491126387,-0.33181514044555066,-2.6545211235644053,64
KR,std7,new,31,-0.05161040494954453,-0.443154112692461,-3.545232901539688,64
KR,std7,new,127,-0.0542008574705522,-0.43156486409387335,-3.4525189127509868,64
KR,std31,new,1,-0.003986749469017938,-0.02087400079175824,-0.1669920063340659,64
KR,std31,new,3,-0.02089695551622037,-0.11205120535509756,-0.8964096428407805,64
KR,std31,new,7,-0.041309291248657114,-0.2252938133435873,-1.8023505067486985,64
KR,std31,new,31,-0.05810525890331344,-0.3891736670369293,-3.1133893362954344,64
KR,std31,new,127,-0.06978342517207312,-0.5875384400228112,-4.7003075201824895,64
KR,std127,new,1,-0.015033410388724716,-0.08488332214064322,-0.6790665771251457,64
KR,std127,new,3,-0.025144464384770297,-0.12841192531819226,-1.027295402545538,64
KR,std127,new,7,-0.038290134559618966,-0.19458601816084092,-1.5566881452867274,64
KR,std127,new,31,-0.06085451803007521,-0.3849963890651085,-3.079971112520868,64
KR,std127,new,127,-0.06420588373064018,-0.531615801298903,-4.252926410391224,64
KR,rsi7,new,1,-0.006454550030357482,-0.05989792188970446,-0.4791833751176357,64
KR,rsi7,new,3,0.004674556391753489,0.03791980197716511,0.30335841581732087,64
KR,rsi7,new,7,0.0022473165210887746,0.019113879625960246,0.15291103700768197,64
KR,rsi7,new,31,0.015936882695299096,0.16078466836227387,1.286277346898191,64
KR,rsi7,new,127,0.03236651807306929,0.3069509996009093,2.4556079968072746,64
KR,rsi127,new,1,0.016689016444299792,0.11634585157962189,0.9307668126369751,64
KR,rsi127,new,3,0.009888604834256423,0.06273546489471432,0.5018837191577146,64
KR,rsi127,new,7,-0.009467099237653582,-0.05749070154049368,-0.45992561232394946,64
KR,rsi127,new,31,-0.0073873266979497965,-0.04893261793589452,-0.39146094348715615,64
KR,rsi127,new,127,0.016064283504719237,0.11628575948803829,0.9302860759043063,64
KR,atr31,new,1,-0.004726442920226101,-0.025668644457046717,-0.20534915565637374,64
KR,atr31,new,3,-0.017648816425223916,-0.0941635464310699,-0.7533083714485592,64
KR,atr31,new,7,-0.046311255036154055,-0.26289005083364747,-2.1031204066691798,64
KR,atr31,new,31,-0.06257661538482698,-0.42414556439797557,-3.3931645151838046,64
KR,atr31,new,127,-0.06712183878334287,-0.5438910859769917,-4.351128687815933,64
KR,atr127,new,1,-0.019327053537420882,-0.10509438414180773,-0.8407550731344618,64
KR,atr127,new,3,-0.02328235876497106,-0.11686671698125152,-0.9349337358500122,64
KR,atr127,new,7,-0.04021717012619365,-0.21147406410076022,-1.6917925128060818,64
KR,atr127,new,31,-0.05804921136316207,-0.3447482030648251,-2.757985624518601,64
KR,atr127,new,127,-0.06767645762087757,-0.49017317197369814,-3.921385375789585,64
KR,obv127,new,1,-0.01835791426739416,-0.14363001375376033,-1.1490401100300827,64
KR,obv127,new,3,-0.032430700647492205,-0.23666594300147664,-1.8933275440118131,64
KR,obv127,new,7,-0.038878644957767855,-0.26432105843633713,-2.114568467490697,64
KR,obv127,new,31,-0.040039375459233785,-0.33052395949324126,-2.64419167594593,64
KR,obv127,new,127,-0.01426023219303615,-0.11818768190424161,-0.9455014552339329,64
KR,corr127,new,1,-0.010629525380648293,-0.0832492979153354,-0.6659943833226832,64
KR,corr127,new,3,-0.02224041667853842,-0.17752830209087875,-1.42022641672703,64
KR,corr127,new,7,-0.04597371986785262,-0.37852225907461573,-3.028178072596926,64
KR,corr127,new,31,-0.05344442417462829,-0.38337281457140526,-3.066982516571242,64
KR,corr127,new,127,-0.04134064186642297,-0.32961842686673853,-2.6369474149339083,64
KR,overnight127,new,1,-0.014904264632371707,-0.09640636749969515,-0.7712509399975612,64
KR,overnight127,new,3,-0.009172097854697588,-0.05283030169460233,-0.42264241355681864,64
KR,overnight127,new,7,0.01890972002849057,0.10461343245254205,0.8369074596203364,64
KR,overnight127,new,31,0.024282487988329823,0.15934932278920197,1.2747945823136158,64
KR,overnight127,new,127,0.004518420278858222,0.03386395330708061,0.2709116264566449,64
KR,vma3_7,new,1,0.00017034447106398058,0.0016820985191405575,0.01345678815312446,64
KR,vma3_7,new,3,-6.146707466563386e-05,-0.0006567254986328098,-0.005253803989062478,64
KR,vma3_7,new,7,-0.004091011332189292,-0.0429283882109121,-0.3434271056872968,64
KR,vma3_7,new,31,0.01680827660144746,0.17415342700630917,1.3932274160504734,64
KR,vma3_7,new,127,0.010804066609832137,0.14677636382266432,1.1742109105813145,64
KR,vma7_31,new,1,-0.00047894900951027863,-0.005383075997256064,-0.043064607978048515,64
KR,vma7_31,new,3,0.011873675283007,0.1159370132623452,0.9274961060987617,64
KR,vma7_31,new,7,0.0035452195777554334,0.031401197379354,0.251209579034832,64
KR,vma7_31,new,31,-0.0014161801445986347,-0.014081339467647131,-0.11265071574117705,64
KR,vma7_31,new,127,-0.014356250018567577,-0.15245063115982166,-1.2196050492785733,64
KR,vma31_127,new,1,0.013873517086478725,0.12373410425004495,0.9898728340003596,64
KR,vma31_127,new,3,0.005375787004054488,0.0464725129389392,0.3717801035115136,64
KR,vma31_127,new,7,-0.0052757559405352105,-0.0474153631288188,-0.3793229050305504,64
KR,vma31_127,new,31,-0.004518852526461918,-0.04408449906176481,-0.35267599249411846,64
KR,vma31_127,new,127,-0.02255369163338414,-0.23280654458161806,-1.8624523566529445,64
KR,rsv7,new,1,-0.003630558942012512,-0.030651899654886572,-0.24521519723909257,64
KR,rsv7,new,3,0.009250291709181927,0.06760944381459896,0.5408755505167917,64
KR,rsv7,new,7,0.007873378103743042,0.0631310244333834,0.5050481954670673,64
KR,rsv7,new,31,0.018195057666241094,0.18612706373858232,1.4890165099086585,64
KR,rsv7,new,127,0.04005801631542537,0.3369351669278909,2.695481335423127,64
KR,rsv31,new,1,-0.004467579926363764,-0.03655841741596344,-0.2924673393277075,64
KR,rsv31,new,3,0.0039031306081356116,0.02715878952194733,0.21727031617557865,64
KR,rsv31,new,7,-0.01042604436392909,-0.07511028149149222,-0.6008822519319378,64
KR,rsv31,new,31,-0.011021768211037973,-0.09398042295855989,-0.7518433836684791,64
KR,rsv31,new,127,0.01273487103060132,0.10467913235103153,0.8374330588082523,64
KR,rsv127,new,1,0.010821662813464375,0.07815948589962524,0.6252758871970019,64
KR,rsv127,new,3,0.010797832890184558,0.07139090993385014,0.5711272794708011,64
KR,rsv127,new,7,-0.006318348894040626,-0.040385365604138496,-0.32308292483310797,64
KR,rsv127,new,31,-0.0015375762194509228,-0.011219103916638435,-0.08975283133310748,64
KR,rsv127,new,127,0.012221636741788389,0.09811815174639857,0.7849452139711885,64
KR,rank7,new,1,-0.01203838764115828,-0.11546297072437031,-0.9237037657949625,64
KR,rank7,new,3,-0.0026882575393645984,-0.021328988410419733,-0.17063190728335786,64
KR,rank7,new,7,0.00130922358069357,0.01053496281157572,0.08427970249260576,64
KR,rank7,new,31,0.012269321473046992,0.12454474299420823,0.9963579439536658,64
KR,rank7,new,127,0.028147231554324074,0.2596348893770837,2.0770791150166694,64
KR,rank31,new,1,-0.012210432219221398,-0.11533193421920973,-0.9226554737536778,64
KR,rank31,new,3,-0.0011604961524496384,-0.008419588465829679,-0.06735670772663743,64
KR,rank31,new,7,-0.010977617145300328,-0.07904251702761668,-0.6323401362209334,64
KR,rank31,new,31,-0.016382151672741752,-0.15160209512402167,-1.2128167609921734,64
KR,rank31,new,127,0.007981486123699682,0.06394924388611765,0.5115939510889412,64
KR,rank127,new,1,0.005752200747067691,0.044762192886366986,0.3580975430909359,64
KR,rank127,new,3,0.01075610571721719,0.07363015166156275,0.589041213292502,64
KR,rank127,new,7,-0.011037278302791371,-0.07172307278598895,-0.5737845822879116,64
KR,rank127,new,31,-0.008811220373707157,-0.06440081609071385,-0.5152065287257108,64
KR,rank127,new,127,0.005102780838391325,0.04023767720682074,0.3219014176545659,64
KR,maspread3_7,new,1,-0.0008892518949065687,-0.005643350585730824,-0.045146804685846594,64
KR,maspread3_7,new,3,0.0003342075058280977,0.0019389255196235633,0.015511404156988507,64
KR,maspread3_7,new,7,-0.005185236626353692,-0.03009778437252536,-0.24078227498020288,64
KR,maspread3_7,new,31,0.012059786548107283,0.09447475215343128,0.7557980172274502,64
KR,maspread3_7,new,127,0.030260540045453768,0.21360898315626975,1.708871865250158,64
KR,maspread7_31,new,1,-0.010968646216815134,-0.07232878958256674,-0.5786303166605339,64
KR,maspread7_31,new,3,-0.010332494730556828,-0.06309490839139509,-0.5047592671311607,64
KR,maspread7_31,new,7,-0.034443112192733515,-0.201518076664788,-1.612144613318304,64
KR,maspread7_31,new,31,-0.04216039846065761,-0.2910626445514847,-2.3285011564118774,64
KR,maspread7_31,new,127,-0.014374317667044783,-0.10123805565859635,-0.8099044452687708,64
KR,maspread31_127,new,1,0.023358435341821318,0.167412705251371,1.339301642010968,64
KR,maspread31_127,new,3,0.018110994490387902,0.11690208824714421,0.9352167059771537,64
KR,maspread31_127,new,7,-0.004271233929314819,-0.02534415317536959,-0.20275322540295673,64
KR,maspread31_127,new,31,-0.013288496028246664,-0.09361330069536745,-0.7489064055629396,64
KR,maspread31_127,new,127,-0.005484470862406317,-0.04849014970415974,-0.3879211976332779,64
KR,skew31,new,1,-0.008399163534946954,-0.08699327273691869,-0.6959461818953495,64
KR,skew31,new,3,-0.01580828918100267,-0.17387027763129198,-1.3909622210503358,64
KR,skew31,new,7,-0.023987713311714218,-0.23633071836957312,-1.890645746956585,64
KR,skew31,new,31,-0.04795244505345378,-0.4994843119452613,-3.99587449556209,64
KR,skew31,new,127,-0.047645585054276546,-0.5845972389507467,-4.676777911605973,64
KR,skew127,new,1,-0.008742188484079927,-0.08014299684752572,-0.6411439747802058,64
KR,skew127,new,3,-0.014004951757437227,-0.1440432403727281,-1.1523459229818247,64
KR,skew127,new,7,-0.02908381124790173,-0.31015060264495303,-2.4812048211596243,64
KR,skew127,new,31,-0.042002447203830375,-0.4030112995459752,-3.2240903963678016,64
KR,skew127,new,127,-0.03453785619072848,-0.31721077327721253,-2.5376861862177003,64
KR,amihud7,new,1,-0.009600455808385673,-0.07945057838725815,-0.6356046270980652,64
KR,amihud7,new,3,-0.01604210812105878,-0.12879558313699657,-1.0303646650959726,64
KR,amihud7,new,7,-0.031585865794235196,-0.24800208459197826,-1.984016676735826,64
KR,amihud7,new,31,-0.03263851888049926,-0.3228462422407936,-2.582769937926349,64
KR,amihud7,new,127,-0.04478306978223457,-0.4900867878951547,-3.9206943031612376,64
KR,amihud31,new,1,-0.008373710498953368,-0.07861087464932838,-0.628886997194627,64
KR,amihud31,new,3,-0.0026694287266387264,-0.024303559570343983,-0.19442847656275186,64
KR,amihud31,new,7,-0.018574621114552534,-0.1578523283390286,-1.2628186267122288,64
KR,amihud31,new,31,-0.02827600137435153,-0.26815364924287466,-2.1452291939429973,64
KR,amihud31,new,127,-0.04532709981017831,-0.503446706103647,-4.027573648829176,64
KR,amihud127,new,1,-0.0003202939580614593,-0.0028945489726169556,-0.023156391780935644,64
KR,amihud127,new,3,0.001306261790964101,0.0109373981686812,0.0874991853494496,64
KR,amihud127,new,7,-0.018153929150647084,-0.15392962122457088,-1.231436969796567,64
KR,amihud127,new,31,-0.030159323916035808,-0.2761020024672817,-2.208816019738254,64
KR,amihud127,new,127,-0.046879782797528274,-0.489635269649586,-3.917082157196688,64
TW,ma3,current24,1,0.04780230525257555,0.26305145993491946,2.12078867106155,65
TW,ma3,current24,3,0.05835639840399771,0.3420950951271498,2.7580588313437926,65
TW,ma3,current24,7,0.04880055413183224,0.28018007304906467,2.258883964858675,65
TW,ma3,current24,31,0.020307663878555215,0.10984824458738894,0.8856248610616706,65
TW,ma3,current24,127,-0.0170767989034876,-0.10152480491120891,-0.8185191450398926,65
TW,ma7,current24,1,0.04910215257742512,0.2806862399361508,2.262964812766018,65
TW,ma7,current24,3,0.07336578476485357,0.4864613379515005,3.921976691147164,65
TW,ma7,current24,7,0.07415348522751958,0.439312360885914,3.5418494854757885,65
TW,ma7,current24,31,0.04540528222757619,0.2876872802692493,2.3194090044376914,65
TW,ma7,current24,127,-0.0034817507899694393,-0.02297395603259507,-0.18522195503285976,65
TW,ma31,current24,1,0.044961485848882744,0.256104785576818,2.0647827918930393,65
TW,ma31,current24,3,0.04734199591933838,0.29248373729135674,2.3580792772285584,65
TW,ma31,current24,7,0.05190798393216047,0.3373654052022239,2.7199268520995097,65
TW,ma31,current24,31,0.05724307981245721,0.34328013104492117,2.767612896353857,65
TW,ma31,current24,127,-0.006137821903842839,-0.040019057566602866,-0.3226439569459496,65
TW,rsi3,current24,1,-0.03307754015315033,-0.23952412072727752,-1.9311051982378902,65
TW,rsi3,current24,3,-0.04626949886578556,-0.34471330042253673,-2.7791674772731625,65
TW,rsi3,current24,7,-0.054971640090992,-0.3980447325558575,-3.2091392292178855,65
TW,rsi3,current24,31,-0.0292177725480435,-0.21756290575015114,-1.7540482226265028,65
TW,rsi3,current24,127,0.00597359246158364,0.04781078324137592,0.3854628576400055,65
TW,rsi31,current24,1,-0.02474126046337044,-0.1580751605435381,-1.2744426879056772,65
TW,rsi31,current24,3,-0.02066601222071417,-0.13435157171866846,-1.083177000084923,65
TW,rsi31,current24,7,-0.03202067252367546,-0.21318054243001966,-1.7187164799929133,65
TW,rsi31,current24,31,-0.03292500972702286,-0.21018154961661806,-1.694537826945975,65
TW,rsi31,current24,127,0.01512517501590489,0.11583793597884183,0.9339152968923289,65
TW,atr3,current24,1,-0.07826244382514355,-0.36779375808590936,-2.9652480759039648,65
TW,atr3,current24,3,-0.06713455786768713,-0.3424809008708605,-2.7611692966903627,65
TW,atr3,current24,7,-0.047791342383072484,-0.24890737413852485,-2.0067554057569676,65
TW,atr3,current24,31,-0.02787108596095844,-0.1339498821920408,-1.0799384755864587,65
TW,atr3,current24,127,-0.04261548022884529,-0.24297489822947882,-1.9589262558926668,65
TW,atr7,current24,1,-0.07868077364446467,-0.33969490819369386,-2.738707905642173,65
TW,atr7,current24,3,-0.06457574238772118,-0.30046528912094655,-2.422428605310115,65
TW,atr7,current24,7,-0.05131109253427844,-0.25480917402453374,-2.054337237616851,65
TW,atr7,current24,31,-0.03699349364276776,-0.16112070473195395,-1.2989966501365184,65
TW,atr7,current24,127,-0.05280438581628564,-0.27895940370793326,-2.249042614005028,65
TW,obv3,current24,1,-0.04771442400624704,-0.2734330881861032,-2.2044880338696107,65
TW,obv3,current24,3,-0.06339770728174673,-0.42101906013277524,-3.39436417973684,65
TW,obv3,current24,7,-0.06544882065136004,-0.4550393678178746,-3.668644668970533,65
TW,obv3,current24,31,-0.029719207392004038,-0.21835216966348153,-1.7604114717272032,65
TW,obv3,current24,127,0.0038896461736136548,0.030007311828389817,0.2419266822940465,65
TW,obv7,current24,1,-0.03736472404839046,-0.25904875502705865,-2.0885178324039964,65
TW,obv7,current24,3,-0.05025027235267714,-0.3407280879547926,-2.7470376671764765,65
TW,obv7,current24,7,-0.05821112084507429,-0.37583237733407215,-3.0300574962230873,65
TW,obv7,current24,31,-0.052090586646791254,-0.3380700276389124,-2.725607699799326,65
TW,obv7,current24,127,-0.017183808429680317,-0.12582072092809074,-1.0143990821990092,65
TW,obv31,current24,1,-0.026443722323632353,-0.16492296821319816,-1.3296514783492523,65
TW,obv31,current24,3,-0.0230264300194342,-0.1336213113107889,-1.0772894524532204,65
TW,obv31,current24,7,-0.04773557259105889,-0.3410174872655467,-2.749370879011956,65
TW,obv31,current24,31,-0.06369782927994684,-0.42514105837467014,-3.42759679200103,65
TW,obv31,current24,127,-0.021346513203381674,-0.1371953627504453,-1.106104376365408,65
TW,corr3,current24,1,-0.05052016984571457,-0.4028424889654963,-3.2478199780059454,65
TW,corr3,current24,3,-0.045641079441596635,-0.3616819288972224,-2.915972933671196,65
TW,corr3,current24,7,-0.03803050118949793,-0.2866536949985141,-2.3110759735801794,65
TW,corr3,current24,31,-0.0219987893700342,-0.1657300927190681,-1.336158724150544,65
TW,corr3,current24,127,-0.01673122489947393,-0.1160246297283917,-0.9354204700211962,65
TW,corr7,current24,1,-0.03528192350499967,-0.24567155619206194,-1.980667407446014,65
TW,corr7,current24,3,-0.03617622078431383,-0.23214811793120585,-1.8716379625437898,65
TW,corr7,current24,7,-0.048669691869139386,-0.3593564424805456,-2.897224262789781,65
TW,corr7,current24,31,-0.05710338561761789,-0.4377549233608714,-3.529293022722023,65
TW,corr7,current24,127,-0.05512395758034022,-0.4180954716131106,-3.3707934555413375,65
TW,corr31,current24,1,-0.01854855879097277,-0.10825758934645223,-0.8728005885205569,65
TW,corr31,current24,3,-0.03419064269737934,-0.2017613105569312,-1.6266516893444884,65
TW,corr31,current24,7,-0.045769169806420325,-0.30707971282032037,-2.475755794030921,65
TW,corr31,current24,31,-0.04514824509052797,-0.35230120135796616,-2.84034309038315,65
TW,corr31,current24,127,-0.0407317979376284,-0.32230540182327966,-2.598509223168214,65
TW,curvature,current24,1,-0.012319940975044621,-0.07412196716156419,-0.5975904040674516,65
TW,curvature,current24,3,-0.016442604988962644,-0.10195191904492054,-0.821962649273817,65
TW,curvature,current24,7,-0.02043513165411,-0.11870221770109557,-0.957007874400879,65
TW,curvature,current24,31,-0.03557919857062188,-0.21481446261621942,-1.731889565674204,65
TW,curvature,current24,127,-0.02298357100759217,-0.14896065653366522,-1.2009592073301814,65
TW,vma_3_7,current24,1,-0.02458931841001978,-0.18534540712641173,-1.4943024447164621,65
TW,vma_3_7,current24,3,-0.03149214471367076,-0.21466651921379265,-1.7306968078316791,65
TW,vma_3_7,current24,7,-0.029149042222022206,-0.19771764019517404,-1.5940505766388464,65
TW,vma_3_7,current24,31,-0.012827562224734747,-0.08832529331522482,-0.7121012804014133,65
TW,vma_3_7,current24,127,0.0010949885435115171,0.008436601000902698,0.06801805178883107,65
TW,factor,current24,1,-0.00852478733813448,-0.06189067711586222,-0.49897859112480386,65
TW,factor,current24,3,-0.0008326191651783644,-0.005367393206438499,-0.04327330746677378,65
TW,factor,current24,7,0.005527794832207085,0.03864947485833275,0.3116020281442632,65
TW,factor,current24,31,0.009890735060325355,0.07186970744314049,0.5794321057014094,65
TW,factor,current24,127,-0.00011438203817773624,-0.0008755375281202527,-0.007058809220013666,65
TW,overnight3,current24,1,0.03662834479773719,0.208633682033046,1.6820585195269808,65
TW,overnight3,current24,3,0.03841083706730201,0.2438338126059947,1.9658510449798574,65
TW,overnight3,current24,7,0.023652323935027503,0.13437334150062039,1.0833525136781437,65
TW,overnight3,current24,31,-0.0037489034854783065,-0.021526364929445457,-0.1735511024451238,65
TW,overnight3,current24,127,-0.03961562168604323,-0.2544564876931855,-2.0514937895092196,65
TW,overnight7,current24,1,0.042920663678099436,0.23761151240492998,1.9156852569715836,65
TW,overnight7,current24,3,0.06478955510195522,0.4082136990934564,3.2911240584778314,65
TW,overnight7,current24,7,0.06715179841529333,0.38484427433001706,3.1027137326055123,65
TW,overnight7,current24,31,0.03555700367896509,0.21737822796150755,1.7525593026940725,65
TW,overnight7,current24,127,-0.007817290972016852,-0.05249832035104341,-0.4232549900228592,65
TW,overnight31,current24,1,0.04422108196702322,0.2512182023862571,2.025385898702234,65
TW,overnight31,current24,3,0.046423886507551186,0.2830149548877993,2.2817395129285245,65
TW,overnight31,current24,7,0.05077585235286446,0.3233905520989385,2.6072579843862127,65
TW,overnight31,current24,31,0.05534376901528392,0.32550175686822136,2.624279061395608,65
TW,overnight31,current24,127,-0.009253924443448714,-0.060107270056685674,-0.4846003037435874,65
TW,alpha15_wq,current24,1,-0.014214466493394938,-0.09398746984491047,-0.7157872451330642,58
TW,alpha15_wq,current24,3,-0.009904106252320426,-0.06701879314800639,-0.5103999224440435,58
TW,alpha15_wq,current24,7,0.0018813544700195942,0.012681402629254192,0.09657868508850594,58
TW,alpha15_wq,current24,31,0.0018480831661531773,0.013109443685590628,0.09983854865355854,58
TW,alpha15_wq,current24,127,0.0036115629813348402,0.02867994420484604,0.2184199477529439,58
TW,alpha128_gtja,current24,1,0.050609398925552634,0.32951364265656236,2.656623918677949,65
TW,alpha128_gtja,current24,3,0.07243105330464482,0.5138143940502029,4.142504079618572,65
TW,alpha128_gtja,current24,7,0.0794935616963975,0.5325048289126656,4.293191182907532,65
TW,alpha128_gtja,current24,31,0.06789847068204641,0.4671449117757449,3.7662426845422416,65
TW,alpha128_gtja,current24,127,0.023841471430814436,0.1626502328625078,1.311328100158317,65
TW,alpha101_gtja,current24,1,-0.03533133175261819,-0.21462728439930373,-1.730380486644563,65
TW,alpha101_gtja,current24,3,-0.036139817568199145,-0.2418858498735405,-1.950146067346732,65
TW,alpha101_gtja,current24,7,-0.031240524646518997,-0.21173062063209613,-1.7070268367431778,65
TW,alpha101_gtja,current24,31,-0.029202381757222184,-0.179569789679818,-1.4477379282064535,65
TW,alpha101_gtja,current24,127,0.02549478957455304,0.18928931992998893,1.5260992862757163,65
TW,aplha22_3_7,current24,1,0.04177317419286176,0.39629204881881236,3.195008641178577,65
TW,aplha22_3_7,current24,3,0.031688255455078786,0.27097655476888893,2.184682828292721,65
TW,aplha22_3_7,current24,7,0.014352879084342308,0.13229368516665008,1.0665857882857934,65
TW,aplha22_3_7,current24,31,-0.01687020874380876,-0.11813730162235625,-0.9524533753679244,65
TW,aplha22_3_7,current24,127,-0.00951982183220144,-0.07285185681340169,-0.5873504470717843,65
TW,aplha22_7_31,current24,1,0.025157563968937542,0.18145320237267676,1.4629224867826978,65
TW,aplha22_7_31,current24,3,0.024928019992135505,0.19451589963260152,1.5682373189802044,65
TW,aplha22_7_31,current24,7,0.04120126005546941,0.3413915530634605,2.7523866938895596,65
TW,aplha22_7_31,current24,31,0.04681733968474647,0.3488426848064723,2.81245963851825,65
TW,aplha22_7_31,current24,127,0.042159696326116006,0.3485990350889747,2.8104952716954843,65
TW,mom1,new,1,-0.025307818819228632,-0.1439739497688784,-1.160755092077286,65
TW,mom1,new,3,-0.035628332540827076,-0.22196344813242366,-1.7895265295446958,65
TW,mom1,new,7,-0.04211490147088515,-0.24280822572840854,-1.957582499229485,65
TW,mom1,new,31,-0.031562263207066614,-0.17255717560413303,-1.391200426038935,65
TW,mom1,new,127,0.0009539520745830507,0.0056031375459341505,0.04517393909449012,65
TW,mom3,new,1,-0.045705666060140905,-0.2541572409046341,-2.049081184769567,65
TW,mom3,new,3,-0.06562413149886394,-0.432604253166322,-3.487766992037087,65
TW,mom3,new,7,-0.06721562791821656,-0.43179433510696247,-3.4812372238875287,65
TW,mom3,new,31,-0.030280227979142586,-0.19913390300550285,-1.6054688524550471,65
TW,mom3,new,127,0.007438278268096886,0.05470133952597315,0.4410162984355867,65
TW,mom7,new,1,-0.04762017252860964,-0.3041067808923578,-2.451787250559541,65
TW,mom7,new,3,-0.06719703648544924,-0.415539717118994,-3.350188304068397,65
TW,mom7,new,7,-0.07153510120685261,-0.3992739046528699,-3.2190491314810163,65
TW,mom7,new,31,-0.05074067360977934,-0.301507854020899,-2.4308340322528608,65
TW,mom7,new,127,-0.006915908640331489,-0.04569597282973058,-0.3684127110125353,65
TW,mom31,new,1,-0.03401123133189197,-0.19881504549711954,-1.6028981410374805,65
TW,mom31,new,3,-0.03142673505253272,-0.19605275622058102,-1.580627852914666,65
TW,mom31,new,7,-0.048949765614874394,-0.3102048936557108,-2.5009518074358814,65
TW,mom31,new,31,-0.06075419807260243,-0.3417989773860364,-2.7556714537910922,65
TW,mom31,new,127,-0.0012230707845131356,-0.008164703626531622,-0.06582594507556583,65
TW,mom127,new,1,-0.003882023715179887,-0.024828928767106007,-0.20017722333455315,65
TW,mom127,new,3,0.0057237436067796394,0.036351087858288375,0.2930718397445668,65
TW,mom127,new,7,-0.0003068199666725094,-0.0016705004572374405,-0.013468005254898824,65
TW,mom127,new,31,-0.0032165106014202995,-0.018170708177580493,-0.14649693279677015,65
TW,mom127,new,127,0.043683281486874524,0.25853361929222035,2.084364675334371,65
TW,ma127,new,1,0.017924797363626146,0.10648778993941269,0.8585320095382182,65
TW,ma127,new,3,0.01648229314208371,0.1033372584881996,0.8331316129344172,65
TW,ma127,new,7,0.01748780629932765,0.0954769764305075,0.769759993010977,65
TW,ma127,new,31,0.01841220039596732,0.09883169191153231,0.7968065738912063,65
TW,ma127,new,127,-0.04530199195528459,-0.27749525633888467,-2.2372382805342648,65
TW,std3,new,1,-0.06619126499535706,-0.36746549154594804,-2.962601506448655,65
TW,std3,new,3,-0.047930347181270615,-0.28815533754783423,-2.3231826028586107,65
TW,std3,new,7,-0.03812223615039483,-0.247574143957931,-1.9960065604032096,65
TW,std3,new,31,-0.02503928575481446,-0.13335680138797235,-1.0751569052784908,65
TW,std3,new,127,-0.037152939975242105,-0.26701958181990854,-2.152780692474996,65
TW,std7,new,1,-0.06617211620679445,-0.3250312004262167,-2.6204853140750446,65
TW,std7,new,3,-0.05215908589870049,-0.2752102520311829,-2.218815986849601,65
TW,std7,new,7,-0.04949247859527494,-0.26526426209826953,-2.1386288524484702,65
TW,std7,new,31,-0.03392190504743338,-0.16728828491485567,-1.3487212712543704,65
TW,std7,new,127,-0.04103531846338381,-0.2605045919725199,-2.100255165097801,65
TW,std31,new,1,-0.05446644412143971,-0.24515533613130724,-1.9765055082613672,65
TW,std31,new,3,-0.04600621499587417,-0.2133257066868393,-1.7198868316472338,65
TW,std31,new,7,-0.0489162059615576,-0.24046104734766377,-1.9386589421426867,65
TW,std31,new,31,-0.01854151686098566,-0.08789623444480238,-0.7086420971988738,65
TW,std31,new,127,-0.039133108540284976,-0.214283343859745,-1.7276075493645515,65
TW,std127,new,1,-0.052191314436448734,-0.23524316608278664,-1.8965910384852291,65
TW,std127,new,3,-0.04226756925357875,-0.1884646256502543,-1.5194503884289483,65
TW,std127,new,7,-0.034730022594201715,-0.16141415727463607,-1.301362540172515,65
TW,std127,new,31,-0.019449761579189623,-0.08068772883486848,-0.6505252669915307,65
TW,std127,new,127,-0.04202087187319055,-0.24502019763097155,-1.9754159868399421,65
TW,rsi7,new,1,-0.04610871464508112,-0.3488316426229099,-2.8123706135882656,65
TW,rsi7,new,3,-0.06396287110551152,-0.4471300518857014,-3.604877725312628,65
TW,rsi7,new,7,-0.06106116402062745,-0.3652430045852656,-2.9446832437294,65
TW,rsi7,new,31,-0.04168129030311836,-0.26768956283487605,-2.1581822521041305,65
TW,rsi7,new,127,-0.0015540211452226367,-0.011027982211886994,-0.08891043503588449,65
TW,rsi127,new,1,0.00017970703016188227,0.001326832223917239,0.010697263377968955,65
TW,rsi127,new,3,0.008416368521650362,0.05622648082001234,0.45331238065070417,65
TW,rsi127,new,7,0.00643752957805727,0.037835303322816614,0.3050379673736041,65
TW,rsi127,new,31,0.01568112260287949,0.10552680868621782,0.8507843309836783,65
TW,rsi127,new,127,0.05403236422628887,0.3706656147703329,2.988401724709961,65
TW,atr31,new,1,-0.052789563265914996,-0.21993078300375002,-1.7731386593613503,65
TW,atr31,new,3,-0.04135962901591007,-0.18081430421489927,-1.4577715251597827,65
TW,atr31,new,7,-0.03993908182560595,-0.18650237387476723,-1.503630208847915,65
TW,atr31,new,31,-0.02889609362805395,-0.11881540125591047,-0.9579203893926654,65
TW,atr31,new,127,-0.053386406584051756,-0.27910194957487316,-2.250191855525252,65
TW,atr127,new,1,-0.04608781484926687,-0.18548957978435587,-1.495464801845065,65
TW,atr127,new,3,-0.040417990712118164,-0.1600461415342384,-1.2903332446696996,65
TW,atr127,new,7,-0.03999623721997988,-0.16353031734259627,-1.3184235680770673,65
TW,atr127,new,31,-0.03665850854744485,-0.13859163229663335,-1.1173614613328757,65
TW,atr127,new,127,-0.07691443111842455,-0.4228233103447201,-3.4089105099879617,65
TW,obv127,new,1,0.030530534968145086,0.18825811311598206,1.517785431149391,65
TW,obv127,new,3,0.024621733846259403,0.15208172713035872,1.2261220829313604,65
TW,obv127,new,7,0.014472380920852748,0.08150962772420121,0.6571516276803715,65
TW,obv127,new,31,-0.006121981676116944,-0.03492482440788406,-0.28157293619042956,65
TW,obv127,new,127,-0.0353343533219576,-0.26732572084230166,-2.1552488641803413,65
TW,corr127,new,1,-0.034096513272354,-0.24012837067030884,-1.9359768170230036,65
TW,corr127,new,3,-0.03915552560963779,-0.2833994526996281,-2.2848394333911446,65
TW,corr127,new,7,-0.046529548782889334,-0.326641235625681,-2.6334658328369587,65
TW,corr127,new,31,-0.02703257537807857,-0.19325125878843186,-1.558041458535483,65
TW,corr127,new,127,-0.025250749630722963,-0.17512973981939037,-1.411941101816389,65
TW,overnight127,new,1,0.017794459781095274,0.10605505719198298,0.8550432065923106,65
TW,overnight127,new,3,0.016489733573729057,0.103191758193299,0.8319585520544752,65
TW,overnight127,new,7,0.017340611993413305,0.09434012352640819,0.7605943918762267,65
TW,overnight127,new,31,0.017909132848375618,0.09555790327943282,0.7704124461257706,65
TW,overnight127,new,127,-0.04626533704862714,-0.28483984131727297,-2.296452217684313,65
TW,vma3_7,new,1,-0.02458931841001978,-0.18534540712641173,-1.4943024447164621,65
TW,vma3_7,new,3,-0.03149214471367076,-0.21466651921379265,-1.7306968078316791,65
TW,vma3_7,new,7,-0.029149042222022206,-0.19771764019517404,-1.5940505766388464,65
TW,vma3_7,new,31,-0.012827562224734747,-0.08832529331522482,-0.7121012804014133,65
TW,vma3_7,new,127,0.0010949885435115171,0.008436601000902698,0.06801805178883107,65
TW,vma7_31,new,1,-0.04477414742177458,-0.30837538345559035,-2.4862018246493696,65
TW,vma7_31,new,3,-0.040942628273563944,-0.3346852478585692,-2.6983187327889695,65
TW,vma7_31,new,7,-0.027043816947735236,-0.23271895210583227,-1.876240174791165,65
TW,vma7_31,new,31,-0.022152753451378158,-0.17558415723422924,-1.4156047321401353,65
TW,vma7_31,new,127,-0.01293966154510327,-0.12363361149630964,-0.996766042236255,65
TW,vma31_127,new,1,-0.023294557001986696,-0.1878436475187812,-1.5144439026769552,65
TW,vma31_127,new,3,-0.025894677387925964,-0.23418484223201175,-1.88805855881911,65
TW,vma31_127,new,7,-0.0240809040966037,-0.16405397459300483,-1.3226454278016264,65
TW,vma31_127,new,31,0.00019517099119517985,0.0013083552295234592,0.010548297086752437,65
TW,vma31_127,new,127,0.018281258642716788,0.13279833461946103,1.0706544022468931,65
TW,rsv7,new,1,-0.03370613575831238,-0.21095007661537343,-1.7007338896964672,65
TW,rsv7,new,3,-0.06144894335634049,-0.43515170199736997,-3.5083051811135975,65
TW,rsv7,new,7,-0.0533204085728762,-0.3381101728505644,-2.7259313608430245,65
TW,rsv7,new,31,-0.022400667449876982,-0.15074200158363207,-1.2153208702616696,65
TW,rsv7,new,127,0.022670930618836266,0.16633979035835542,1.3410742636670072,65
TW,rsv31,new,1,-0.03692693323884074,-0.22729739955060688,-1.8325302206949914,65
TW,rsv31,new,3,-0.03664780119410929,-0.24701089550697466,-1.99146550621527,65
TW,rsv31,new,7,-0.03253393283132929,-0.22043303718869212,-1.777187962055515,65
TW,rsv31,new,31,-0.029164182933344312,-0.17771960616086133,-1.4328212717949709,65
TW,rsv31,new,127,0.025466455238637938,0.18717759485023305,1.509074014389178,65
TW,rsv127,new,1,-0.006694672085943184,-0.04585789234794341,-0.36971814790284746,65
TW,rsv127,new,3,-0.00920184691707421,-0.06048171533512855,-0.48761917809102734,65
TW,rsv127,new,7,-0.009032577167866242,-0.053130642271280046,-0.42835293232370597,65
TW,rsv127,new,31,-0.007209624852527388,-0.04333461139953063,-0.34937480652537245,65
TW,rsv127,new,127,0.04650036943648714,0.3248370720140981,2.618920200780276,65
TW,rank7,new,1,-0.04091194545595404,-0.2743046205510573,-2.211514552431855,65
TW,rank7,new,3,-0.06119187683944981,-0.4473666162200339,-3.6067849679500714,65
TW,rank7,new,7,-0.06107585622437006,-0.414265426105635,-3.3399146414723555,65
TW,rank7,new,31,-0.03040618605643317,-0.21612413405515057,-1.742448474380452,65
TW,rank7,new,127,0.015911772251610865,0.11625127843712096,0.9372477703292904,65
TW,rank31,new,1,-0.03695953794333547,-0.2394048118945037,-1.9301432996764192,65
TW,rank31,new,3,-0.0399701426141886,-0.25986391933744624,-2.095089897181555,65
TW,rank31,new,7,-0.040080192475098,-0.26186131474978414,-2.111193413821092,65
TW,rank31,new,31,-0.02779660970828249,-0.18670626496893095,-1.5052740314016457,65
TW,rank31,new,127,0.03160655742024395,0.24694873706275497,1.9909643688167373,65
TW,rank127,new,1,-0.011817981989551989,-0.07911086581775903,-0.6378121909138346,65
TW,rank127,new,3,-0.01008239648228195,-0.0651855620263695,-0.5255428025242932,65
TW,rank127,new,7,-0.009815034076080467,-0.05674230987406696,-0.45747112743855367,65
TW,rank127,new,31,0.0074327040163518,0.049251467820193476,0.3970780280484315,65
TW,rank127,new,127,0.060118488510381776,0.44067857820174555,3.5528642816162113,65
TW,maspread3_7,new,1,-0.039533031751479986,-0.25849528540549427,-2.0840556176590908,65
TW,maspread3_7,new,3,-0.07028292006605194,-0.5055916925071255,-4.07621054039095,65
TW,maspread3_7,new,7,-0.07504453530410997,-0.5059465436128483,-4.079071441467556,65
TW,maspread3_7,new,31,-0.0537354057445989,-0.36996698578114967,-2.982769197728733,65
TW,maspread3_7,new,127,-0.006533078753840462,-0.045548700856801475,-0.36722536640768044,65
TW,maspread7_31,new,1,-0.016103485441098925,-0.0931098153857144,-0.7506753305361233,65
TW,maspread7_31,new,3,-0.009142662110201599,-0.056446047374548954,-0.4550825828062843,65
TW,maspread7_31,new,7,-0.02284058745104807,-0.15368279621743236,-1.239030314584181,65
TW,maspread7_31,new,31,-0.03762463992492689,-0.227957120585193,-1.8378490617177987,65
TW,maspread7_31,new,127,0.015652017035182233,0.10426657867346471,0.840624031798721,65
TW,maspread31_127,new,1,-6.414307071658585e-06,-3.879680886898207e-05,-0.0003127898729132085,65
TW,maspread31_127,new,3,0.004018294326579824,0.026088506925878132,0.21033226710470135,65
TW,maspread31_127,new,7,0.004448891404027025,0.025003326979953812,0.20158326667737478,65
TW,maspread31_127,new,31,0.006165522463481415,0.03494526579842229,0.28173773994968243,65
TW,maspread31_127,new,127,0.050834518942583014,0.31616936315681016,2.5490388978856107,65
TW,skew31,new,1,-0.03463035768707958,-0.2503318853703834,-2.018240182473558,65
TW,skew31,new,3,-0.03329606305232359,-0.24866344249009975,-2.0047887659343977,65
TW,skew31,new,7,-0.03821615798869589,-0.2834374305681463,-2.2851456207558694,65
TW,skew31,new,31,-0.037959710678707057,-0.2919002945650787,-2.3533754115879346,65
TW,skew31,new,127,-0.014369806987394611,-0.11772723377147075,-0.9491473026597947,65
TW,skew127,new,1,-0.010173965034810608,-0.08367129752598548,-0.6745795667890697,65
TW,skew127,new,3,-0.011869853981442326,-0.11186155951371413,-0.9018567249262011,65
TW,skew127,new,7,-0.01530099168496129,-0.12919803807329644,-1.0416278835214052,65
TW,skew127,new,31,-0.006000952645829745,-0.04613334736801704,-0.37193893727274385,65
TW,skew127,new,127,-0.005693305281863664,-0.04124732411547122,-0.33254655844653946,65
TW,amihud7,new,1,-0.08013240415238071,-0.43881525012608286,-3.5378416504005776,65
TW,amihud7,new,3,-0.0589566505006125,-0.35917477077840776,-2.8957595787015733,65
TW,amihud7,new,7,-0.04751772463165862,-0.3219461941056821,-2.5956131979637647,65
TW,amihud7,new,31,-0.03257066938791592,-0.18923400462774578,-1.5256533200516067,65
TW,amihud7,new,127,-0.0335063397863736,-0.23165977548176797,-1.8677008198469862,65
TW,amihud31,new,1,-0.07308156965576014,-0.40971329244352156,-3.303214166583691,65
TW,amihud31,new,3,-0.06067724762596684,-0.36563616177126157,-2.9478529782984952,65
TW,amihud31,new,7,-0.05293321545114029,-0.3510912784671987,-2.8305883801822165,65
TW,amihud31,new,31,-0.039592112585725,-0.24553524545414487,-1.9795684351430658,65
TW,amihud31,new,127,-0.030901654016430753,-0.22318072422999805,-1.7993405231941835,65
TW,amihud127,new,1,-0.06849494710310036,-0.4300726162589643,-3.467356282764863,65
TW,amihud127,new,3,-0.05831343927412777,-0.39291140961850707,-3.167753056591714,65
TW,amihud127,new,7,-0.049558349016861174,-0.3540152784033451,-2.8541624213234376,65
TW,amihud127,new,31,-0.023703320280787175,-0.16226615340843312,-1.308231552603741,65
TW,amihud127,new,127,-0.004947587946403983,-0.034173652485829355,-0.2755167945415397,65
US,ma3,current24,1,-0.0009175259659469906,-0.006935592358764536,-0.08745449203640446,159
US,ma3,current24,3,0.005411935496964632,0.045498942373273454,0.5737198335222053,159
US,ma3,current24,7,0.012232139833083541,0.1057506684295262,1.333465191091752,159
US,ma3,current24,31,0.002227423461125449,0.021101547721611137,0.26608039251951976,159
US,ma3,current24,127,-0.0018356038075590792,-0.01808193589928652,-0.22800453621074987,159
US,ma7,current24,1,0.002595463075482863,0.018459294580338143,0.23276284812699058,159
US,ma7,current24,3,0.00316528214941579,0.025233114146721806,0.31817746286796816,159
US,ma7,current24,7,0.005734220413549853,0.04526908320409804,0.5708214196823632,159
US,ma7,current24,31,-0.005047313800360065,-0.04310946350222344,-0.5435896513993584,159
US,ma7,current24,127,-0.005350485772894008,-0.04954320410342537,-0.6247160335548886,159
US,ma31,current24,1,0.007105319226922545,0.04811395722113865,0.6066939161034434,159
US,ma31,current24,3,0.006260057870045703,0.04226612656076729,0.5329555771897663,159
US,ma31,current24,7,0.009439637710203364,0.06834489924604757,0.8617963884929146,159
US,ma31,current24,31,0.00024881671925576927,0.0019271270135904006,0.024300147030729403,159
US,ma31,current24,127,-0.010657952943130645,-0.08507837174994229,-1.0727974482630909,159
US,rsi3,current24,1,0.005455365509694866,0.04264386624820617,0.5377186934137483,159
US,rsi3,current24,3,-0.0021558101526661672,-0.019285811161035744,-0.24318482565760927,159
US,rsi3,current24,7,-0.006248169861512583,-0.056311566563998085,-0.710061836809839,159
US,rsi3,current24,31,-0.003755165822339255,-0.034913075602531145,-0.4402371325052679,159
US,rsi3,current24,127,-0.006221910756809433,-0.05847628626698561,-0.7373579136599631,159
US,rsi31,current24,1,-0.00962367271296585,-0.07302151888081027,-0.9207663183055863,159
US,rsi31,current24,3,-0.009257844697667406,-0.07212663948783522,-0.9094823185117433,159
US,rsi31,current24,7,-0.012225122931503398,-0.10157633720198647,-1.280828877102673,159
US,rsi31,current24,31,-0.009423970530023777,-0.08006000529335298,-1.009518254992896,159
US,rsi31,current24,127,0.004400145967576346,0.037201669781789494,0.4690952070677937,159
US,atr3,current24,1,-0.039862802143937164,-0.2125262050403487,-2.6798534782311365,159
US,atr3,current24,3,-0.056421157634440396,-0.29346072216673036,-3.7003989078590442,159
US,atr3,current24,7,-0.06430637064346209,-0.3282193224009105,-4.138688180084692,159
US,atr3,current24,31,-0.06225088348153779,-0.32177298676935806,-4.057402980639375,159
US,atr3,current24,127,-0.0649897612959382,-0.36164573895772734,-4.560179255303308,159
US,atr7,current24,1,-0.04425414150156725,-0.2316471057158063,-2.920958861787526,159
US,atr7,current24,3,-0.06046760054003453,-0.3047818885204315,-3.843153383829851,159
US,atr7,current24,7,-0.06700519271889196,-0.3254207690897369,-4.1033997655405186,159
US,atr7,current24,31,-0.06181251077201562,-0.2991313578407965,-3.7719029030112776,159
US,atr7,current24,127,-0.06667142641844788,-0.3432499817323742,-4.328217582738275,159
US,obv3,current24,1,0.0017287227804347958,0.012526264683060194,0.15795018771341457,159
US,obv3,current24,3,-0.0035822981028945738,-0.030865563511506072,-0.3891999469814553,159
US,obv3,current24,7,-0.0073989074810265915,-0.06055820430824432,-0.7636099012828546,159
US,obv3,current24,31,-0.002593379735657956,-0.021434924730676597,-0.27028411665385305,159
US,obv3,current24,127,-0.002869402587008323,-0.02569101195033315,-0.32395133447805635,159
US,obv7,current24,1,-0.013883458351030172,-0.10759457604594001,-1.3567159814516765,159
US,obv7,current24,3,-0.01004591105561446,-0.0782302880838789,-0.9864463988561075,159
US,obv7,current24,7,-0.006218356147488246,-0.04739772070968773,-0.5976625173350728,159
US,obv7,current24,31,0.006711368549530413,0.05491011031214153,0.6923901458745327,159
US,obv7,current24,127,0.006658573394978387,0.06797953643043632,0.8571893386844157,159
US,obv31,current24,1,-0.020040914652216787,-0.18038791772116874,-2.2746050946713554,159
US,obv31,current24,3,-0.027040365585576744,-0.2600731287374244,-3.279397373651506,159
US,obv31,current24,7,-0.02784665033178098,-0.28542669907452406,-3.599093731286815,159
US,obv31,current24,31,-0.023244846997570054,-0.22127782074209368,-2.7902071533179846,159
US,obv31,current24,127,-0.01446926231047255,-0.13264173706139717,-1.6725486645523073,159
US,corr3,current24,1,-0.00822812388128531,-0.11843479753167988,-1.4934059733886265,159
US,corr3,current24,3,-0.0063138220744510245,-0.08696619813221607,-1.0966020331888526,159
US,corr3,current24,7,-0.005567550598579904,-0.07711244556926396,-0.972350941073211,159
US,corr3,current24,31,-0.006670560545588008,-0.0857163919972757,-1.0808425774680928,159
US,corr3,current24,127,-8.201794313056937e-05,-0.0010810009719179644,-0.013630903605584109,159
US,corr7,current24,1,-0.020055932741107355,-0.2158059755644815,-2.7212098109489236,159
US,corr7,current24,3,-0.020664194396923186,-0.23016127277300052,-2.9022232212621963,159
US,corr7,current24,7,-0.01713637184332019,-0.21018899421483755,-2.650382371085002,159
US,corr7,current24,31,-0.016540312397540644,-0.20674268825443093,-2.6069261064173532,159
US,corr7,current24,127,-0.008761545797045897,-0.1082752543203097,-1.3652990079108354,159
US,corr31,current24,1,-0.01735393204062317,-0.18349770894832643,-2.3138180700081565,159
US,corr31,current24,3,-0.027143107951391996,-0.2908496213169594,-3.6674741789158882,159
US,corr31,current24,7,-0.02854426927782096,-0.291097456523771,-3.6705992619656524,159
US,corr31,current24,31,-0.033678194249187596,-0.3642933683622819,-4.593564591796355,159
US,corr31,current24,127,-0.03060007021709238,-0.33049362519567316,-4.167366047145548,159
US,curvature,current24,1,-0.001651115569101696,-0.013353621579135213,-0.16838276121777004,159
US,curvature,current24,3,-0.016346468435991756,-0.13127520445024615,-1.6553173439703863,159
US,curvature,current24,7,-0.01450472154325769,-0.123829616813617,-1.561432056169255,159
US,curvature,current24,31,-0.004642466909123825,-0.042506414150158205,-0.5359854884051045,159
US,curvature,current24,127,0.0016391421260619975,0.015927395853317507,0.2008368199515613,159
US,vma_3_7,current24,1,0.005047637746854079,0.06119740932035215,0.7716699698032269,159
US,vma_3_7,current24,3,0.005520758313122002,0.06569318769384318,0.8283595780765639,159
US,vma_3_7,current24,7,0.0023830347606720232,0.028552162461237707,0.3600290696775095,159
US,vma_3_7,current24,31,0.0005566213732451521,0.007149642308594813,0.09015355920536351,159
US,vma_3_7,current24,127,0.0016515762733764353,0.021863597538421667,0.275689475087843,159
US,factor,current24,1,0.011904038414337488,0.13458996962221417,1.6971149424073955,159
US,factor,current24,3,0.017824110957272758,0.20653175638576984,2.6042663567559226,159
US,factor,current24,7,0.017890209496753347,0.2028024547101082,2.557241651896596,159
US,factor,current24,31,0.025773191389317607,0.2775607259267379,3.4999075838855314,159
US,factor,current24,127,0.02056883137095921,0.22108274426334804,2.7877473325161763,159
US,overnight3,current24,1,0.0014658936266214305,0.011845676082014216,0.14936829199184337,159
US,overnight3,current24,3,0.007321031739930797,0.06605061631079082,0.8328665814466407,159
US,overnight3,current24,7,0.011400133612711978,0.10574024204713367,1.3333337194122257,159
US,overnight3,current24,31,-0.0019218734129529634,-0.01895512895298536,-0.23901508167114544,159
US,overnight3,current24,127,-0.0031244724615673955,-0.030745022335484262,-0.3876799805859193,159
US,overnight7,current24,1,0.003452342825995007,0.02504466894102991,0.3158012592377686,159
US,overnight7,current24,3,0.0035210702610865767,0.028598865510210274,0.36061797271753393,159
US,overnight7,current24,7,0.0038082107176105073,0.03035216248156497,0.38272620631707976,159
US,overnight7,current24,31,-0.0072359995765702,-0.061470949257280964,-0.7751191771669713,159
US,overnight7,current24,127,-0.007391091114402495,-0.06747529642650986,-0.8508311141627429,159
US,overnight31,current24,1,0.00680978609132345,0.04623188845729719,0.5829619319836821,159
US,overnight31,current24,3,0.006075594359651957,0.040989056846340896,0.5168523408124006,159
US,overnight31,current24,7,0.009120087556271772,0.06601530720275499,0.8324213505351626,159
US,overnight31,current24,31,-0.00023075392926664236,-0.0017826491166792894,-0.022478350069308796,159
US,overnight31,current24,127,-0.011377495003075635,-0.09142140832257185,-1.1527800961369445,159
US,alpha15_wq,current24,1,0.00382750378840666,0.03787932695367294,0.4715938174126165,155
US,alpha15_wq,current24,3,-0.0023983369702011478,-0.025028920482709827,-0.31160754705578103,155
US,alpha15_wq,current24,7,0.0007585195297807532,0.009119673005284941,0.11353901328228566,155
US,alpha15_wq,current24,31,0.006456195998140263,0.07503030761547472,0.9341197966188696,155
US,alpha15_wq,current24,127,0.006382693244272071,0.06459115663744605,0.8041534150541669,155
US,alpha128_gtja,current24,1,0.009473611069425448,0.07350132234982291,0.9268164098463297,159
US,alpha128_gtja,current24,3,0.011763074719504416,0.10082173891696203,1.2713137547750235,159
US,alpha128_gtja,current24,7,0.009429021062684536,0.0848559782135762,1.06999317247106,159
US,alpha128_gtja,current24,31,0.0007964875643423462,0.007178188592622391,0.09051351415081296,159
US,alpha128_gtja,current24,127,0.00045632809210786874,0.004492571597087967,0.05664917236146422,159
US,alpha101_gtja,current24,1,-0.0016689476455900775,-0.01298698542640087,-0.16375965523907965,159
US,alpha101_gtja,current24,3,0.0005611168271122444,0.004369943911514195,0.05510289608155834,159
US,alpha101_gtja,current24,7,-0.0009007593838740034,-0.0073131312346251965,-0.09221507612273197,159
US,alpha101_gtja,current24,31,0.004293157117684895,0.03504596823708128,0.4419128448667759,159
US,alpha101_gtja,current24,127,0.01580328475245122,0.13661501344880084,1.722649773470786,159
US,aplha22_3_7,current24,1,-0.0008876858506618209,-0.012531179997939405,-0.15801216747573682,159
US,aplha22_3_7,current24,3,0.0010160672008020196,0.014446809125173607,0.1821673316760519,159
US,aplha22_3_7,current24,7,-0.0032401169103264053,-0.04803605522439021,-0.6057116093008172,159
US,aplha22_3_7,current24,31,-0.00014528545756456893,-0.0019598904396552533,-0.024713278113938628,159
US,aplha22_3_7,current24,127,-0.0016814832414303509,-0.021751644892210382,-0.2742778059325521,159
US,aplha22_7_31,current24,1,0.013657190608326425,0.15724573394447425,1.9827932605680514,159
US,aplha22_7_31,current24,3,0.010699543643211842,0.1164717205203052,1.4686525141341817,159
US,aplha22_7_31,current24,7,0.003579894118284488,0.04346213569069054,0.5480366784883685,159
US,aplha22_7_31,current24,31,0.0014961535995711088,0.017732668854482752,0.22360044634959045,159
US,aplha22_7_31,current24,127,-0.004548896955971957,-0.053833605936311854,-0.6788159421882132,159
US,mom1,new,1,-0.00022807242239897065,-0.001842177906265182,-0.023228979544842678,159
US,mom1,new,3,-0.014782923870916372,-0.12702663177445414,-1.6017448809389339,159
US,mom1,new,7,-0.018272581733848405,-0.15977595576395123,-2.0146981437439138,159
US,mom1,new,31,-0.0061811153350431625,-0.06086677045434264,-0.7675007723391036,159
US,mom1,new,127,0.003131928349965415,0.03373431083933179,0.4253734743974296,159
US,mom3,new,1,0.0026724492944909736,0.01835710632962257,0.23147430331406976,159
US,mom3,new,3,-0.0009626293195321502,-0.007723291577415558,-0.09738700125568463,159
US,mom3,new,7,-0.004852984759264544,-0.03669273791795001,-0.4626778204437114,159
US,mom3,new,31,0.0007034628518373318,0.005727387057668547,0.07221960287087931,159
US,mom3,new,127,0.0008923612145666389,0.007519596267395902,0.09481850112671507,159
US,mom7,new,1,-0.010292106403551157,-0.07401500962080061,-0.9332937598728419,159
US,mom7,new,3,-0.005485979932639435,-0.03904215997435108,-0.4923029053525772,159
US,mom7,new,7,-0.0031910721478593637,-0.022696611714410172,-0.2861933841776177,159
US,mom7,new,31,0.007920641798043283,0.06300388084721552,0.7944487090352723,159
US,mom7,new,127,0.011810020979789794,0.1138125608332383,1.4351217863107337,159
US,mom31,new,1,-0.009389307133197208,-0.06503507821652443,-0.8200611333199999,159
US,mom31,new,3,-0.009891546114647308,-0.0716217097083838,-0.9031153962516459,159
US,mom31,new,7,-0.014147450024064232,-0.10854262589394799,-1.3686704351729873,159
US,mom31,new,31,-0.005290835318556596,-0.04294262416576093,-0.5414858874139246,159
US,mom31,new,127,0.0050825968438661185,0.039993301015641976,0.5042963375380712,159
US,mom127,new,1,0.01906182050344979,0.12053122147709774,1.5198408735032194,159
US,mom127,new,3,0.030493665289857613,0.20345131780139736,2.5654235041616236,159
US,mom127,new,7,0.026915241814899706,0.1797964869039316,2.2671474358268604,159
US,mom127,new,31,0.022241698465507442,0.14205771889713453,1.7912796778345108,159
US,mom127,new,127,0.04043005487491627,0.2962006335485857,3.7349478758101546,159
US,ma127,new,1,-0.011475618802896428,-0.07332812542679552,-0.9246324797446006,159
US,ma127,new,3,-0.020815215568510265,-0.13764038678117177,-1.7355792392311045,159
US,ma127,new,7,-0.017159326219235882,-0.1171388785501929,-1.4770650567972616,159
US,ma127,new,31,-0.017337264397724712,-0.11492094985169654,-1.4490980400427598,159
US,ma127,new,127,-0.03419215763223385,-0.2666950888958908,-3.362897114118829,159
US,std3,new,1,-0.02647333689353032,-0.18031093305254697,-2.273634354936284,159
US,std3,new,3,-0.03557614374679982,-0.24026555658486032,-3.029633392224908,159
US,std3,new,7,-0.04349703685265979,-0.3157015804480666,-3.980845459910209,159
US,std3,new,31,-0.037284727695462136,-0.2722228089922932,-3.4325990124057704,159
US,std3,new,127,-0.04364073476616642,-0.35400586041729915,-4.463844052423536,159
US,std7,new,1,-0.039184416506785655,-0.23068182570014686,-2.9087871439189423,159
US,std7,new,3,-0.046105321912230206,-0.2712226669948194,-3.419987701672836,159
US,std7,new,7,-0.04908105278937943,-0.2903667963061991,-3.661385987183404,159
US,std7,new,31,-0.04562583375239542,-0.2816497057519433,-3.5514676576416746,159
US,std7,new,127,-0.04838122844689272,-0.3220378853705501,-4.06074322490548,159
US,std31,new,1,-0.039940695353545844,-0.23253140130238772,-2.9321094048607192,159
US,std31,new,3,-0.047989848512841125,-0.2742591469466404,-3.4582762570014447,159
US,std31,new,7,-0.049266518819426355,-0.2782041617729426,-3.508021001193966,159
US,std31,new,31,-0.04660692105013351,-0.2558898137480976,-3.2266477787365853,159
US,std31,new,127,-0.059507037647912334,-0.34014109879674853,-4.289016060521906,159
US,std127,new,1,-0.04668048965985492,-0.2634062738469405,-3.3214267342825394,159
US,std127,new,3,-0.0571497964498478,-0.3119468574243449,-3.9335002040486797,159
US,std127,new,7,-0.055119145233596796,-0.2861114554333652,-3.6077281804345467,159
US,std127,new,31,-0.04899164179262676,-0.2437882532384604,-3.0740529068824585,159
US,std127,new,127,-0.056093346152581214,-0.3002405347212146,-3.7858890913046115,159
US,rsi7,new,1,-0.005295118706960386,-0.04485663959835397,-0.5656207036990444,159
US,rsi7,new,3,-0.004442907789517765,-0.03871337149604508,-0.4881570403896031,159
US,rsi7,new,7,-0.004872771333560192,-0.04094536885531274,-0.5163014562064693,159
US,rsi7,new,31,0.002282828162560529,0.020121157239136916,0.25371813891420814,159
US,rsi7,new,127,0.004512516131773473,0.04664699715659254,0.588196253518005,159
US,rsi127,new,1,0.018432138803329015,0.12363846232820969,1.5590216898217217,159
US,rsi127,new,3,0.026273043674373733,0.18398312304931888,2.3199389089262565,159
US,rsi127,new,7,0.02477587663895244,0.1749580490951478,2.206137056478052,159
US,rsi127,new,31,0.02493695052769645,0.16366817529576,2.0637771646033727,159
US,rsi127,new,127,0.04418610697799425,0.3385557434043754,4.269025489657118,159
US,atr31,new,1,-0.047882115800190764,-0.24585161690792098,-3.1000709327791234,159
US,atr31,new,3,-0.06543335589580708,-0.3294922486007409,-4.154739168731007,159
US,atr31,new,7,-0.06811154286171846,-0.31975754124347344,-4.0319891795426965,159
US,atr31,new,31,-0.06259420685081397,-0.28233140529559736,-3.5600635618165177,159
US,atr31,new,127,-0.07253352920114754,-0.34955851427396123,-4.407765151335271,159
US,atr127,new,1,-0.04676441849196472,-0.23660663847761182,-2.983496190394144,159
US,atr127,new,3,-0.06341450195517541,-0.31495485484708924,-3.9714296083511806,159
US,atr127,new,7,-0.06588241599443788,-0.31054780893626743,-3.9158588738594142,159
US,atr127,new,31,-0.058691492737676335,-0.256605476350432,-3.2356719407863506,159
US,atr127,new,127,-0.07116452988493398,-0.33154163577712303,-4.180580957755693,159
US,obv127,new,1,-0.033395426576120824,-0.21733705486893098,-2.7405159863859603,159
US,obv127,new,3,-0.04387781440981257,-0.29309171172006804,-3.695745863173077,159
US,obv127,new,7,-0.04288267362614056,-0.27365237686447524,-3.4506251773857897,159
US,obv127,new,31,-0.040602349770855826,-0.2343800561527017,-2.9554200555624632,159
US,obv127,new,127,-0.05179532787908877,-0.306987544894631,-3.870965652463072,159
US,corr127,new,1,-0.010750406586350132,-0.10399321649760038,-1.3113045654329007,159
US,corr127,new,3,-0.01791172240926286,-0.17389352544322062,-2.192713923971946,159
US,corr127,new,7,-0.019015690028919775,-0.18893359813589714,-2.3823620245940145,159
US,corr127,new,31,-0.021250916102315633,-0.21476966262171263,-2.70814240195017,159
US,corr127,new,127,-0.015436645062596148,-0.15066877536184634,-1.899860968380877,159
US,overnight127,new,1,-0.011880093682800873,-0.07566995270569052,-0.954161798152991,159
US,overnight127,new,3,-0.02143760546643984,-0.14124734278622722,-1.781061223883959,159
US,overnight127,new,7,-0.01783797039387444,-0.12119814305253869,-1.5282504345891734,159
US,overnight127,new,31,-0.01805577935156274,-0.11920078577602372,-1.503064717638538,159
US,overnight127,new,127,-0.03468414964869301,-0.26980354304454446,-3.402093229537208,159
US,vma3_7,new,1,0.005047637746854079,0.06119740932035215,0.7716699698032269,159
US,vma3_7,new,3,0.005520758313122002,0.06569318769384318,0.8283595780765639,159
US,vma3_7,new,7,0.0023830347606720232,0.028552162461237707,0.3600290696775095,159
US,vma3_7,new,31,0.0005566213732451521,0.007149642308594813,0.09015355920536351,159
US,vma3_7,new,127,0.0016515762733764353,0.021863597538421667,0.275689475087843,159
US,vma7_31,new,1,0.0045942543819352645,0.05767402953768993,0.7272418412159593,159
US,vma7_31,new,3,0.005632373196206486,0.0779551186223907,0.9829766439694941,159
US,vma7_31,new,7,-0.0005416231219678487,-0.007351267888970851,-0.0926959610365566,159
US,vma7_31,new,31,0.004698273945736309,0.06286134646841929,0.7926514189048055,159
US,vma7_31,new,127,0.009391966190370428,0.10991487782844168,1.3859738736782021,159
US,vma31_127,new,1,-0.008843825138286432,-0.09934335306233755,-1.2526720184586435,159
US,vma31_127,new,3,-0.013326507763724117,-0.1539667880062048,-1.9414473254823759,159
US,vma31_127,new,7,-0.012689751438673623,-0.16421982261855347,-2.070733172670539,159
US,vma31_127,new,31,-0.013072323634212306,-0.16560586426939072,-2.0882104928827183,159
US,vma31_127,new,127,-0.01447103906382452,-0.19031297995378335,-2.399755367507983,159
US,rsv7,new,1,0.006533603781195165,0.05553034165740644,0.7002109655593363,159
US,rsv7,new,3,0.0035055694855578375,0.03259619766373827,0.4110224133051943,159
US,rsv7,new,7,0.002326487975593994,0.0209744969455217,0.264478343190353,159
US,rsv7,new,31,0.007083886445627771,0.06533171622966967,0.8238015963426746,159
US,rsv7,new,127,0.0030291778383486545,0.030220267980104354,0.3810630799349394,159
US,rsv31,new,1,-0.0008550177313024807,-0.006665855127432295,-0.08405323496574389,159
US,rsv31,new,3,0.0016420750963404343,0.012822884034259189,0.16169041541790105,159
US,rsv31,new,7,-0.00040953882027587097,-0.0033207742223387952,-0.04187336967911972,159
US,rsv31,new,31,0.004914783442677012,0.039952842235199085,0.5037861717282864,159
US,rsv31,new,127,0.016703441952475855,0.1433216314919628,1.8072170092463602,159
US,rsv127,new,1,0.016542883621452356,0.11343126572272276,1.4303138379076012,159
US,rsv127,new,3,0.026604513376148903,0.1823636454106659,2.299518072907292,159
US,rsv127,new,7,0.021808934622572947,0.1521075466523847,1.9180031840506875,159
US,rsv127,new,31,0.021231021941982984,0.1367688196740598,1.7245891961770612,159
US,rsv127,new,127,0.03806419743175539,0.29041502990541856,3.6619941897277037,159
US,rank7,new,1,0.00377790813323875,0.03244397413564202,0.40910294765078276,159
US,rank7,new,3,-0.003384058007584227,-0.03245314175528005,-0.409218546935913,159
US,rank7,new,7,-0.009751172156134798,-0.09268801460202958,-1.1687513936195764,159
US,rank7,new,31,-0.0028496120333825798,-0.026565576182766965,-0.3349791698444261,159
US,rank7,new,127,-0.003590559372608846,-0.03697996462266536,-0.4662996113825096,159
US,rank31,new,1,-0.008638949240301355,-0.06685003066832916,-0.8429468129465175,159
US,rank31,new,3,-0.009577618297650883,-0.07691196400105985,-0.9698229646866234,159
US,rank31,new,7,-0.01190456315709943,-0.10101405502642878,-1.2737387686446147,159
US,rank31,new,31,-0.006777018594306198,-0.05874629512779312,-0.7407625958479825,159
US,rank31,new,127,0.0031679679457548094,0.028872728561909658,0.36407125440350885,159
US,rank127,new,1,0.005248363570882563,0.03742054022065004,0.4718550582906161,159
US,rank127,new,3,0.011863598595052727,0.08795004900598762,1.1090079206681727,159
US,rank127,new,7,0.008539683311956562,0.0654438027794235,0.825214953957392,159
US,rank127,new,31,0.009999689716483916,0.07459835634489984,0.9406494821815109,159
US,rank127,new,127,0.027861478440570745,0.2347736273702145,2.960382799784914,159
US,maspread3_7,new,1,-0.007626627886900036,-0.05559904542148243,-0.701077287061156,159
US,maspread3_7,new,3,-0.005791909098959064,-0.045311492513214466,-0.5713561807228827,159
US,maspread3_7,new,7,-0.0025951767939623623,-0.01990432365582595,-0.25098397146260903,159
US,maspread3_7,new,31,0.00490521793332848,0.040044012422633654,0.5049357840495583,159
US,maspread3_7,new,127,0.006161752945994149,0.054965207962042135,0.6930849008046387,159
US,maspread7_31,new,1,-0.010165084136236307,-0.06591018540071938,-0.8310958150475762,159
US,maspread7_31,new,3,-0.011100748193648913,-0.07312299213103807,-0.9220458473054044,159
US,maspread7_31,new,7,-0.013876664463380586,-0.10033000368942403,-1.2651132094839792,159
US,maspread7_31,new,31,-0.003609917187522921,-0.028668653522664317,-0.3614979660711926,159
US,maspread7_31,new,127,0.008245865026901554,0.06698043260618235,0.844591118817681,159
US,maspread31_127,new,1,0.02121173131211198,0.13250529109062717,1.6708281463259118,159
US,maspread31_127,new,3,0.03283377733997354,0.21296615621180337,2.6854010514202917,159
US,maspread31_127,new,7,0.028713207777618575,0.1939994546288237,2.4462400444373165,159
US,maspread31_127,new,31,0.019681240047436457,0.12795086704998593,1.6133990443272441,159
US,maspread31_127,new,127,0.03902887281602455,0.29752778926167056,3.7516826725999883,159
US,skew31,new,1,-0.021070084318649936,-0.22299518915568417,-2.811862345042182,159
US,skew31,new,3,-0.026059320494074806,-0.26917231207967623,-3.394133709926682,159
US,skew31,new,7,-0.02309735149628077,-0.24592951468412758,-3.1010531863627415,159
US,skew31,new,31,-0.01936464400593516,-0.23014271992075683,-2.9019892786968224,159
US,skew31,new,127,-0.013959192522959634,-0.16498305245750314,-2.0803571347518774,159
US,skew127,new,1,-0.013705891402171745,-0.15694283955125704,-1.9789739075943995,159
US,skew127,new,3,-0.014815753713574943,-0.1772168894402676,-2.2346199494675956,159
US,skew127,new,7,-0.017618716334505062,-0.2034294516363412,-2.5651477823113695,159
US,skew127,new,31,-0.023117557079337974,-0.23333812282989871,-2.9422817762680653,159
US,skew127,new,127,-0.013802422376187487,-0.1388379753441417,-1.7506802564226338,159
US,amihud7,new,1,-0.028961738109220335,-0.1855407382157352,-2.3395796888511313,159
US,amihud7,new,3,-0.03799394292246273,-0.24451442607344667,-3.08320959792329,159
US,amihud7,new,7,-0.03999422478859137,-0.2591389707024385,-3.2676180890272915,159
US,amihud7,new,31,-0.03394657284508601,-0.23316780069098833,-2.9401340958147673,159
US,amihud7,new,127,-0.040236583854515506,-0.298255592692208,-3.760859924668382,159
US,amihud31,new,1,-0.03262131286881591,-0.21646900708351752,-2.72957032029001,159
US,amihud31,new,3,-0.04246625386322617,-0.27933015853554155,-3.5222192801316377,159
US,amihud31,new,7,-0.04460443516739029,-0.2841450924754425,-3.582933286970687,159
US,amihud31,new,31,-0.03526085209403825,-0.23129022777213712,-2.9164588021432847,159
US,amihud31,new,127,-0.03748624740031514,-0.2542492455122961,-3.205961000406574,159
US,amihud127,new,1,-0.032278845379188896,-0.23337672037179893,-2.9427684727528254,159
US,amihud127,new,3,-0.041548994334719556,-0.3075284345305345,-3.8777860112599565,159
US,amihud127,new,7,-0.041948557838518745,-0.2927800732865398,-3.691816252046381,159
US,amihud127,new,31,-0.031498840071067805,-0.21911686658796684,-2.762958558232332,159
US,amihud127,new,127,-0.029957953022754787,-0.21069354443576263,-2.656744507294189,159
